mfcc_1,mfcc_2,mfcc_3,mfcc_4,mfcc_5,mfcc_6,mfcc_7,mfcc_8,mfcc_9,mfcc_10,mfcc_11,mfcc_12,mfcc_13,mfcc_14,mfcc_15,mfcc_16,mfcc_17,mfcc_delta_1,mfcc_delta_2,mfcc_delta_3,mfcc_delta_4,mfcc_delta_5,mfcc_delta_6,mfcc_delta_7,mfcc_delta_8,mfcc_delta_9,mfcc_delta_10,mfcc_delta_11,mfcc_delta_12,mfcc_delta_13,mfcc_delta_14,mfcc_delta_15,mfcc_delta_16,mfcc_delta_17,chroma_1,chroma_2,chroma_3,chroma_4,chroma_5,chroma_6,chroma_7,chroma_8,chroma_9,chroma_10,chroma_11,chroma_12,contrast_1,contrast_2,contrast_3,contrast_4,contrast_5,contrast_6,contrast_7,spectral_centroid,zero_crossing_rate,Person,Language
-1.0,0.20902734994888306,-0.050143346190452576,0.10698073357343674,-0.058943506330251694,0.07438845187425613,-0.04385999217629433,0.03584272041916847,-0.02771194465458393,0.010939323343336582,-0.04334559664130211,-0.012665017507970333,-0.0064968387596309185,-0.017324665561318398,-0.01218381430953741,-0.01933986507356167,-0.0038299085572361946,1.2364395063357847e-09,-0.00011395527690183371,-0.0006280457018874586,-8.113716467050835e-05,0.00020753592252731323,-0.0003242234524805099,-0.00024449388729408383,-0.0002679591707419604,-0.0002558259293437004,-5.8481724408920854e-05,-6.356488302117214e-05,-0.00012222198711242527,0.0001414137805113569,-0.00010086470865644515,-0.00012644557864405215,3.445968104642816e-05,7.340742740780115e-05,0.5436810851097107,0.4066588282585144,0.4183494448661804,0.40507838129997253,0.29881739616394043,0.2740069627761841,0.4325982928276062,0.6196350455284119,0.6065388321876526,0.5799576640129089,0.5188136100769043,0.5159438848495483,24.335419867513483,14.27839452344608,16.444198502629078,15.972724047357296,17.495930047406777,17.4016897836342,64.75751861596603,2697.878325408212,0.16136030717329544,MariamB,German
-1.0,0.29321861267089844,-0.09106947481632233,0.0629512295126915,-0.09073073416948318,0.01774250902235508,-0.04362839460372925,-0.004440722055733204,-0.054149772971868515,-0.04131324961781502,-0.03159637004137039,-0.026716992259025574,-0.031396083533763885,-0.018951084464788437,-0.03454071655869484,-0.03214482218027115,-0.011662960052490234,1.648586045455147e-09,-0.00019886228255927563,0.0004482245713006705,-0.0008832391467876732,5.237910590949468e-05,1.2099291780032218e-05,0.00031505795777775347,9.012937516672537e-05,-9.632014553062618e-05,-0.0001095675615943037,-5.540034544537775e-05,-0.00033994659315794706,5.7522996939951554e-05,-0.00019582363893277943,-0.00011401760275475681,-0.00014785153325647116,-0.00021056528203189373,0.44872087240219116,0.32743677496910095,0.2673691511154175,0.26301446557044983,0.364682674407959,0.2467006891965866,0.2371278554201126,0.23295199871063232,0.22688980400562286,0.298132061958313,0.32189130783081055,0.4652438759803772,20.884074104362327,18.73135118569668,18.973592764687446,17.758910806355484,18.01318725339642,19.552157402255776,58.31343138001428,2008.9171452101705,0.11037375710227272,MariamB,German
-1.0,0.2764357328414917,-0.11623762547969818,0.07803814858198166,-0.099862240254879,0.03585321083664894,-0.07041574269533157,-0.010068435221910477,-0.053981974720954895,-0.026117723435163498,-0.04477887600660324,-0.03148578479886055,-0.032791510224342346,-0.01576714776456356,-0.04291939735412598,-0.03769360110163689,-0.024882230907678604,1.05127240246361e-09,-0.0011695479042828083,-0.0004593413323163986,0.0004477958136703819,-0.00010704302258091047,-0.0003254890034440905,-0.0004237667890265584,0.0002502524002920836,-0.0002670790418051183,-0.00014030771853867918,8.439136581728235e-05,-3.4433064683980774e-06,-3.897130591212772e-05,2.3521617549704388e-05,2.0655961634474806e-05,-5.269575922284275e-06,-3.534018469508737e-05,0.4259766936302185,0.4587416648864746,0.32012975215911865,0.24241165816783905,0.2991185486316681,0.2636229693889618,0.20355522632598877,0.24637369811534882,0.2789057493209839,0.32182735204696655,0.2910366654396057,0.36864784359931946,20.69714063274041,19.61784525735872,19.493012080700353,18.494327581411618,19.952008569764228,19.674809803315384,60.579689169936884,2245.440591722839,0.12775041515700483,MariamB,German
-1.0,0.2454775869846344,-0.07544004172086716,0.03495234251022339,-0.07973570376634598,0.0449882447719574,-0.07521908730268478,0.01189464796334505,-0.034536655992269516,-0.009956578724086285,-0.04013312608003616,-0.03939594700932503,-0.02644643746316433,-0.01024337112903595,-0.018059255555272102,-0.016477664932608604,-0.013900895603001118,1.4039571727408884e-09,-0.0012613451108336449,1.3574476724897977e-05,6.970993854338303e-05,-0.0002400205994490534,-0.00016521818179171532,0.0005122857983224094,-0.00035678630229085684,-0.0002194154221797362,1.4274904060584959e-05,0.00012579909525811672,0.00013311656948644668,0.00013544713146984577,9.37318109208718e-05,0.00010509612184250727,0.000139245530590415,0.0002457454102113843,0.5047788023948669,0.3586350977420807,0.2983768582344055,0.3686901330947876,0.3885849714279175,0.2727503478527069,0.24946030974388123,0.3493417501449585,0.45781758427619934,0.5213633179664612,0.4703470468521118,0.5567224025726318,21.579364156341356,15.081348298056817,16.42133853423224,16.85268168256736,17.87455072675922,17.355867485856628,61.57537838919843,2328.229883548314,0.14690020161290324,MariamB,German
-1.0,0.29917728900909424,-0.08954392373561859,0.07909569889307022,-0.08191081136465073,0.02905137464404106,-0.06773950159549713,0.018372703343629837,-0.05696716159582138,-0.030511464923620224,-0.056070923805236816,-0.025738734751939774,-0.03582089766860008,-0.009127230383455753,-0.04539928957819939,-0.03606179729104042,-0.011629541404545307,1.8134447277162735e-09,7.861835911171511e-05,0.0007174156489782035,-0.0003566573723219335,0.0001355659478576854,5.7081364502664655e-05,0.00020491536997724324,-0.00020535265502985567,7.390134851448238e-05,-0.00023561179114039987,-0.00012013965169899166,3.3066444302676246e-05,0.00013944742386229336,0.00019983164384029806,-0.00025585826369933784,-0.00017952267080545425,2.2856596842757426e-05,0.3160528540611267,0.2198353111743927,0.22573833167552948,0.27574023604393005,0.3302147090435028,0.20749302208423615,0.14165398478507996,0.21358832716941833,0.3178462088108063,0.322338730096817,0.3809460997581482,0.4620439112186432,22.24519899552236,19.928704833627275,19.30043800817019,18.365813313423747,18.590095724646925,18.63232842024515,60.630967441809325,2057.865861926749,0.0994140625,MariamB,German
-1.0,0.2853456735610962,-0.06558581441640854,0.1346854865550995,-0.048593513667583466,0.057072628289461136,-0.057654984295368195,0.015861062332987785,-0.015241282992064953,0.002127500483766198,-0.033831436187028885,-0.02386965975165367,-0.01877039484679699,0.0031870887614786625,-0.03565404936671257,-0.016896752640604973,-0.0030603527557104826,1.8134447277162735e-09,-5.618203431367874e-05,-0.0006645846297033131,8.326796523761004e-05,-0.0002059254766209051,0.0011202591704204679,-0.0002732587745413184,-1.3001728802919388e-05,-0.00028031872352585196,0.00020965813018847257,0.00011922272824449465,-2.696438787097577e-05,-1.73422977240989e-05,-0.000331595481839031,0.0001903143129311502,-0.000533027749042958,0.00013107927225064486,0.3577766716480255,0.30448541045188904,0.364164263010025,0.31153604388237,0.23810985684394836,0.27558618783950806,0.5233056545257568,0.5444924831390381,0.4912540018558502,0.43600207567214966,0.3708104193210602,0.4404360353946686,20.952565032547817,16.12820789169199,16.31417931582866,14.726536403263998,17.138817774403865,17.12159578593602,55.17188103268033,2536.718415465341,0.11417643229166667,MariamB,German
-1.0,0.3106164336204529,-0.048923756927251816,0.07190018147230148,-0.06208205223083496,0.07745674252510071,-0.03682200610637665,0.04291297495365143,-0.016055667772889137,0.026142748072743416,-0.01724485494196415,-0.03005659207701683,-0.013681265525519848,-0.002628110582008958,-0.03155821934342384,-0.030052445828914642,0.009715269319713116,1.351635803281681e-09,-0.0009657586924731731,-1.3127599629569886e-07,-6.754139758413658e-05,-8.187237108359113e-05,0.00039795011980459094,-0.00012555475404951721,-3.0803788831690326e-05,-0.0002778872149065137,0.00018427218310534954,0.00023926005815155804,-0.0003256825730204582,0.0001365559292025864,1.9782968593062833e-05,-0.00027100523584522307,4.131539026275277e-05,-9.381322161061689e-05,0.390074759721756,0.24427740275859833,0.24980692565441132,0.1998366415500641,0.15225593745708466,0.23499470949172974,0.4694672226905823,0.6269853711128235,0.5647321939468384,0.4900560975074768,0.39968398213386536,0.4594171643257141,23.55957104877969,17.209027377532088,17.766250944334896,17.776721504669386,18.45197889678455,18.590961672379226,61.48848777557745,2226.6889908546996,0.11710561432453416,MariamB,German
-1.0,0.22559016942977905,-0.08816889673471451,0.10870587080717087,-0.08278734982013702,-0.051982298493385315,-0.13501736521720886,0.05041222274303436,-0.054449040442705154,-0.021540846675634384,-0.06198381632566452,-0.0026791037525981665,-0.055366043001413345,0.017134539783000946,-0.05813736468553543,-0.04508259892463684,-0.004032445605844259,1.5112039397635613e-09,-0.0006954852142371237,0.0009235350880771875,-0.0012116130674257874,0.0008567317272536457,0.00112113356590271,0.0014827349223196507,-0.00030273490119725466,0.000693906971719116,0.0001628308091312647,0.0003350302577018738,-0.00011815366451628506,0.0006116407457739115,-0.0006114527932368219,9.871152724372223e-05,0.00019294126832392067,-0.0001887428225018084,0.30270180106163025,0.29337969422340393,0.44793108105659485,0.48722347617149353,0.2846304178237915,0.19038549065589905,0.20686472952365875,0.15653982758522034,0.09307575970888138,0.11634290218353271,0.1408269852399826,0.24811702966690063,20.94347251291486,20.294750363631092,21.92432532138575,20.37349915980254,21.200321520622627,21.850574587455796,62.69201839605127,2509.2263492103925,0.15913560655381945,MariamB,German
-1.0,0.28287601470947266,-0.10938410460948944,0.07482748478651047,-0.09066233783960342,0.031761229038238525,-0.080548956990242,-0.0032085925340652466,-0.04302157461643219,-0.026879411190748215,-0.0556630939245224,-0.052730873227119446,-0.03094486892223358,-0.014588438905775547,-0.030296124517917633,-0.02358957566320896,-0.008301086723804474,1.1513935360696337e-09,-0.0005017627263441682,0.0007063326775096357,-0.00020627440244425088,0.00020773953292518854,-0.0003006220795214176,0.0002021452964982018,-5.825523840030655e-05,-0.00024341764219570905,-8.298401371575892e-05,3.801581988227554e-05,5.7887158618541434e-05,-0.0001447286194888875,-9.779635729501024e-05,1.2028666787955444e-05,-6.962942279642448e-05,4.821663878828986e-06,0.41556164622306824,0.3522656559944153,0.25567567348480225,0.2425163984298706,0.2087167352437973,0.22071336209774017,0.24562968313694,0.25648587942123413,0.34824591875076294,0.34715181589126587,0.4154466986656189,0.41345730423927307,20.701469527355297,18.399713922786802,19.199706655426436,18.91625167595581,19.868292819736567,18.841737242853167,60.288915680027394,2180.5093658052365,0.11560123181216932,MariamB,German
-1.0,0.24602070450782776,-0.09385570883750916,0.09968937188386917,-0.10616131126880646,0.03516973555088043,-0.08557447791099548,0.016516000032424927,-0.07742475718259811,-0.03413781896233559,-0.05303649976849556,-0.021430935710668564,-0.038398388773202896,-0.020515842363238335,-0.04364462569355965,-0.03821036219596863,-0.014745091088116169,1.303073982050762e-09,0.00041107123252004385,-0.0008206374477595091,0.00027776535716839135,-0.00012133243581047282,-0.0001687955082161352,3.83177466574125e-05,-0.00017910139285959303,0.00024474383099004626,-5.616757334792055e-05,0.00014940756955184042,9.646440594224259e-05,-1.3764411960437428e-05,0.00021710949658881873,0.00016009158571250737,0.0001655315572861582,-0.00013142399257048965,0.3368203341960907,0.46498313546180725,0.3133963942527771,0.20111607015132904,0.21872402727603912,0.27430179715156555,0.2332199513912201,0.25437286496162415,0.21308709681034088,0.1971992403268814,0.25029075145721436,0.2334928959608078,21.061281771997322,21.44643678053458,19.920259839297277,18.037953488052523,19.570102050588307,19.663235266421573,61.62699483684822,2488.6087887758763,0.13407852264221556,MariamB,German
-1.0,0.2380259782075882,-0.10836217552423477,0.08672379702329636,-0.10170023888349533,0.04019537195563316,-0.09524934738874435,0.00804583914577961,-0.057981085032224655,-0.01888200081884861,-0.030279189348220825,-0.017413485795259476,-0.03247493878006935,-0.005827727261930704,-0.02323509007692337,-0.030274176970124245,-0.007941527292132378,1.8599430884336243e-09,-0.0017933646449819207,0.00038869577110745013,-0.00035153431235812604,-0.0007081003277562559,0.000530318939127028,-0.0010712071089074016,0.000534975784830749,-0.0005668667145073414,0.00015077381976880133,-0.00023077227524481714,-0.00013827109069097787,-0.0002931515919044614,-7.92134742368944e-05,-0.0004775049746967852,-0.00013698132534045726,2.1520836526178755e-05,0.42566508054733276,0.3905978500843048,0.4135800302028656,0.23090830445289612,0.1867123395204544,0.26325488090515137,0.2802619934082031,0.2893071174621582,0.29844725131988525,0.30439093708992004,0.30378928780555725,0.38457566499710083,22.059881097953504,17.52628198044618,18.981942029166664,16.56039230086695,17.53532307525603,18.704517387868083,60.5831047008298,2673.7533231170523,0.18542167467948717,MariamB,German
-1.0,0.2613334655761719,-0.1028498187661171,0.05671492591500282,-0.07627331465482712,0.021389195695519447,-0.035548023879528046,-0.015582048334181309,-0.036552004516124725,-0.012978834100067616,-0.04249926656484604,-0.013905635103583336,-0.025261009112000465,-0.006301610730588436,-0.02447972074151039,-0.02956629917025566,-0.008975563570857048,1.648586045455147e-09,-0.0003898257273249328,0.0009693177998997271,-6.384532025549561e-05,0.0006856682593934238,3.075018321396783e-05,0.0001791644172044471,-2.3244287149282172e-05,2.6498240913497284e-05,-0.00010929545533144847,5.366207187762484e-05,-0.00013627461157739162,0.00010427674715174362,-0.00026587260072119534,-6.039045547368005e-05,0.00017660966841503978,-0.0003176090831402689,0.4891664981842041,0.36946865916252136,0.21825271844863892,0.2295684665441513,0.26025551557540894,0.21309632062911987,0.16065102815628052,0.2803070545196533,0.41597163677215576,0.4501107633113861,0.3815741539001465,0.3847055435180664,22.01471065899383,17.639124390379738,18.292291370710558,17.899685430888336,18.870800585295072,21.480942753102358,59.07184714882817,2304.7691651081427,0.14711322206439395,MariamB,German
-1.0,0.2958728075027466,-0.049224767833948135,0.12130046635866165,-0.05073040351271629,0.07727990299463272,-0.03492726385593414,0.046021025627851486,-0.010375446639955044,-0.006548316217958927,-0.040549151599407196,-0.014739415608346462,-0.003910452593117952,-0.009874803945422173,-0.028624800965189934,-0.017762549221515656,-0.006086430046707392,1.3686375366361858e-09,-0.0008737237076275051,0.0006409083143807948,2.9625593015225604e-05,-4.664541484089568e-05,0.00012796685041394085,-8.665241330163553e-05,0.0002766969264484942,-7.258586265379563e-05,4.930199065711349e-05,7.003974315011874e-05,0.0001143097979365848,-5.493889329954982e-05,-3.804145671892911e-05,-2.2130356228444725e-05,9.355178917758167e-05,-1.821927071432583e-05,0.5395584106445312,0.3583717346191406,0.2706107497215271,0.19428642094135284,0.14881858229637146,0.1608007848262787,0.28569066524505615,0.4047727882862091,0.37970414757728577,0.4560202360153198,0.41440731287002563,0.4103432297706604,22.95784032883696,17.503304799852987,17.91075707828971,17.751714330894636,18.649976942089626,18.54326427990253,60.834245658331184,2040.5051255750795,0.10644224154874214,MariamB,German
-1.0,0.23148681223392487,-0.07870195806026459,0.07552509009838104,-0.07592622190713882,-0.04505232349038124,-0.07296498119831085,0.03557734936475754,-0.06926331669092178,-0.005295628681778908,-0.04142240434885025,-0.010645688511431217,-0.033715035766363144,-0.009711324237287045,-0.012520693242549896,-0.039765652269124985,-0.0048973471857607365,7.181958916469e-10,-0.0005112525541335344,-0.00031670936732552946,-2.971564572362695e-05,-8.616520062787458e-05,0.00012442869774531573,3.1015744752949104e-05,0.0002524767187424004,0.00012670432624872774,0.00012188873370178044,0.00010588617442408577,0.00016342061280738562,0.00021775689674541354,3.8602393033215776e-05,-7.61424598749727e-05,0.00018982232722919434,0.00010850098624359816,0.4087991714477539,0.39127057790756226,0.30474746227264404,0.25752925872802734,0.3032069802284241,0.2749682366847992,0.2768726050853729,0.2866048216819763,0.35939958691596985,0.3554239869117737,0.3058803081512451,0.3459550738334656,21.9254532684319,17.854287608171838,20.303564201629793,18.51264804735649,18.89641526312862,19.93896150297613,63.10447650346671,2391.686928529593,0.14012060385726072,MariamB,German
-1.0,0.2551822066307068,-0.08436989039182663,0.0719967633485794,-0.05444443225860596,-0.019572904333472252,-0.09902876615524292,0.01590636372566223,-0.03824041038751602,-0.021588217467069626,-0.04163440689444542,-0.0162563007324934,-0.04498472064733505,0.002763100666925311,-0.029934141784906387,-0.03357253596186638,-0.0021641524508595467,7.427077286514816e-10,-0.000193380968994461,0.00031382517772726715,6.105015927460045e-05,0.00016559498908463866,-3.8723032048437744e-05,5.024549682275392e-05,-0.00011913740308955312,-9.151389531325549e-05,-3.127930540358648e-05,6.526335346279666e-05,2.2280728444457054e-05,-6.988274253671989e-05,2.767015939753037e-05,5.885952850803733e-05,-9.507874892733525e-06,-5.936279922025278e-05,0.3675774037837982,0.3907904624938965,0.30376502871513367,0.2944323718547821,0.27470308542251587,0.25069281458854675,0.2675042152404785,0.1923881471157074,0.2392997145652771,0.39927220344543457,0.38651522994041443,0.38643506169319153,21.78659940637831,17.91276432045053,19.729664508944612,17.864413346397814,18.873057111427972,19.933626217556395,61.0879822303285,2262.746450943069,0.13868354042235495,MariamB,German
-1.0,0.19999538362026215,-0.08919297903776169,0.09633946418762207,-0.10832816362380981,0.03948839753866196,-0.09786805510520935,0.032553110271692276,-0.05717126280069351,-0.029036691412329674,-0.04894639924168587,-0.016480112448334694,-0.024510178714990616,-0.018148386850953102,-0.03528667613863945,-0.026776021346449852,-0.011909491382539272,1.7692142195713245e-09,-0.0015748285222798586,0.0006530796526931226,-0.00017420497897546738,-0.00032131592161022127,-0.00017986113380175084,-0.0005006991559639573,0.00018606810772325844,-0.0001552264002384618,0.0003417051339056343,-9.370686166221276e-05,0.00016811786917969584,-0.00015453036758117378,-0.00011502578854560852,-0.00011736683518392965,-0.0001233288348885253,-8.702430022822227e-06,0.36126744747161865,0.3685489296913147,0.4088630676269531,0.3058468699455261,0.2576971650123596,0.2511937618255615,0.23167391121387482,0.28509148955345154,0.27085617184638977,0.31120729446411133,0.3209429085254669,0.31482431292533875,21.773694757204666,18.806979345712442,19.673045541059384,17.347060266012793,19.24660863653034,19.157898214993168,62.72808421070012,2884.1717680013535,0.17798447027439024,MariamB,German
-1.0,0.23740099370479584,-0.1054825484752655,0.10189302265644073,-0.11487153172492981,0.03240826353430748,-0.07886822521686554,0.010970779694616795,-0.07684260606765747,-0.007759929168969393,-0.05689098313450813,-0.01881570555269718,-0.03685326129198074,-0.012199427001178265,-0.04295102506875992,-0.04017110913991928,-0.018640290945768356,8.704534315562285e-10,-0.001043244730681181,-0.00019898438767995685,-6.201082578627393e-05,-0.0001394653954776004,8.466932195005938e-05,-0.00035220314748585224,0.0005649601225741208,-0.00018607050878927112,9.319437958765775e-05,3.063118492718786e-05,0.00018752705364022404,-9.849369234871119e-05,5.845152918482199e-05,-3.566837403923273e-05,0.0001375337305944413,-2.0270515506126685e-06,0.3349265158176422,0.3925299644470215,0.4300783574581146,0.35759180784225464,0.2955242693424225,0.3084120750427246,0.2732197642326355,0.27895188331604004,0.2792178988456726,0.3627171218395233,0.4309900104999542,0.41388610005378723,21.536913370105946,18.375030646925207,18.926130459676223,16.83001432674727,19.119822401503946,19.822339885642467,62.51328339197541,2643.737800981597,0.167708984375,MariamB,German
-1.0,0.2785949409008026,-0.1300279051065445,0.08813261240720749,-0.08754822611808777,0.016964171081781387,-0.06765381246805191,0.015795191749930382,-0.054755136370658875,-0.040187232196331024,-0.04501241445541382,-0.028160832822322845,-0.027802515774965286,-0.012952452525496483,-0.03114769048988819,-0.034485410898923874,-0.012003526091575623,1.2157170825588537e-09,-0.00019050110131502151,0.00034263895940966904,7.38819144316949e-05,0.0003876132832374424,-9.175927698379382e-05,7.198828097898513e-05,-0.0002256804727949202,5.739480911870487e-05,-0.00013296949327923357,-0.00017599861894268543,-0.0002839586231857538,-6.724363629473373e-05,-2.6114857973880135e-06,-2.7618063541012816e-05,7.477577310055494e-05,-5.693300408893265e-05,0.4220675230026245,0.5202600359916687,0.39755797386169434,0.21821798384189606,0.2496974617242813,0.24952305853366852,0.1434229463338852,0.14119555056095123,0.26484382152557373,0.27663537859916687,0.3074551522731781,0.34387680888175964,21.397168957326457,20.028888603985262,20.35249382262195,18.759628784654833,19.46796267317665,19.213068632922383,60.105290106785226,2161.3287431668696,0.1160663626047486,MariamB,German
-1.0,0.2899831235408783,-0.1930832713842392,0.08579684048891068,-0.10053998231887817,0.02138141728937626,-0.05068441107869148,-0.022680973634123802,-0.029450198635458946,-0.03545735776424408,-0.0630582943558693,-0.0788092240691185,-0.033022645860910416,-0.01143281813710928,-0.04539544880390167,-0.017332404851913452,-0.017036037519574165,2.417926081577093e-09,-0.0009347384911961854,0.0008247110527008772,0.0015999191673472524,0.0001329540100414306,-0.0005754422163590789,-0.0011645486811175942,0.0003103866765741259,-5.946252349531278e-05,-0.0011052504414692521,0.00012257685011718422,0.0007553978357464075,0.00034050855902023613,-0.0007486558752134442,0.0001950873847818002,0.0013935095630586147,-9.800249245017767e-05,0.25652649998664856,0.2503584623336792,0.4956173002719879,0.32242152094841003,0.11111671477556229,0.09796056896448135,0.1274712085723877,0.17347700893878937,0.20376302301883698,0.2510955035686493,0.3213125467300415,0.35455048084259033,19.276872686891107,20.501278587548697,20.387896766233162,22.243825258050567,22.803913951372714,21.034748296600334,55.82336844760725,1980.0960733285012,0.11367730034722222,MariamB,German
-1.0,0.21787801384925842,-0.09601884335279465,0.02840469777584076,-0.0845557376742363,0.04425076022744179,-0.11784812808036804,0.02041374333202839,-0.04951498657464981,0.001687162439338863,-0.06252160668373108,-0.012299870140850544,-0.03604055568575859,-0.005594463087618351,-0.03356723487377167,-0.027124546468257904,-0.008280391804873943,1.7837159527189783e-09,-0.0008085858426056802,0.0013281110441312194,0.0002506970486138016,0.00034829715150408447,-0.00031106319511309266,0.0003520512254908681,-0.0003580554330255836,-0.00019079800404142588,-0.00024417886743322015,6.430625944631174e-05,-0.00017739796021487564,0.0002150487998733297,0.00034587495611049235,1.043653810484102e-06,0.00017726093938108534,5.675736247212626e-05,0.3432536721229553,0.31904542446136475,0.2928338050842285,0.33241006731987,0.30508700013160706,0.33063337206840515,0.3217284381389618,0.2906560003757477,0.3791715204715729,0.4742349684238434,0.4383939802646637,0.36459359526634216,21.239014682156935,16.495446704910723,18.616163284519132,17.1231032389426,19.708601987161185,18.31207509158543,62.6684964229628,2870.9684938532846,0.20467389216188525,MariamB,German
-1.0,0.2187119722366333,-0.08110526204109192,0.1019163429737091,-0.08231464773416519,0.036380521953105927,-0.09512794017791748,0.035338543355464935,-0.06183291971683502,-0.02010413073003292,-0.052951909601688385,-0.01435950119048357,-0.023834463208913803,-0.026027962565422058,-0.023172851651906967,-0.025777891278266907,-0.004024669528007507,1.5217717086457583e-09,-0.001358511159196496,-6.709169610985555e-06,-4.24559366365429e-05,-0.00022355026158038527,-0.00016063626389950514,-0.00043040007585659623,0.00032708971411921084,-0.00011202572932234034,-0.0001557935174787417,-0.0001462240470573306,-6.670995935564861e-05,7.897203613538295e-05,-8.319217886310071e-05,-0.00022117285698186606,-5.594553658738732e-05,2.285895334352972e-06,0.44950979948043823,0.3877887725830078,0.2594844400882721,0.20038466155529022,0.24748770892620087,0.19639427959918976,0.2184913009405136,0.306721955537796,0.37291011214256287,0.45688486099243164,0.4968508780002594,0.5197985172271729,21.99556035555842,17.449047271615406,18.98944268839479,15.968765892659238,17.41530217384596,17.735553632173502,62.68082520377184,2563.662849301015,0.15826458697552448,MariamB,German
-1.0,0.2865411639213562,-0.10806296765804291,0.07723047584295273,-0.11689922958612442,0.04905363917350769,-0.08719637244939804,0.011351583525538445,-0.06962905079126358,-0.017390189692378044,-0.05913718789815903,-0.06208357587456703,-0.036666225641965866,-0.0011395858600735664,-0.034197114408016205,-0.03366087004542351,-0.007313985377550125,7.11154801713576e-10,-0.0007392540574073792,0.00022875434660818428,-5.045686702942476e-05,-0.00018539989832788706,0.00018470044597052038,-0.00041142082773149014,6.774114444851875e-05,-0.0001501565711805597,7.097983325365931e-05,-5.244015483185649e-06,1.984700793400407e-05,3.3751373848645017e-05,9.283190593123436e-05,-0.00011143044685013592,-1.108640935854055e-05,0.00016226395382545888,0.42114049196243286,0.3455241918563843,0.2879478633403778,0.2708722651004791,0.20277036726474762,0.15672807395458221,0.18587934970855713,0.23827321827411652,0.2655044198036194,0.3025374710559845,0.364857017993927,0.4058886170387268,20.446270721549666,18.772310274195256,19.65052605796926,19.402518884450863,19.77402966124121,20.155557243856272,61.81602530546532,2434.791973593644,0.14593864889705882,MariamB,German
-1.0,0.27274951338768005,-0.04649752378463745,0.16087660193443298,-0.07061617821455002,0.05632913485169411,-0.05980007350444794,0.03425868973135948,-0.04710504040122032,0.0009501232416369021,-0.03145790100097656,-0.05318038910627365,-0.02947176806628704,0.0004332999815233052,-0.03242398798465729,-0.020619606599211693,-0.006444059312343597,1.0826535223884548e-09,-0.0004747876082547009,0.00041824360960163176,-5.4738302424084395e-05,0.0002479995309840888,0.00010399192979093641,0.0001679204433457926,-0.00010680565901566297,8.532916581316385e-06,4.2953728552674875e-05,0.00011662931501632556,0.00030722602969035506,0.00015812640776857734,-2.3313998099183664e-05,-3.982746784458868e-05,0.0001007614700938575,9.555007272865623e-05,0.3731639087200165,0.4250822961330414,0.4082212448120117,0.32436075806617737,0.29956215620040894,0.26041191816329956,0.22475209832191467,0.27462226152420044,0.3796558976173401,0.37892431020736694,0.3035111129283905,0.3288830518722534,19.212386807296205,17.326782313781678,19.84804671666628,18.36015295603445,19.881213156227847,20.46639690629621,61.493957836614605,2229.691901345259,0.11838269589552239,MariamB,German
-1.0,0.3062908947467804,-0.05196768790483475,0.1465669572353363,-0.0507361963391304,0.050003618001937866,-0.018152324482798576,0.030755802989006042,-0.01565968617796898,-0.018871646374464035,-0.031564176082611084,-0.01618821732699871,-0.01765850931406021,-0.016581986099481583,-0.02214146964251995,-0.021610736846923828,-0.01911906525492668,1.6611707565061806e-09,-0.0010460109915584326,0.0011496267979964614,-0.00012740072270389646,4.0839306166162714e-05,2.1550462406594306e-05,0.0003168763068970293,2.020449574047234e-05,-0.00046775356167927384,-0.00020491069881245494,5.8222020015819e-05,4.006277958978899e-05,3.8183556171134114e-05,-0.0001602382108103484,0.00023997461539693177,-7.434743747580796e-05,0.00011494613863760605,0.5833282470703125,0.4516049027442932,0.34588682651519775,0.29652294516563416,0.2583656311035156,0.24014665186405182,0.3010883033275604,0.41129979491233826,0.4205494225025177,0.4136367738246918,0.39250168204307556,0.4426083266735077,21.542114393654927,16.102967535102405,16.745910512897762,16.646036870341952,17.561664094151045,19.484649888731425,59.59421599048535,2046.232749893445,0.10319134661259542,MariamB,German
-1.0,0.29098787903785706,-0.05733216181397438,0.0779060646891594,-0.05307426303625107,0.08991789817810059,-0.05738679692149162,0.0454658642411232,-0.016697512939572334,0.017860982567071915,-0.029442723840475082,-0.02443787083029747,-0.006541133858263493,-0.0064703612588346004,-0.020259158685803413,-0.01610528863966465,-0.006113071460276842,1.8759771513998658e-09,-0.0004784178454428911,-0.00034373035305179656,-0.00014598648704122752,0.0003582686767913401,-0.0003948999510612339,2.6469673684914596e-05,-0.00017169612692669034,0.00042313168523833156,-0.00014813078450970352,-5.07034819747787e-05,-0.00013346692139748484,-5.6512992159696296e-05,0.00035633519291877747,-0.0001874699955806136,-0.0001945734693435952,-0.00011023182014469057,0.4549506604671478,0.29268839955329895,0.26571598649024963,0.2362600862979889,0.2393275648355484,0.20101816952228546,0.33438175916671753,0.5803330540657043,0.5833710432052612,0.5051410794258118,0.4485745131969452,0.41987600922584534,23.358208377771607,16.174611701486235,16.682497969744958,16.97692513880901,19.01384776256281,17.982990343966442,61.941324356599765,2369.659487314865,0.12936927532327586,MariamB,German
-1.0,0.24265219271183014,-0.07870307564735413,0.1160799190402031,-0.09477272629737854,0.06412238627672195,-0.06829211860895157,0.027657130733132362,-0.04094547778367996,-0.01061696745455265,-0.05835285037755966,-0.009460661560297012,-0.023627951741218567,-0.01358939241617918,-0.02405344881117344,-0.025634165853261948,-0.016527317464351654,1.6611707565061806e-09,-0.0017675430281087756,0.0006509808008559048,-0.00043685175478458405,-0.00028964283410459757,0.00023712124675512314,-0.0002765402605291456,0.00017246796051040292,-4.4396816520020366e-05,-0.00020118865359108895,0.00012758508091792464,-0.00017663037579040974,0.0003049233346246183,-4.885376256424934e-05,7.372826803475618e-05,3.239464058424346e-05,-0.0002805522526614368,0.5387479066848755,0.3309907913208008,0.19087573885917664,0.23434990644454956,0.223439022898674,0.17903202772140503,0.15668007731437683,0.20564424991607666,0.30440425872802734,0.40033262968063354,0.4350087344646454,0.5503334403038025,23.515834277252928,20.36054676081863,20.86447369109893,17.328808253589656,18.785634352007065,19.071348440768478,61.56543956350149,2487.407099400595,0.13559309398854963,MariamB,French
-1.0,0.2686467468738556,-0.10094882547855377,0.09487347304821014,-0.09737182408571243,0.048398472368717194,-0.07314157485961914,-0.00134089810308069,-0.07016757130622864,-0.01811252161860466,-0.046106722205877304,-0.025006206706166267,-0.03296114131808281,-0.010457221418619156,-0.0294360164552927,-0.04030065983533859,-0.02549915201961994,6.078585967905781e-10,-1.8416025341139175e-05,0.00016893912106752396,-0.00014724474749527872,5.078651156509295e-05,-2.282130481034983e-05,8.505873120157048e-05,2.168308310501743e-05,-4.361261744634248e-05,-8.977354445960373e-05,5.4003347031539306e-05,6.002691407047678e-06,1.8390135210211156e-06,2.0717359802802093e-05,-6.34779134998098e-05,-4.013026409666054e-05,-2.6313795387977734e-05,0.5313315987586975,0.48030954599380493,0.37238627672195435,0.2567186951637268,0.23089216649532318,0.27874448895454407,0.24829170107841492,0.20941023528575897,0.23004180192947388,0.23863303661346436,0.28700846433639526,0.39147961139678955,22.89296221470658,18.79528778137343,20.337969580163932,17.402296816089333,19.197171017237427,19.667284520310858,62.04718404804577,2367.1529847041943,0.13621955743715083,MariamB,French
-1.0,0.260531485080719,-0.08017747104167938,0.11839592456817627,-0.06287416070699692,0.029304344207048416,-0.05569005385041237,0.026916004717350006,-0.053288135677576065,-0.02226843871176243,-0.039727941155433655,-0.017160775139927864,-0.030063511803746223,-0.009068980813026428,-0.017633872106671333,-0.03070538304746151,-0.01309284009039402,1.8441809190861136e-09,-0.0004844501381739974,0.00036364683182910085,-0.00038148858584463596,0.00012208332191221416,-4.305595939513296e-05,2.3680273443460464e-05,2.383841638220474e-05,0.00019251812773291022,-0.0001462430809624493,6.1020538851153105e-05,-0.0003465412592049688,-4.2278930777683854e-05,-0.00011600746802287176,-0.0001947445416590199,-9.247189154848456e-05,2.6165609597228467e-05,0.5307719707489014,0.3882546126842499,0.31614750623703003,0.20880115032196045,0.2529991865158081,0.2961804270744324,0.21473050117492676,0.24101030826568604,0.300885409116745,0.34932148456573486,0.5032996535301208,0.644661009311676,22.856831346413095,18.509759657575543,18.864009525589083,15.906979072710136,17.563232860727744,18.282360533303386,60.33386838971409,2057.4056878497136,0.10199284957627118,MariamB,French
-1.0,0.26683372259140015,-0.0841224268078804,0.09965068101882935,-0.047552842646837234,0.03226678818464279,-0.053285080939531326,0.02098618447780609,-0.03429209440946579,-0.0192242544144392,-0.04540157690644264,-0.023750027641654015,-0.025100208818912506,-0.007195605896413326,-0.02747921086847782,-0.030742574483156204,-0.009532980620861053,1.2953176309338232e-09,-0.0007860884070396423,0.0002598499122541398,0.00032997349626384676,0.0001783916086424142,1.1559376616787631e-05,-0.000117757088446524,6.748115993104875e-05,-0.0001380203611915931,-9.278111247112975e-05,0.00011368916602805257,-7.038851617835462e-05,-8.991303911898285e-05,-0.0002601981395855546,-0.00014753064897377044,-3.446427945164032e-05,-0.00022365732002072036,0.4658614695072174,0.3885745406150818,0.2752622663974762,0.20533660054206848,0.26186394691467285,0.2532646358013153,0.16201633214950562,0.2355346381664276,0.33516621589660645,0.514061689376831,0.5886932611465454,0.5521630048751831,22.647208162523395,17.793917453543358,18.490222598106325,16.440068114331638,18.265087369928818,18.13078071800767,60.05697778057193,2001.8207028976924,0.1053466796875,MariamB,French
-1.0,0.25259703397750854,-0.07232140004634857,0.0882883369922638,-0.05841037258505821,0.04294376075267792,-0.04862860217690468,0.03267505019903183,-0.047798607498407364,-0.022222796455025673,-0.037481676787137985,-0.02200646884739399,-0.022157328203320503,-0.022789830341935158,-0.005493379198014736,-0.03346195071935654,-0.015197956934571266,8.918580873817916e-10,-0.00037537477328442037,0.00025482685305178165,-1.2972309377801139e-05,0.00021069301874376833,-0.00027483340818434954,-7.104148244252428e-05,-0.000249956181505695,-4.534136314759962e-05,-9.654906898504123e-05,-8.20876011857763e-05,-9.886096449918114e-06,-1.8251559595228173e-05,4.6032069803914055e-05,-4.848040043725632e-05,0.00013020909682381898,0.00014317581371869892,0.4174988269805908,0.3395453691482544,0.2530306279659271,0.20703721046447754,0.19677771627902985,0.17580869793891907,0.17049220204353333,0.22058844566345215,0.28180012106895447,0.45513081550598145,0.5148908495903015,0.5027414560317993,23.798541179724133,18.587736775805855,19.343672791312848,15.906640866464972,17.819218011576563,18.158861002189997,61.342653894316754,2172.5135737697865,0.11244877049180328,MariamB,French
-1.0,0.28258562088012695,-0.08968059718608856,0.10028425604104996,-0.07041266560554504,0.03236418589949608,-0.03940484672784805,0.014848711900413036,-0.040307167917490005,-0.03660663217306137,-0.030195947736501694,-0.011583582498133183,-0.027899345383048058,-0.016989795491099358,-0.017577847465872765,-0.02611359767615795,-0.014321275986731052,7.351802500110693e-10,-0.0007144748233258724,-5.552075890591368e-05,-0.00021744967671111226,-0.0003370557096786797,-0.00010248472244711593,-6.466962076956406e-05,-0.00012369538308121264,7.854271825635806e-05,-5.1652994443429634e-05,4.185234502074309e-05,-7.496435500797816e-06,4.29999636253342e-05,0.00010254855442326516,-9.490579941484611e-06,-1.3264393601275515e-05,1.5887091649346985e-05,0.15929502248764038,0.1756225824356079,0.21738024055957794,0.2785049080848694,0.24613165855407715,0.15771125257015228,0.14340700209140778,0.20681710541248322,0.3671610355377197,0.550621747970581,0.509591281414032,0.30366361141204834,22.69050317836024,20.228792879042558,20.737269101309217,17.24740732243729,19.114096149096248,20.21242528506284,58.98020106808946,1925.1379251153357,0.09800266575168919,MariamB,French
-1.0,0.20863425731658936,-0.05625997856259346,0.1219133511185646,-0.0711403489112854,0.05317693203687668,-0.07438798248767853,0.030530894175171852,-0.04642222821712494,-0.013056185096502304,-0.054396215826272964,-0.02301422692835331,-0.031242091208696365,-0.006089899223297834,-0.02649371512234211,-0.034288059920072556,-0.0018921730807051063,1.7692142195713245e-09,-0.001626458833925426,0.0006105547654442489,0.00037627440178766847,0.00016450548719149083,1.8643904695636593e-05,0.0003208830894436687,0.0001251845678780228,8.890482422430068e-05,0.000132815504912287,0.00017577613471075892,9.180413326248527e-05,9.252979361917824e-05,9.624953963793814e-05,0.00019384735787753016,4.5696855522692204e-05,1.9608869479270652e-05,0.5877323150634766,0.40297019481658936,0.29124942421913147,0.22997798025608063,0.24769484996795654,0.26073896884918213,0.19872796535491943,0.2433524876832962,0.357820063829422,0.4935968816280365,0.44468992948532104,0.5271375179290771,23.571837898894543,18.472959435000778,19.076930929905043,15.657082371776353,17.84310796962049,18.024414266990362,62.52518866483763,2601.701034420726,0.13927130970528456,MariamB,French
-1.0,0.263797789812088,-0.0785672515630722,0.10134918987751007,-0.04513685032725334,0.008663361892104149,-0.07132779061794281,-0.015295193530619144,-0.04624513164162636,-0.008236012421548367,-0.042192038148641586,-0.020433107390999794,-0.007388359867036343,-0.015649057924747467,-0.03326624631881714,-0.016140595078468323,-0.008125264197587967,1.6869252661422252e-09,-0.000771082763094455,0.0007605917635373771,3.068828664254397e-05,0.00021018690313212574,0.00027517147827893496,0.00033938107662834227,-8.518982212990522e-05,-0.0002452220651321113,-0.00014791366993449628,4.905480454908684e-05,-7.639190152985975e-05,-0.00034958234755322337,-0.00014874752378091216,-0.00020488034351728857,-0.00018229696433991194,8.490515756420791e-05,0.5610582828521729,0.5480124354362488,0.3905479907989502,0.2274094521999359,0.18486857414245605,0.13494449853897095,0.10995909571647644,0.15775735676288605,0.2591037452220917,0.3511706292629242,0.2743638753890991,0.38062334060668945,22.716100346830203,17.68284878266244,19.066818933048083,15.726679999410951,19.35273409972297,19.838588944805384,59.290982207446056,1841.8274461202022,0.0867210210755814,MariamB,French
-1.0,0.2479996681213379,-0.09686759114265442,0.10021838545799255,-0.09864577651023865,0.011062990874052048,-0.10574060678482056,-0.0021298229694366455,-0.08679096400737762,-0.013460401445627213,-0.052549928426742554,-0.01355689950287342,-0.06097876653075218,0.005293065682053566,-0.04386616498231888,-0.048566170036792755,-0.015751585364341736,6.779232730735885e-10,-0.00039738547638989985,-0.0001643010909901932,0.0005013049812987447,-2.9269234801176935e-05,-3.183623630320653e-05,2.811589183693286e-05,-7.394677959382534e-05,-0.00020367928664200008,-0.00024302443489432335,0.00011344741506036371,-9.327071165898815e-05,-0.00023320539912674576,6.010393917676993e-05,-5.691765545634553e-05,-1.6434878489235416e-05,8.503984281560406e-05,0.4344449043273926,0.34706321358680725,0.31547048687934875,0.3041260838508606,0.2257186770439148,0.19254842400550842,0.22694188356399536,0.19015485048294067,0.1349249929189682,0.1781054586172104,0.2813551425933838,0.3675372004508972,19.981216063812955,20.53260096423586,20.43514320735437,17.200093343687477,19.705701583193957,20.32134014272705,62.546800446434816,2410.1209241390434,0.12766957505841123,MariamB,French
-1.0,0.22843590378761292,-0.08817575871944427,0.119509257376194,-0.0877155289053917,0.03748936206102371,-0.05760708451271057,0.025899263098835945,-0.04410543665289879,-0.038667939603328705,-0.042669449001550674,-0.03581605851650238,-0.025402747094631195,-0.017716726288199425,-0.020355653017759323,-0.031026985496282578,-0.02510029450058937,6.779232730735885e-10,-9.399348346050829e-05,0.0005901064723730087,-0.0001626871817279607,0.00021176866721361876,8.456956857116893e-05,0.00016130288713611662,-6.220204522833228e-05,-0.00013873050920665264,3.7590478314086795e-05,0.00014104759611655027,-4.7883164370432496e-05,-9.783661516848952e-05,-5.7356013712706044e-05,-8.915331272874027e-05,-4.0350689232582226e-05,-4.323379835113883e-05,0.2778158485889435,0.2567915916442871,0.2541474401950836,0.22500643134117126,0.24389991164207458,0.2770405113697052,0.20456163585186005,0.22856542468070984,0.3180043399333954,0.42307811975479126,0.45261356234550476,0.3883515000343323,22.472706322417544,20.022948198215214,20.271143387796393,18.097487791448025,19.147926005650284,19.020547727755087,61.87426175635014,2421.80970066703,0.13966060650311526,MariamB,French
-1.0,0.25934258103370667,-0.10637865960597992,0.11898130178451538,-0.08561637997627258,-0.006688982713967562,-0.0791725441813469,-0.0011839718790724874,-0.059936027973890305,-0.04616638273000717,-0.029130112379789352,-0.014730867929756641,-0.04034486413002014,-0.0009101220057345927,-0.02480122074484825,-0.01593470573425293,-0.01649157889187336,6.438264921193593e-10,3.571005800040439e-05,0.0002991051005665213,-0.0002953923831228167,0.00010806398495333269,7.490489679184975e-06,0.0001894577289931476,6.459618452936411e-05,-3.504210326354951e-05,6.105287866375875e-06,8.487787454214413e-06,-1.658016481087543e-05,-4.381138569442555e-05,-2.3740938559058122e-05,2.8986334655201063e-05,1.8459808416082524e-05,-1.229185454576509e-05,0.36201632022857666,0.2595265507698059,0.24150575697422028,0.26094600558280945,0.2955681085586548,0.2881741225719452,0.1609921157360077,0.15071451663970947,0.1915154755115509,0.2668444812297821,0.44857436418533325,0.493595153093338,21.713318184375638,18.678478807954065,21.607525114292905,17.2737410210636,19.251784529597845,20.253364224722915,61.006971951768264,2301.3004430490637,0.12696468195266272,MariamB,French
-1.0,0.28316637873649597,-0.09984142333269119,0.13144820928573608,-0.0708259642124176,0.03464265912771225,-0.0535636730492115,0.025990724563598633,-0.023273155093193054,-0.033040404319763184,-0.043303243815898895,-0.020644808188080788,-0.024558374658226967,-0.01766251027584076,-0.019473135471343994,-0.022801760584115982,-0.015495540574193,1.2953176309338232e-09,-0.0005092360661365092,0.0004583288391586393,5.6179240345954895e-05,0.0003725825226865709,-0.00020764725923072547,8.249114034697413e-05,1.6455582226626575e-05,-3.3011328923748806e-05,-9.721102833282202e-05,0.00010052460856968537,5.93417244090233e-05,0.00012325478019192815,-1.4257595466915518e-05,-2.744607627391815e-06,-7.496769740100717e-06,-8.695496944710612e-05,0.3120533227920532,0.19586145877838135,0.17552921175956726,0.2516932487487793,0.269919753074646,0.20414412021636963,0.1500612497329712,0.23330938816070557,0.450076162815094,0.5941272377967834,0.5362367033958435,0.5055615901947021,23.90892903761366,19.42099772098308,20.42518144890184,17.221492105021536,19.315440435334033,18.83492707249052,59.24135724328161,2046.1222164193446,0.09978666759672619,MariamB,French
-1.0,0.2720678746700287,-0.1433609426021576,0.15461230278015137,-0.11207721382379532,0.04645771533250809,-0.08219695836305618,0.024582020938396454,-0.05412084236741066,-0.05000552162528038,-0.07205233722925186,-0.022376565262675285,-0.057878974825143814,-0.003713601268827915,-0.041943229734897614,-0.026730401441454887,-0.01762334816157818,8.402060158729796e-10,0.00028927793027833104,0.00092984369257465,-0.0004924801178276539,0.0003232297895010561,-8.473251909890678e-06,0.00017876215861178935,5.094148946227506e-05,5.111302380100824e-05,-1.3244572073745076e-05,0.0001723954192129895,-9.666255209594965e-05,4.6525638026650995e-05,-3.3647287636995316e-05,2.9615841413033195e-05,5.674625572282821e-05,-1.4038655535841826e-05,0.34590914845466614,0.25391629338264465,0.2539558410644531,0.23789510130882263,0.23044756054878235,0.16390223801136017,0.1105635017156601,0.13546667993068695,0.20424078404903412,0.38245436549186707,0.4666805863380432,0.42676347494125366,22.31936349555067,20.664456708259074,21.306477253677247,18.688643482783448,19.22346412175679,19.97428304661869,61.31504042605018,2358.8299128295057,0.11094918858590734,MariamB,French
-1.0,0.1869237869977951,-0.0796581283211708,0.06885058432817459,-0.06845308840274811,0.03613594174385071,-0.05256969481706619,0.017526090145111084,-0.03290968015789986,-0.010135341435670853,-0.021373597905039787,-0.01193472184240818,-0.015777816995978355,-0.014026034623384476,-0.013894897885620594,-0.016246890649199486,0.0006495067500509322,1.0412122275482716e-09,-6.596865569008514e-05,6.599343760171905e-05,-9.717653301777318e-05,3.7598132621496916e-05,8.872080070432276e-05,3.8554509956156835e-05,-0.00011988650658167899,9.007822882267646e-06,-1.978195177798625e-05,-9.970398969016969e-05,-9.76432638708502e-05,-9.896393748931587e-05,6.363366264849901e-05,-9.032363595906645e-05,-0.00014190906949806958,9.75802176981233e-05,0.5342118740081787,0.5641555190086365,0.4985446333885193,0.3934708833694458,0.405285507440567,0.42181164026260376,0.3495844006538391,0.37882000207901,0.4524171054363251,0.5213587880134583,0.5728545188903809,0.48214900493621826,23.321669261913215,15.100398213172419,16.57694045126688,15.415788671961657,17.113341858816046,17.566065280121563,61.882422076731174,2731.129568500479,0.1834325470992823,MariamB,French
-1.0,0.2327154129743576,-0.08417941629886627,0.14405404031276703,-0.06907863914966583,0.006464336067438126,-0.0846489667892456,0.0005904717836529016,-0.05231916531920433,-0.020095234736800194,-0.045834656804800034,-0.008368929848074913,-0.04287063330411911,-0.009085574187338352,-0.027614230290055275,-0.02279438078403473,-0.015343564562499523,1.9783030769104926e-09,-0.0005503762513399124,0.0012238193303346634,-0.00012391073687467724,0.0003221170336473733,-0.00044304560287855566,-0.00011922514386242256,-0.000260799250099808,-0.00012598214379977435,-0.00021973400725983083,0.000404894701205194,-0.00021640841441694647,-0.00010832906991709024,0.0002659001911524683,-0.00015514984261244535,0.0001298349379794672,0.00013594627671409398,0.4863540530204773,0.5810168981552124,0.3701634109020233,0.3028322458267212,0.34665006399154663,0.23657824099063873,0.1756916493177414,0.2408268004655838,0.2943115234375,0.3311545252799988,0.22247233986854553,0.3069489300251007,23.405526561974845,17.772632220568553,19.661654160799394,15.254461902864314,17.66783713466189,19.60256787467056,61.49274054311452,2248.5847069970714,0.0955166903409091,MariamB,French
-1.0,0.20655140280723572,-0.08384016156196594,0.0756727010011673,-0.05692792311310768,0.014636943116784096,-0.08154716342687607,0.0030179962050169706,-0.03303336724638939,-0.008629335090517998,-0.033383969217538834,-0.009191007353365421,-0.024393700063228607,-0.01671913079917431,-0.02234315127134323,-0.01339680328965187,-0.010205036960542202,9.379885756999329e-10,0.00019658154633361846,-1.3931301623415493e-07,-4.015588274342008e-05,0.00014840754738543183,9.692265302874148e-05,3.1885305361356586e-05,0.00014728990208823234,8.748820255277678e-05,-3.923781696357764e-05,-0.00012066819181200117,-9.505391062702984e-05,6.660096460109344e-06,0.00015878636622801423,-2.278774991282262e-05,-0.00027874368242919445,-0.00010927688708761707,0.521183431148529,0.43739965558052063,0.39141058921813965,0.36174875497817993,0.3850872814655304,0.3312472999095917,0.316045343875885,0.3319811224937439,0.3295406103134155,0.3273477554321289,0.3125167191028595,0.4081557095050812,22.75743769587732,15.987688900976144,18.32887995518548,16.42954270351223,17.594705570791124,18.911640868234066,61.2129400659236,2475.2393317135557,0.16196204876077586,MariamB,French
-1.0,0.21634751558303833,-0.0676705613732338,0.12090253829956055,-0.08412919193506241,0.04407738149166107,-0.07067888975143433,0.04755324125289917,-0.05450278893113136,-0.03410021588206291,-0.03652612119913101,-0.015743866562843323,-0.034971147775650024,-0.019603634253144264,-0.014245307072997093,-0.03517566993832588,-0.01815355382859707,9.029599845611358e-10,-0.0004992933245375752,0.000279589177807793,8.443482511211187e-05,0.00026357342721894383,-0.00015085627092048526,0.0001923250820254907,-0.00012640352360904217,-9.327424777438864e-05,-8.583888302382547e-06,2.850159398803953e-05,-4.273877129890025e-05,-5.252146002021618e-05,2.8319291232037358e-05,-6.836374814156443e-05,-2.3480431991629303e-05,9.832965588429943e-05,0.4356563091278076,0.32078614830970764,0.2641755938529968,0.23420655727386475,0.25976911187171936,0.22574900090694427,0.1673659235239029,0.2409640997648239,0.32977449893951416,0.4354213774204254,0.4038579761981964,0.4418007731437683,22.378705201234613,19.399805179395862,19.612538435125487,16.514089772931595,18.260113408031515,18.839652474082108,63.11409564804873,2651.0112301795552,0.1559096213692946,MariamB,French
-1.0,0.21203650534152985,-0.04631638154387474,0.09139028191566467,-0.07348978519439697,0.047163233160972595,-0.08110136538743973,0.04709133133292198,-0.06000702828168869,-0.023196615278720856,-0.05380892753601074,-0.019244397059082985,-0.03636689484119415,-0.014261750504374504,-0.024098902940750122,-0.02739967592060566,-0.012601461261510849,1.5112039397635613e-09,-0.0005338939372450113,0.0002930089249275625,-0.00019165092089679092,0.0005613711546175182,-0.00026693136896938086,-0.00015499515575356781,-9.025638428283855e-05,7.3613286986073945e-06,1.4439535334531683e-05,-9.755081555340439e-05,3.9745329559082165e-05,4.4349995732773095e-05,-0.0001897324254969135,-0.00019104356761090457,-4.0687768887437414e-06,-2.4826258595567197e-05,0.3997088372707367,0.33420851826667786,0.3135065734386444,0.2677159905433655,0.2796314060688019,0.2061360478401184,0.14652632176876068,0.18608511984348297,0.29262062907218933,0.41391026973724365,0.5759844779968262,0.5231953859329224,22.9295668485549,18.456451107449436,18.949291906615642,16.47707666989448,17.256370767514944,18.165166662517624,63.30004901319168,2683.815094234003,0.17341444227430555,MariamB,French
-1.0,0.265449196100235,-0.07290539890527725,0.10983635485172272,-0.0507284477353096,0.04004381224513054,-0.05529595911502838,0.025870326906442642,-0.03105541318655014,-0.019620563834905624,-0.03814088925719261,-0.01891326904296875,-0.024242164567112923,-0.01670200005173683,-0.011595328338444233,-0.027110328897833824,-0.0147396270185709,1.5655637897182828e-09,-0.0006143866921775043,0.0009220988722518086,1.9150726075167768e-05,0.00042467963066883385,0.00011625984916463494,-1.837595846154727e-05,6.786620360799134e-05,-8.6773514340166e-05,-2.528091863496229e-05,0.00010824375203810632,-1.4599821042793337e-05,-0.00015869700291659683,0.00018834635557141155,-2.9269538572407328e-05,0.00010660813131835312,0.00014910908066667616,0.23170748353004456,0.23016540706157684,0.19806301593780518,0.24251791834831238,0.30409276485443115,0.19636811316013336,0.17720717191696167,0.2712761163711548,0.5141841173171997,0.6993968486785889,0.44128406047821045,0.27988627552986145,24.63359073141492,18.194581443670998,19.42879117372487,16.616810937097537,19.007547199277838,18.835202899840823,60.47919729069359,2242.766851288727,0.12020149505395683,MariamB,French
-1.0,0.26038432121276855,-0.07813781499862671,0.1064722090959549,-0.06780021637678146,0.035228364169597626,-0.05862680822610855,0.02855840139091015,-0.05297142639756203,-0.03128955140709877,-0.039976026862859726,-0.021785767748951912,-0.03119334578514099,-0.014538261108100414,-0.014986134134232998,-0.029639268293976784,-0.01219192985445261,1.0168849096103827e-09,-0.00042724513332359493,0.00013000926992390305,-7.813528645783663e-05,0.0002557261032052338,-2.7186119041289203e-05,0.00011435377382440493,-0.00012294926273170859,-5.987882104818709e-06,-2.8187740099383518e-05,1.534391412860714e-05,-0.00010787937935674563,8.457756484858692e-05,-0.0001103225804399699,-0.00013712947838939726,-0.00011132163490401581,-0.00016979423526208848,0.2374982088804245,0.18110176920890808,0.18918544054031372,0.21813282370567322,0.2110995352268219,0.15731574594974518,0.1437682807445526,0.20063453912734985,0.32232460379600525,0.481261670589447,0.6023741364479065,0.507863461971283,23.415307017443578,19.1968537929584,20.100112414808983,16.286666907857594,18.523554156563534,18.752779413893574,60.403603275040076,2085.526241581616,0.10364568122079439,MariamB,French
-1.0,0.24054814875125885,-0.09511686861515045,0.11152319610118866,-0.09185119718313217,0.03867238759994507,-0.10788938403129578,0.01641337014734745,-0.08620084822177887,-0.022453173995018005,-0.054138634353876114,-0.028851939365267754,-0.030323198065161705,-0.011387737467885017,-0.049887049943208694,-0.03850800171494484,-0.022685473784804344,1.7692142195713245e-09,-0.0010657469974830747,-0.0005785083048976958,-0.0010399894090369344,0.0002904479915741831,0.0005717251333408058,0.0008700324106030166,9.188716649077833e-05,0.0003529911919031292,0.00011371639266144484,-2.0770499759237282e-05,-0.00039508671034127474,-0.00013736617984250188,0.00046625311370007694,7.553197065135464e-05,1.183754466183018e-05,-4.258386979927309e-05,0.3048499524593353,0.28728118538856506,0.27647703886032104,0.216777503490448,0.22756578028202057,0.24256156384944916,0.2035982757806778,0.1768687218427658,0.1983027309179306,0.2828748822212219,0.4365614950656891,0.38824865221977234,21.54072854735968,19.513206238580253,19.779022584534342,16.27732735705545,19.430737777512743,18.889926856183447,61.504489448038846,2525.35864637803,0.13564294334349594,MariamB,French
-1.0,0.24163596332073212,-0.029049647971987724,0.12986761331558228,-0.08616083115339279,0.047407012432813644,-0.08233068138360977,0.025693872943520546,-0.08684474974870682,-0.020118683576583862,-0.05422361567616463,-0.017653202638030052,-0.03959318995475769,-0.007652759552001953,-0.032208070158958435,-0.02252659760415554,-0.014492579735815525,5.667014635335477e-10,-0.0005127691547386348,0.0004306894261389971,-0.0003812206268776208,-0.00022927326790522784,0.0003175291931256652,-0.00012647394032683223,9.87101811915636e-05,-2.4115822725434555e-06,9.392762876814231e-05,-9.905134902510326e-06,8.26157793198945e-06,-8.98940852493979e-05,0.00011619549331953749,-6.533105624839664e-05,-7.614139758516103e-05,-7.680559065192938e-06,0.35638514161109924,0.2523520886898041,0.19812870025634766,0.22682349383831024,0.254648357629776,0.2800895571708679,0.33911964297294617,0.34580501914024353,0.3212842643260956,0.34966158866882324,0.4766162633895874,0.4474131762981415,19.209462713098322,17.124220862331086,20.264231438260378,16.371326833950295,18.148283691033907,19.819549862973425,62.90768797168777,2632.4696131248807,0.16670099894205728,MariamB,French
-1.0,0.25611013174057007,-0.07640691101551056,0.12037137895822525,-0.07895848155021667,0.035782575607299805,-0.04768393188714981,0.012505348771810532,-0.03207177668809891,-0.04428393021225929,-0.03618588298559189,-0.0305665023624897,-0.029710540547966957,-0.009523255750536919,-0.012534535489976406,-0.03080103173851967,-0.020615722984075546,6.614387926262566e-10,-3.718743391800672e-05,-3.91919347748626e-05,-9.961575415218249e-05,-6.514583947136998e-05,-0.0001561072131153196,0.00010712141374824569,6.03563166805543e-05,0.00012233687448315322,-0.00010255386587232351,1.8379705579718575e-05,-4.289079151931219e-05,2.638974183355458e-05,-4.5319458763515286e-07,-6.255041807889938e-05,-2.201131974288728e-05,-2.2167127099237405e-05,0.4616566598415375,0.30143848061561584,0.21079882979393005,0.1871529221534729,0.19731026887893677,0.2158665806055069,0.18726712465286255,0.19492128491401672,0.26597392559051514,0.3387519121170044,0.4700958728790283,0.5475520491600037,23.406527690978805,19.517752714885493,20.405940202590898,17.509322706839345,19.125422674467426,19.46290932733196,60.46601155193015,2219.7559218060005,0.11648847121960486,MariamB,French
-1.0,0.27974894642829895,-0.08868641406297684,0.10811999440193176,-0.06402567028999329,0.04148285835981369,-0.052659016102552414,0.020952602848410606,-0.049539029598236084,-0.03395308926701546,-0.04516584798693657,-0.024833491072058678,-0.03295748680830002,-0.0018841290147975087,-0.020271101966500282,-0.03319152817130089,-0.016962477937340736,7.6624423472893e-10,-0.000164590121130459,0.00033416986116208136,3.302330878796056e-05,0.00022359790455084294,-0.00012315387721173465,-1.8938982975669205e-05,-6.0252197727095336e-05,-1.0128880603588186e-05,-0.00013918406330049038,7.270782953128219e-05,-7.317915878957137e-05,-1.7564613017384545e-06,-0.00016227953892666847,-8.766235987422988e-05,2.8511036362033337e-05,6.575537554454058e-06,0.35043662786483765,0.2772095501422882,0.15816092491149902,0.14229361712932587,0.18722672760486603,0.1844918131828308,0.12230873107910156,0.1588178128004074,0.24868573248386383,0.4628387689590454,0.5966630578041077,0.4477340877056122,22.504049595039668,20.10066161160503,21.483350909321928,17.100862611465168,18.896041412173535,19.099252302749864,59.87777994207666,1951.0413261632211,0.10083867462588028,MariamB,French
-1.0,0.2794460356235504,-0.039813332259655,0.14293865859508514,-0.07913164049386978,0.00851194653660059,-0.07971835881471634,0.018480660393834114,-0.08110903948545456,-0.0185531135648489,-0.044949036091566086,-0.026314126327633858,-0.04095788300037384,-0.009538926184177399,-0.03142447769641876,-0.025901000946760178,-0.020289650186896324,7.019785863704442e-10,-0.00012501649325713515,0.00019305228488519788,0.00011443438415881246,6.4174659200944e-05,0.00028348565683700144,0.00024407940509263426,0.0001246130996150896,0.00011392363376216963,0.00012141975457780063,8.942435670178384e-05,2.453962224535644e-05,-1.5304663975257427e-05,7.607458246638998e-05,-4.607126811606577e-06,5.378261903388193e-06,1.625545451133803e-06,0.39639681577682495,0.37541306018829346,0.3011251986026764,0.2671220302581787,0.28741008043289185,0.33196648955345154,0.2819526493549347,0.24055665731430054,0.237411230802536,0.19330142438411713,0.23427940905094147,0.3456343412399292,21.08067805386756,18.238316787615336,20.3412078401496,17.905042552166694,19.633623270301417,20.294703050352965,61.90355937475425,2239.5580162145898,0.11833574848790322,MariamB,French
-1.0,0.251233845949173,-0.0923687219619751,0.09368239343166351,-0.06319974362850189,-0.0036312660668045282,-0.08093395829200745,0.013581100851297379,-0.01937151327729225,-0.014879588969051838,-0.02308189496397972,-0.005641363561153412,-0.03838937729597092,-0.003129207296296954,-0.015047688037157059,-0.03654608502984047,0.0007428925600834191,6.554619624843383e-10,-0.0003396285173948854,0.00022501175408251584,0.00014879298396408558,0.0001251691865036264,0.00010075443424284458,0.00020927464356645942,1.0362983630329836e-05,8.073442586464807e-05,5.334165325621143e-05,3.781095438171178e-05,-1.0535441106185317e-05,-3.5067773751507048e-06,-1.536480340291746e-05,3.128962271148339e-05,3.633306914707646e-05,-1.0636938441166421e-06,0.4988088607788086,0.45276421308517456,0.3704879581928253,0.26226016879081726,0.2031177431344986,0.20307955145835876,0.26179009675979614,0.27699095010757446,0.29489192366600037,0.3296840488910675,0.313642293214798,0.4466523826122284,18.90137744573932,17.074721847928505,19.704799619270915,18.467627427464556,19.32196853969238,19.823930054891296,59.78274104634844,2218.032833447494,0.13226538968373494,MariamB,English
-1.0,0.26067623496055603,-0.0958096981048584,0.08265885710716248,-0.07555416226387024,-0.01882011815905571,-0.09779921174049377,0.0014837259659543633,-0.018606293946504593,-0.015636811032891273,-0.0335833914577961,-0.009103767573833466,-0.0521516278386116,0.0010513862362131476,-0.022532381117343903,-0.03592049703001976,0.004746438004076481,9.181999049978629e-10,-0.0011153691448271275,-8.876167703419924e-05,3.254702824051492e-05,-6.668508285656571e-05,5.986664109514095e-05,-9.974368731491268e-05,7.832817937014624e-05,6.545478390762582e-05,6.601410859730095e-05,-8.923107816372067e-05,-1.167701725535153e-06,-4.917147634841967e-06,0.00014382039080373943,-0.0002222094190074131,-0.00011474389611976221,9.334136120742187e-05,0.3326907157897949,0.3417968451976776,0.33908841013908386,0.32150202989578247,0.23601394891738892,0.20036843419075012,0.20366287231445312,0.20451965928077698,0.2840692400932312,0.3805028200149536,0.35158342123031616,0.3551504909992218,19.09303609047913,17.890528150008187,20.71393251467272,19.65067156225948,19.64104751133934,21.555879669247663,59.38426782526767,2294.3987890288768,0.14542540216244726,MariamB,English
-1.0,0.29856356978416443,-0.06088632717728615,0.07486534118652344,-0.06284631043672562,0.00937692541629076,-0.0567762553691864,0.031340472400188446,-0.028679030016064644,-0.013935970142483711,-0.010847671888768673,-0.03070645034313202,-0.023021169006824493,-0.0087866997346282,-0.021973418071866035,-0.03611224517226219,-0.0023347935639321804,1.7837159527189783e-09,0.00022004987113177776,-0.00019424445054028183,-0.0003244136169087142,-1.4526494851452298e-06,-0.0004297048435546458,-0.00019015702127944678,-1.5501878806389868e-05,0.00011091199121437967,-0.0003445148468017578,3.7888356018811464e-05,-0.00037617835914716125,4.094133691978641e-05,8.929685282055289e-05,0.00013511358702089638,2.410543675068766e-05,-0.00019968092965427786,0.33723676204681396,0.5187638998031616,0.44947242736816406,0.24685217440128326,0.19840337336063385,0.24234947562217712,0.3240394592285156,0.311265230178833,0.3053736388683319,0.28036680817604065,0.30732613801956177,0.2985776364803314,19.588362979828535,19.532708851205825,19.07978592907417,19.377597644714026,18.8639585697724,19.09146321178671,58.07623571512613,1852.9075550005853,0.09604732325819672,MariamB,English
-1.0,0.3253563642501831,-0.09917079657316208,0.03938684239983559,-0.0041132643818855286,-0.032606299966573715,-0.02862670086324215,0.058466169983148575,0.04417451098561287,0.015316646546125412,-0.005304809659719467,0.030266983434557915,-0.005578469019383192,0.03692932799458504,0.006766720674932003,-0.0070898751728236675,0.01105373352766037,1.8599430884336243e-09,-0.0017823642119765282,-0.0008309702388942242,0.0006398590630851686,-0.00043671863386407495,-8.596549741923809e-05,-0.000955482479184866,0.0004478426417335868,-0.0005040955729782581,-0.0004153929476160556,-2.8054668291588314e-05,0.00020353372383397073,-0.0003690291487146169,-0.00010807416401803493,0.00015870061179157346,5.915482233831426e-06,2.9863493182347156e-05,0.47098907828330994,0.5176047086715698,0.5082688927650452,0.3415624797344208,0.3348427414894104,0.33620283007621765,0.34324660897254944,0.38552403450012207,0.416719913482666,0.42929938435554504,0.4722796678543091,0.5329980254173279,16.536556608172432,14.579603661575163,17.83419232698296,18.48114319909348,18.15037429646117,18.106727640115214,49.45432765192599,2329.33476389918,0.11533036191239317,MariamB,English
-1.0,0.22894923388957977,-0.07416176050901413,0.06925154477357864,-0.06872215121984482,0.04210280254483223,-0.0752236545085907,0.025903597474098206,-0.02738410234451294,-0.011664808727800846,-0.027549266815185547,-0.012159467674791813,-0.017753329128026962,-0.005514227785170078,-0.011419747024774551,-0.029951203614473343,1.0656664926500525e-05,1.4507557377640978e-09,0.0004944864194840193,0.0006344527355395257,6.95389971951954e-05,0.0002895903598982841,-0.00025669371825642884,0.00021004561858717352,-0.0002132248191628605,-0.00016627681907266378,-0.00021714642934966832,-4.6903911425033584e-05,-0.00029064706177450716,-8.168303611455485e-05,0.00011076556984335184,-2.0640365619328804e-05,-9.337044321000576e-05,-7.722321606706828e-05,0.5024468898773193,0.3758852779865265,0.3460771143436432,0.2847738564014435,0.2562723159790039,0.2734171450138092,0.3105040192604065,0.4187021553516388,0.4889158606529236,0.46132150292396545,0.4731025695800781,0.583788275718689,21.5270705461852,15.62403244513208,17.794431072293026,16.255731548737355,17.955042921268923,17.011681856476066,61.019468975256146,2405.2814554134247,0.14511393229166666,MariamB,English
-1.0,0.27429237961769104,-0.07081925123929977,0.06917421519756317,-0.06840820610523224,0.000561541470233351,-0.0789421871304512,0.018310807645320892,-0.01843513920903206,-0.02536914311349392,-0.02257087454199791,-0.008216147311031818,-0.03793314844369888,-0.002528828103095293,-0.02234334871172905,-0.020818118005990982,-0.0072976378723979,7.971185378430334e-10,-0.0008712041308172047,0.00010768012725748122,6.631507858401164e-06,-0.00013311546354088932,-3.3243835787288845e-05,-0.00014910678146407008,2.5988389097619802e-05,-0.0001347606157651171,7.494547025999054e-05,2.876038706745021e-05,-8.775426067586523e-06,4.207753227092326e-05,0.00010561238741502166,-2.8765109163941815e-05,-2.7739555662265047e-05,-1.1873441508214455e-05,0.3643854260444641,0.5244064927101135,0.3519573509693146,0.1904447376728058,0.12774913012981415,0.1263108104467392,0.1740894317626953,0.24443358182907104,0.2949486970901489,0.1978585124015808,0.13778936862945557,0.20277121663093567,18.312827610437395,19.33600777972977,22.434801730729305,21.33362078710505,19.655999992959075,21.482331119809857,57.777366532036396,2260.755133639981,0.14351176167582416,MariamB,English
-1.0,0.2734033465385437,-0.0997917503118515,0.07681088894605637,-0.055946506559848785,0.016533304005861282,-0.05644926801323891,0.0008492300403304398,-0.040061257779598236,-0.029325300827622414,-0.031183963641524315,-0.02945985458791256,-0.02018710784614086,-0.0005182643071748316,-0.02814309112727642,-0.03244731202721596,-0.012273051775991917,6.381624118034779e-10,-0.0005854752962477505,0.00025262156850658357,-0.0005883555277250707,0.0002368683781241998,0.00037134261219762266,2.760385541478172e-05,6.569861579919234e-05,0.00013709485938306898,0.00028441930771805346,-0.00010812310938490555,-6.001870860927738e-05,0.00011675595305860043,-0.0001688396296231076,4.5177611696090025e-07,-7.843797902751248e-06,5.662823696184205e-06,0.3555992543697357,0.2826225757598877,0.22277802228927612,0.20051628351211548,0.19825391471385956,0.2242734581232071,0.24743178486824036,0.256176620721817,0.2774893343448639,0.3511975407600403,0.5277824997901917,0.4955906271934509,19.60774349074523,18.42490300355684,19.480447281436067,17.54152165862756,18.981945327341855,19.70949538445745,59.2014990348601,2146.694766566088,0.13052001237170088,MariamB,English
-1.0,0.26672396063804626,-0.06401783227920532,0.08872375637292862,-0.06384801119565964,0.040302544832229614,-0.03849894925951958,0.0016514152521267533,-0.03417212516069412,-0.013756752014160156,-0.011941422708332539,0.0062630134634673595,-0.0257978904992342,0.0057967486791312695,-0.023173078894615173,-0.029260817915201187,-0.014781893230974674,7.452512496008978e-10,-0.00015220724162645638,0.00017377077892888337,-0.00010883269715122879,4.170901229372248e-05,-5.047727609053254e-05,-0.00016481016064062715,-5.409790173871443e-05,-0.00018918659770861268,-0.00010988039866788313,-7.166504656197503e-05,-0.00016055654850788414,-0.00010489462147234008,-0.00011686462676152587,-6.196238973643631e-05,-7.636791269760579e-05,-4.817683293367736e-05,0.43674352765083313,0.3492843210697174,0.3404397964477539,0.2582731544971466,0.2574126422405243,0.28643038868904114,0.27003511786460876,0.2390568107366562,0.24713242053985596,0.27499425411224365,0.4112691879272461,0.4303630292415619,17.796860495239493,20.057902471129754,20.609930018634216,17.61842937824921,19.031057910118417,20.167218669525507,56.77129042505112,2426.4503450404386,0.1326486247859589,MariamB,English
-1.0,0.27200183272361755,-0.06388070434331894,0.09422272443771362,-0.07086475193500519,0.04154966026544571,-0.05642034858465195,0.005967560689896345,-0.02126065455377102,-0.008490744046866894,-0.02645307034254074,-0.022716639563441277,-0.01223842240869999,0.006440077908337116,-0.015953272581100464,-0.02454656921327114,-0.015926724299788475,7.799761947424599e-10,0.0003121245827060193,0.00023730553220957518,-8.98089783731848e-05,0.00015668803825974464,-0.0002622177416924387,4.480496045289328e-06,-0.00017781771020963788,-5.165782567928545e-05,-4.000479748356156e-05,3.0207151212380268e-05,-9.558985766489059e-05,-6.932327232789248e-05,-7.332321547437459e-05,-2.6878960852627642e-05,-1.7232618120033294e-05,1.1943307072215248e-05,0.36072584986686707,0.2666652202606201,0.17723014950752258,0.14805136620998383,0.1784023493528366,0.2079022228717804,0.22474651038646698,0.22371621429920197,0.2693534195423126,0.36713963747024536,0.507221519947052,0.5195122957229614,19.08970066877117,18.501585825550357,20.094193660682457,17.66999428979015,18.862594430548775,19.578315387373753,58.729855118022904,2177.056453407004,0.1263650873655914,MariamB,English
-1.0,0.16552911698818207,-0.059127770364284515,0.0985252857208252,-0.06093231588602066,0.030951041728258133,-0.05982927605509758,0.020885638892650604,-0.03912430629134178,-0.0037859652657061815,-0.03423818573355675,-0.006767431274056435,-0.013629565015435219,0.0042975726537406445,-0.014333194121718407,-0.01921343430876732,-0.0017123552970588207,1.3772997187189162e-09,-0.0006492131506092846,0.000397827650886029,0.00028022401966154575,0.0002369090070715174,3.633504456956871e-05,0.0001046484467224218,0.00015299599908757955,0.00023797477479092777,0.0002123427257174626,0.00025635273777879775,0.00011442352115409449,0.00011156775144627318,-6.067085632821545e-05,-9.520888124825433e-05,-2.0231722373864613e-05,5.2489409426925704e-05,0.42810526490211487,0.3363115191459656,0.29451948404312134,0.28004488348960876,0.2575673460960388,0.25436827540397644,0.33358797430992126,0.4726063311100006,0.4930809736251831,0.5233549475669861,0.47889015078544617,0.5423263311386108,20.53447519114101,17.01262060537155,18.165800539740033,15.848939867108088,17.565960693138408,19.21344608564386,62.18177277548365,2938.568526247482,0.20458675336234178,MariamB,English
-1.0,0.2785540819168091,-0.0688721090555191,0.09728753566741943,-0.065519779920578,0.0240344051271677,-0.06746942549943924,0.012357771396636963,-0.025589782744646072,-0.023930879309773445,-0.027990130707621574,-0.022141093388199806,-0.016385214403271675,0.0024003610014915466,-0.01588824950158596,-0.03162344917654991,-0.004009158816188574,1.2364395063357847e-09,-0.0001915515458676964,0.0004938796046189964,-0.0001258837291970849,0.00019651986076496542,-0.00032047100830823183,-0.00015651925059501082,-0.00024250416026916355,-0.00010766461491584778,-1.821533624024596e-05,-0.0001711182267172262,-9.816366218728945e-05,4.058163995068753e-06,-0.00020751859119627625,-0.00019023846834897995,-3.4699507523328066e-05,-1.3909736480854917e-05,0.397823691368103,0.21728406846523285,0.21250218152999878,0.19178801774978638,0.13614559173583984,0.15017665922641754,0.24013495445251465,0.34953758120536804,0.3851642608642578,0.38889989256858826,0.5179718136787415,0.6572673320770264,20.611826849632692,18.143212054474496,19.14814726155849,17.57648388787384,18.804114633962286,18.37601673456732,58.69544918029392,1988.194940018279,0.11167214133522728,MariamB,English
-1.0,0.2797497808933258,-0.08432778716087341,0.076847605407238,-0.0374070443212986,0.010118965990841389,-0.044091690331697464,-0.009229122661054134,-0.023708809167146683,-0.01109226793050766,-0.013862509280443192,0.00960709061473608,-0.03797795996069908,-9.108829544857144e-05,-0.010129272006452084,-0.03246578201651573,-0.0002931299968622625,7.942093649404569e-10,-0.00027356899227015674,-0.00011253204866079614,8.123536827042699e-05,9.783892892301083e-05,0.00025721703423187137,0.00010589225712465122,0.0001345151977147907,6.648994167335331e-05,2.933076029876247e-05,-1.4410911717277486e-05,-0.00014974712394177914,-8.353933662874624e-05,-4.3836713302880526e-05,8.730577974347398e-06,-0.00019461858028080314,-2.587719245639164e-05,0.49286073446273804,0.3037321865558624,0.21115484833717346,0.2062317430973053,0.20887191593647003,0.21991069614887238,0.3046313226222992,0.3336355686187744,0.3060356080532074,0.3417620062828064,0.47664719820022583,0.5508240461349487,18.344805550791396,18.238722013318075,19.678368203447764,17.215090996900624,19.181961291827164,20.602297432087568,55.28547840250325,2208.185034476224,0.11388001824817519,MariamB,English
-1.0,0.2526160776615143,-0.10934596508741379,0.09610845893621445,-0.07000680267810822,-0.018933795392513275,-0.1044883206486702,-0.00783888716250658,-0.013695403933525085,-0.014025401324033737,-0.04015220329165459,0.00209817080758512,-0.05594511702656746,-0.0013541451189666986,-0.022712765261530876,-0.04265543073415756,0.003993528429418802,1.012155248503177e-09,0.001436156569980085,-2.1722149540437385e-05,-0.0004719169810414314,0.00013354448310565203,-0.0006057163118384778,0.0006657476769760251,-0.0003415480605326593,2.422809302515816e-05,-0.00012124037311878055,0.0004142507095821202,0.00014151261711958796,0.00021176460722927004,0.0001284225727431476,0.00011827013804577291,0.0003364381263963878,0.0001350841484963894,0.40751710534095764,0.45353156328201294,0.3262440264225006,0.19066627323627472,0.14453397691249847,0.12630362808704376,0.14052166044712067,0.28389090299606323,0.2716643512248993,0.21469160914421082,0.2498185783624649,0.3359847664833069,18.38100496057476,18.17982767001735,22.179022153715668,19.90062914932082,20.201628004705658,22.307761635519128,59.7434166177962,2374.1251466636663,0.14324582122093024,MariamB,English
-1.0,0.2757413685321808,-0.0845329686999321,0.08206355571746826,-0.03792203962802887,0.005428955424576998,-0.05244448035955429,0.020345062017440796,-0.029451992362737656,-0.017580842599272728,-0.01808382011950016,-0.0018720212392508984,-0.020753176882863045,-0.007471003104001284,-0.021767238155007362,-0.021123940125107765,0.00025435196585021913,1.1826812862381075e-09,-0.0007649835315532982,9.735843923408538e-05,0.00013684430450666696,0.0003265417763032019,0.00014462559192907065,0.00010184860730078071,2.729042353166733e-05,0.0001053642263286747,4.494579115998931e-05,6.908185605425388e-05,7.365475175902247e-05,-6.022796151228249e-05,-5.849337321706116e-05,1.0873413884837646e-05,-5.4223182814894244e-05,-0.00012595314183272421,0.4479984641075134,0.43829166889190674,0.3564669191837311,0.24624107778072357,0.2127215415239334,0.18513177335262299,0.20001821219921112,0.23939312994480133,0.2854076027870178,0.39077988266944885,0.3732835650444031,0.4355965554714203,20.3066167922393,18.685975084453794,20.138319749224678,16.9054492232353,19.386323283669896,19.79875536102605,58.291449817611465,1936.811528885281,0.10755456012228261,MariamB,English
-1.0,0.2773894667625427,-0.08278114348649979,0.09305628389120102,-0.05600215122103691,0.012210231274366379,-0.04637916386127472,-0.0019965635146945715,-0.040857747197151184,-0.00817855540663004,-0.020888537168502808,0.010462840087711811,-0.04001856967806816,-0.005229238420724869,-0.021572986617684364,-0.03521387651562691,-0.007172390352934599,6.495921578419939e-10,-8.545704986318015e-06,-2.8714270229102112e-05,0.00012953967961948365,5.071552368463017e-05,1.4799210475757718e-05,-0.00019437946320977062,-6.681377999484539e-05,-0.00010257413669023663,-8.78552018548362e-05,-2.3274124032468535e-05,-6.671805022051558e-05,-8.755517774261534e-05,-0.00011971371714025736,-5.125541429151781e-05,-5.172539022169076e-05,-4.1874649468809366e-05,0.4089985489845276,0.3844442665576935,0.2914164960384369,0.23734723031520844,0.31079626083374023,0.2995419502258301,0.2775779962539673,0.2826307415962219,0.34127458930015564,0.36988407373428345,0.39885157346725464,0.414288192987442,19.185842647661463,18.95809460758309,19.414853667352922,16.94286266686508,18.649145870913664,20.193516476811684,56.90732763278578,2148.8909521481164,0.11502302938432836,MariamB,English
-1.0,0.30577191710472107,-0.08685581386089325,0.08026529103517532,-0.06727409362792969,0.02960692159831524,-0.07647332549095154,-0.002070041373372078,-0.031125137582421303,-0.030101696029305458,-0.02105027064681053,-0.02274176850914955,-0.021403012797236443,0.006898244842886925,-0.022652769461274147,-0.028292439877986908,-0.011377861723303795,8.704534315562285e-10,-0.00011452406761236489,-9.283512554247864e-06,2.4821132683428004e-05,0.00018948903016280383,-0.00012878933921456337,7.227021706057712e-05,1.1603497114265338e-05,-9.216307080350816e-05,-8.324095688294619e-05,3.588782419683412e-05,-0.00013287385809235275,-0.00018759080558083951,-9.52883328864118e-06,-7.565561099909246e-05,-3.8799462345195934e-05,6.19860875303857e-05,0.37782663106918335,0.2187625616788864,0.13859738409519196,0.14262159168720245,0.15596534311771393,0.1973489671945572,0.21126775443553925,0.1548580825328827,0.19477227330207825,0.3279833495616913,0.5214599967002869,0.5909600257873535,19.026881087616907,18.89885657190962,20.29945017843992,17.69242398372275,19.197382236954255,19.302545029213185,57.64107832242192,1843.936496923704,0.09891796875,MariamB,English
-1.0,0.27210476994514465,-0.0896243080496788,0.06642959266901016,-0.052381426095962524,0.02921411767601967,-0.04114558920264244,-0.0054619815200567245,-0.046132151037454605,-0.013384098187088966,-0.013001244515180588,0.018288176506757736,-0.02661897987127304,8.949416223913431e-05,-0.029173430055379868,-0.041649188846349716,-0.0023042536340653896,7.689517911302346e-10,-0.0007088457350619137,3.7207726563792676e-05,-2.5019127861014567e-05,-0.00022320910647977144,8.450656605418772e-05,-0.00025480263866484165,7.122826355043799e-05,-0.0002781488001346588,-3.423023008508608e-05,-6.013476013322361e-05,7.213030767161399e-05,-6.854165349068353e-06,-6.113344716141e-05,-2.1386469597928226e-05,-0.0001269966014660895,1.8070408259518445e-05,0.3969112038612366,0.33572280406951904,0.241646870970726,0.24576932191848755,0.2921386957168579,0.2903245985507965,0.2932819724082947,0.29717960953712463,0.3193163275718689,0.32697412371635437,0.4417881369590759,0.4637455344200134,17.931495292289174,18.40720258968178,19.31628824987982,17.160807430502526,18.05113222566775,20.85924012992171,56.8461152978668,2498.9166683050894,0.1373778434187279,MariamB,English
-1.0,0.25715920329093933,-0.10452842712402344,0.08680129051208496,-0.05916449800133705,-0.018752897158265114,-0.0952645018696785,0.009313981048762798,0.0006212800508365035,-0.016905928030610085,-0.019977929070591927,-0.00022235960932448506,-0.04008827731013298,0.002635389333590865,-0.018475987017154694,-0.035533081740140915,-0.0036078437697142363,9.628909891645776e-10,-0.0009225065005011857,0.00023874471662566066,9.639759082347155e-05,3.8413345464505255e-06,0.00020778001635335386,-0.00042602274334058166,0.00024378688249271363,-0.00010990368173224851,1.1293432180536911e-05,-1.9570647054933943e-05,-7.310864020837471e-05,-0.00010803256009239703,7.900706259533763e-05,-0.00020499179663602263,-4.489230559556745e-05,0.00017936504445970058,0.38568294048309326,0.5322305560112,0.48485812544822693,0.26868492364883423,0.19727233052253723,0.17831091582775116,0.22615492343902588,0.31015744805336,0.31075698137283325,0.23125049471855164,0.21127311885356903,0.25411608815193176,18.866150874214817,17.094852555896015,21.006468034625676,19.387725696978595,19.65706668100999,20.754502667771714,58.883692380007254,2358.7858641477737,0.14710877004977876,MariamB,English
-1.0,0.26623407006263733,-0.09213162958621979,0.09153294563293457,-0.0624624565243721,0.026220936328172684,-0.05533013865351677,-0.010625330731272697,-0.03300703689455986,-0.011404464952647686,-0.02744687721133232,-0.01057044230401516,-0.022374000400304794,-0.009243054315447807,-0.02284979820251465,-0.03696473687887192,-0.010538861155509949,1.360083490276054e-09,-0.0006637244368903339,0.00047304091276600957,0.00015996256843209267,0.00024319747171830386,-3.603915729399887e-06,-0.0001304243633057922,-0.00015370479377452284,-0.0001435549493180588,-8.251029066741467e-05,-7.393168925773352e-05,-4.516328772297129e-05,0.00014122304855845869,9.618646436138079e-05,-0.0001450243580620736,-0.00017872979515232146,8.325412636622787e-05,0.4998263418674469,0.2836030125617981,0.19993117451667786,0.174894779920578,0.19940173625946045,0.22544412314891815,0.2701489329338074,0.28301605582237244,0.35981664061546326,0.41824355721473694,0.4922974705696106,0.5640925765037537,19.75742493069869,19.108664013395696,19.848306412837907,16.769880274897936,19.46786665348941,20.199131039132073,57.97746164330488,2126.7271715512843,0.1253387451171875,MariamB,English
-1.0,0.35342901945114136,-0.12468414753675461,0.07112792134284973,-0.07548139989376068,0.03019024431705475,-0.05872936546802521,0.0004922584630548954,-0.015253355726599693,-0.02183772623538971,-0.008333245292305946,-0.0012243085075169802,-0.03645024076104164,-0.01594659872353077,-0.009587744250893593,-0.04049111157655716,-0.0032955720089375973,8.500521953003215e-10,-8.70577059686184e-06,0.00022465709480457008,3.8414073060266674e-05,4.933944728691131e-05,-3.852750523947179e-05,-0.00018083423492498696,-2.1342450054362416e-05,-0.0001358415320282802,-7.573943003080785e-05,-0.0001031153806252405,-0.00017849305004347116,2.7861651687999256e-05,-1.1291733244433999e-05,-1.2710683222394437e-05,-5.051447078585625e-05,-1.4495311916107312e-05,0.6674453020095825,0.3955748677253723,0.20167392492294312,0.20671230554580688,0.26773500442504883,0.24552419781684875,0.33738183975219727,0.4455567002296448,0.28498655557632446,0.2254188358783722,0.295411616563797,0.49169018864631653,19.977662082999384,16.899235429495434,18.691869945543964,17.448899149898992,18.389550260744116,19.90944028753702,56.743644305246434,1777.322478508098,0.09710884094238281,MariamB,English
-1.0,0.27846163511276245,-0.08492545038461685,0.09316518157720566,-0.06149443984031677,0.01058724895119667,-0.05421274155378342,-0.009789282456040382,-0.03510221838951111,-0.029982278123497963,-0.02932477369904518,-0.027995236217975616,-0.018452579155564308,-0.0034920708276331425,-0.023620007559657097,-0.030757049098610878,-0.006626200396567583,5.132390623607819e-10,-0.00028265785658732057,0.0001543425169074908,9.868281631497666e-05,0.00023539832909591496,-1.2340217836026568e-05,5.99019631408737e-06,1.3871012924937531e-05,5.4320702474797145e-05,5.0393548008287326e-05,6.990465772105381e-05,3.5529094020603225e-05,-9.73314672592096e-06,7.88293436926324e-06,7.002025995461736e-06,3.062779433093965e-05,4.314543184591457e-05,0.42203742265701294,0.24502085149288177,0.20912592113018036,0.19524823129177094,0.19510118663311005,0.19832506775856018,0.20554040372371674,0.24365432560443878,0.29403072595596313,0.35543668270111084,0.52972412109375,0.579237699508667,20.32855685201899,17.967767111496368,19.35845154171517,16.8633402813146,18.29662775795536,19.978343435748897,58.86541596606975,2035.6969029201186,0.12130564563679246,MariamB,English
-1.0,0.30406373739242554,-0.10843784362077713,0.0705796480178833,-0.05268949270248413,0.019089238718152046,-0.06326765567064285,-0.011677627451717854,-0.027045808732509613,-0.03005112148821354,-0.03542735427618027,-0.006429522298276424,-0.02353079617023468,-0.00949808768928051,-0.017050080001354218,-0.022589845582842827,-0.013457127846777439,1.326910692434069e-09,-0.0008598332642577589,0.0003514698473736644,-0.0002481327683199197,0.00028184030088596046,-0.00029880288639105856,-8.549670747015625e-05,-0.000126676241052337,-0.0002445584104862064,-0.00015677329793106765,-0.0002231609250884503,-0.00013672822387889028,0.000244729541009292,-1.7881888197734952e-05,3.277828000136651e-05,0.0001253127702511847,5.894952846574597e-05,0.4230385422706604,0.32771793007850647,0.29674312472343445,0.2650998532772064,0.26867374777793884,0.29072362184524536,0.2517733573913574,0.2905951738357544,0.30103638768196106,0.38751843571662903,0.5478515028953552,0.5111115574836731,19.96915839526077,19.094309509372383,19.73402088618795,17.135092168372637,19.581673733181738,19.707133846746935,57.089853272864644,1863.1485175350986,0.10601955506859756,MariamB,English
-1.0,0.302814781665802,-0.06421875208616257,0.054854344576597214,-0.02100052870810032,0.007818699814379215,-0.044484879821538925,-0.0037886397913098335,-0.008093122392892838,-0.011802811175584793,-0.01278584636747837,-0.0033864250872284174,-0.027075080201029778,-0.006986531428992748,-0.0050053042359650135,-0.029329197481274605,-0.00756027502939105,1.2364395063357847e-09,-0.0005537902470678091,0.0004045330861117691,7.847940287319943e-05,0.0001528517750557512,-0.00019925601372960955,9.73362912191078e-05,-0.0001513640017947182,-2.713384446906275e-06,-0.0001468875998398289,-0.00011141311551909894,-4.96178945468273e-05,0.00025299048866145313,-0.0001204069412779063,-8.408909343415871e-05,0.00015713064931333065,-0.00022452379926107824,0.3700251579284668,0.2768803536891937,0.22803135216236115,0.21301759779453278,0.20600976049900055,0.22777535021305084,0.2678704559803009,0.35220789909362793,0.48985978960990906,0.5418816804885864,0.46659567952156067,0.4863032400608063,20.405358219053586,18.176157238179425,19.57087415131858,16.707222065058218,18.8090292020678,18.35231689664823,57.925877072063344,1614.160077971129,0.07522305575284091,MariamB,English
-1.0,0.29900652170181274,-0.09653829783201218,0.08593953400850296,-0.07229725271463394,0.012000657618045807,-0.050905920565128326,-0.010375428013503551,-0.037878092378377914,-0.02192377857863903,-0.03241262584924698,-0.01914953999221325,-0.019460169598460197,-0.00623379135504365,-0.026680268347263336,-0.03088308684527874,-0.015428829938173294,7.74424802063578e-10,-0.0001228384062414989,0.000202307608560659,-0.0002691690169740468,0.00016822364705149084,0.00013398428563959897,-8.093762153293937e-05,-6.223753644007957e-06,0.00010091889271279797,-2.6108518795808777e-05,-7.82264323788695e-05,-0.00014217592251952738,-1.0314758583263028e-05,4.238379460730357e-06,2.6340148906456307e-05,2.2582311430596747e-05,-7.490601274184883e-05,0.4357589781284332,0.2139199674129486,0.16538622975349426,0.20849911868572235,0.2159014195203781,0.23565877974033356,0.26996180415153503,0.21122419834136963,0.23759368062019348,0.3018779754638672,0.4658510982990265,0.5803762674331665,19.957634239228284,18.77312349740461,19.717181436276846,17.381346170387378,19.14664558613084,20.340240984687927,57.426007048716095,1938.3317887100766,0.1108328931272242,MariamB,English
-1.0,0.27061963081359863,-0.0923105776309967,0.08235519379377365,-0.07034015655517578,-0.005847719963639975,-0.05018189921975136,-0.015446390956640244,-0.033970922231674194,-0.0408637560904026,-0.030974209308624268,-0.004659379832446575,-0.03217589110136032,-0.0070723071694374084,-0.02483232505619526,-0.03627173602581024,-0.008298717439174652,6.307633859670148e-10,-0.00011405374971218407,0.0001426994422217831,-0.0001162854750873521,0.00018345171702094376,-4.4455173338064924e-05,3.19032151310239e-05,-8.111770875984803e-05,-0.00011999659182038158,-5.638739821733907e-06,-6.505871715489775e-05,-0.00010638745879987255,-0.00012643204536288977,-0.00013967488484922796,-3.573308276827447e-05,3.9370086597045884e-05,-0.00011538412945810705,0.3198610246181488,0.29952332377433777,0.2470754235982895,0.21482044458389282,0.20672035217285156,0.25996097922325134,0.1861875057220459,0.2193213254213333,0.3248526155948639,0.36688482761383057,0.41599491238594055,0.39088404178619385,20.40908632111395,18.411026875737956,20.253584898836465,17.87870049217785,19.318706406081276,21.17915209278095,57.94650563968523,2128.4257007077913,0.12857365262681159,MariamB,English
-1.0,0.3728576898574829,-0.11314652115106583,0.12488879263401031,-0.06051889806985855,0.04452183097600937,-0.029689878225326538,0.034308090806007385,-0.02170613221824169,0.0016919062472879887,-0.039124853909015656,-0.030598927289247513,-0.010955920442938805,-0.004209509585052729,-0.03447338193655014,-0.03095303103327751,0.0076982066966593266,5.637652011891703e-10,-0.0007266756729222834,0.0002755332097876817,-0.00011808812996605411,-0.00013933370064478368,0.00014543623547069728,-0.00023173104273155332,4.6538247261196375e-05,-0.0001856657472671941,-1.4742334315087646e-05,-5.230056558502838e-05,-1.5544763300567865e-05,-0.00010443433711770922,-3.780314000323415e-05,1.946830889210105e-05,4.96834036312066e-05,-2.0874478650512174e-05,0.5448723435401917,0.3502574861049652,0.22956570982933044,0.18983829021453857,0.12380696833133698,0.11169803887605667,0.21110570430755615,0.3177112936973572,0.31489044427871704,0.3999817967414856,0.4388377070426941,0.5405002236366272,22.966308297157497,16.976125803622914,17.978089268720638,18.263492569771493,19.277661683089946,19.735470339107163,59.244388716005105,1768.5307848762334,0.09179055011334197,MariamB,Arabic
-1.0,0.2957930266857147,-0.05213826149702072,0.10352432727813721,-0.06046820059418678,0.07505325973033905,-0.05153894051909447,0.05763028934597969,-0.03099058009684086,0.011537360027432442,-0.031187070533633232,-0.007222418207675219,-0.014912201091647148,-0.0093075605109334,-0.0085075618699193,-0.020388107746839523,0.009002833627164364,7.503909160710975e-10,-0.000484351854538545,-1.008980780170532e-05,0.00011260961764492095,-1.934946521942038e-05,-0.00014736269076820463,-6.040550579200499e-05,-9.552006667945534e-05,-0.00018601275223772973,7.559705750281864e-07,-5.72085045860149e-05,-2.657335608091671e-05,2.7937307095271535e-05,1.938047535077203e-05,2.099046923831338e-06,1.9354141841176897e-05,2.1864487280254252e-05,0.3634442687034607,0.22278697788715363,0.19375166296958923,0.20025290548801422,0.165305495262146,0.19725589454174042,0.37391987442970276,0.5330700874328613,0.48608657717704773,0.5090207457542419,0.4371269941329956,0.4393655061721802,23.478475602551995,15.331052618056166,18.343432792488887,16.949974640037432,17.438125134176886,17.92340926656096,62.29364811624493,2136.566619135598,0.11499191810344828,MariamB,Arabic
-1.0,0.3482615649700165,-0.1025894284248352,0.12419271469116211,-0.05790908634662628,0.060040801763534546,-0.037159137427806854,0.055738337337970734,-0.01555199921131134,-0.00928061455488205,-0.016917796805500984,-0.035009726881980896,-0.02423202432692051,-0.0032738482113927603,-0.02027493715286255,-0.04472237452864647,-0.008536117151379585,7.85607801034871e-10,-0.0006786889280192554,4.417742457007989e-05,3.586324964999221e-05,-1.5796306342963362e-06,0.0002528838813304901,-8.776734466664493e-05,4.403856655699201e-05,-0.00021341972751542926,1.4655803170171566e-05,-5.2693405450554565e-05,9.759023669175804e-06,-7.028573600109667e-05,-2.6353289285907522e-05,6.190956628415734e-05,5.492963464348577e-05,8.377781341550872e-06,0.5066894888877869,0.3567652106285095,0.3063194751739502,0.20472556352615356,0.1353631317615509,0.17709986865520477,0.31364700198173523,0.4010096788406372,0.4012623131275177,0.42255619168281555,0.4497188925743103,0.5724921822547913,22.616496549870387,17.890888687990525,17.79396523871996,18.17930200216898,18.92289521513606,18.052823575676054,60.26913961273988,1980.687663998594,0.10383820791967509,MariamB,Arabic
-1.0,0.3304319977760315,-0.07338311523199081,0.10029387474060059,-0.05034914240241051,0.05155250057578087,-0.046599291265010834,0.03928053006529808,-0.037326037883758545,0.009646574966609478,-0.0234028622508049,-0.018708540126681328,-0.030268583446741104,0.0005900752730667591,-0.015932483598589897,-0.046963635832071304,-0.005190253723412752,8.739492463050169e-10,-0.00047317901044152677,-0.00018039489805232733,0.0005508403410203755,-0.0005053868517279625,-0.0004723000747617334,-0.00047149721649475396,-0.00022285155137069523,-0.0005485685542225838,5.6925564422272146e-05,-0.00023018417414277792,0.00015747436555102468,-4.582774272421375e-05,8.007096766959876e-05,-9.894351387629285e-05,6.680384831270203e-05,0.00010204644786426798,0.43249887228012085,0.35113412141799927,0.3051427900791168,0.27512431144714355,0.23204272985458374,0.2327321320772171,0.321114718914032,0.4399915933609009,0.418499231338501,0.5161896347999573,0.4897734820842743,0.38401487469673157,23.41995265874288,16.222872087280603,16.971757112961008,16.830457465718922,17.542420051723365,18.202852499948985,61.69346928746611,2116.3507037263216,0.11442645582329317,MariamB,Arabic
-1.0,0.3241153657436371,-0.07409804314374924,0.10720023512840271,-0.0593377910554409,0.05097346380352974,-0.03463396802544594,0.03402052819728851,-0.013532617129385471,-0.015663649886846542,-0.02205037884414196,-0.024940483272075653,-0.01006394624710083,-0.010010425932705402,-0.03389906883239746,-0.0192462969571352,-0.004474102985113859,7.608858543228791e-10,0.0006437096162699163,7.600670505780727e-05,-0.00013411891995929182,-0.00013235317601356655,-0.00023838075867388397,8.961653657024726e-05,-9.972893894882873e-05,-5.1587547204690054e-05,-0.0002155219845008105,-0.00013562259846366942,-0.00024579992168582976,-8.290666301036254e-05,2.3479749870602973e-05,-4.374945638119243e-05,-1.2601550224644598e-05,-1.2659669437198318e-06,0.4503636956214905,0.3758144974708557,0.2570110261440277,0.18014207482337952,0.12080888450145721,0.1643999069929123,0.3092690706253052,0.3632037341594696,0.334024041891098,0.3500944674015045,0.3911017179489136,0.45787033438682556,23.43223872405735,17.546484923083614,18.292862743886975,18.44521897116776,18.414346398627043,19.10447650871318,60.04260657770284,2021.7833518348568,0.10416780485139861,MariamB,Arabic
-1.0,0.3120277523994446,-0.04521109163761139,0.10841101408004761,-0.039602987468242645,0.05323919653892517,-0.034422460943460464,0.047648679465055466,-0.00492758397012949,-0.021779244765639305,-0.03293846175074577,-0.007375292479991913,-0.02051221765577793,-0.024761397391557693,-0.007599232718348503,-0.01807897351682186,-0.007576336152851582,1.5543811793250484e-09,-0.0007273744558915496,0.0005896337097510695,-0.0003836425894405693,0.00025006241048686206,-0.0002820857334882021,9.576177944836672e-06,-0.000143739627674222,-0.000293057004455477,4.220160553813912e-05,9.457950363866985e-05,3.491860843496397e-05,-2.3298018277273513e-05,-0.00013054447481408715,-0.000286651513306424,-0.00026056510978378356,-5.535957097890787e-05,0.43529751896858215,0.3614782691001892,0.28076064586639404,0.1957208663225174,0.12736041843891144,0.12882907688617706,0.2913554012775421,0.4707828462123871,0.4665164351463318,0.4482000470161438,0.30697646737098694,0.33908605575561523,24.072158229177788,16.246935686002576,16.874922729795696,16.54810576573332,18.329351925642342,17.973238578444366,59.59623339334078,1876.5062039057675,0.086962890625,MariamB,Arabic
-1.0,0.3971426784992218,-0.13335658609867096,0.1112055853009224,-0.080411896109581,0.03864007070660591,-0.041419632732868195,0.03374381363391876,-0.018262416124343872,-0.008088615722954273,-0.025655869394540787,-0.058030057698488235,-0.032119251787662506,0.0005484385183081031,-0.03467610478401184,-0.05433834716677666,-0.004669256508350372,5.426767368810204e-10,-0.0001948298595380038,1.4893692423356697e-05,-6.921236490597948e-07,-0.00018214168085251004,-8.155782415997237e-05,-0.00013931028661318123,-5.163767855265178e-05,-0.00012943327601533383,5.1224396884208545e-05,7.11024840711616e-05,2.5276382075389847e-05,4.729333522845991e-05,-1.5734140106360428e-05,8.178187999874353e-05,3.8994850910967216e-05,3.269573062425479e-05,0.4919293224811554,0.4357660412788391,0.3558988869190216,0.20915928483009338,0.1114380955696106,0.11386482417583466,0.21482889354228973,0.356148362159729,0.33718225359916687,0.30340906977653503,0.30664098262786865,0.4298684298992157,23.150166571200565,18.092805467271155,17.862462281655084,19.174536437051348,19.717204030521106,19.572773042673063,59.63067083730405,1852.2805341253825,0.09053538029925187,MariamB,Arabic
-1.0,0.4247868061065674,-0.16690030694007874,0.13852037489414215,-0.0744687169790268,0.043632376939058304,-0.05201539769768715,0.021175747737288475,-0.00519922561943531,-0.00468177255243063,-0.034243449568748474,-0.03238212317228317,-0.01393927913159132,0.011544743552803993,-0.05042904242873192,-0.04635165259242058,0.007206323090940714,7.351802500110693e-10,-0.0007201706757768989,0.0004905527457594872,-0.00011222285684198141,8.517569222021848e-05,0.000199795700609684,-9.392749052494764e-05,-0.00010806418868014589,-0.0002667861117515713,-8.600889486842789e-06,-2.7080406653112732e-05,0.00012863469601143152,-6.796064553782344e-05,0.00011631108645815402,0.0001077222332241945,-7.995562918949872e-05,3.465287227299996e-05,0.5168851613998413,0.38607707619667053,0.33092838525772095,0.2915533483028412,0.1772245615720749,0.13792851567268372,0.25315120816230774,0.32158294320106506,0.2804899513721466,0.3392793536186218,0.3822701573371887,0.5098242163658142,22.625682255892364,17.005306937699388,18.727067913372444,18.32839090389849,19.891551087258748,20.49631102648949,58.087266812532306,1853.1200031139838,0.09884890994510136,MariamB,Arabic
-1.0,0.3697093427181244,-0.07364796847105026,0.10148334503173828,-0.04123612493276596,0.03368460759520531,-0.02491307631134987,0.04398373141884804,0.002833814360201359,-0.03160000219941139,-0.031637731939554214,-0.015956588089466095,-0.028164710849523544,-0.027458088472485542,-0.01995747536420822,-0.01661052368581295,-0.0033012034837156534,1.6239802835826822e-09,-0.00028316586394794285,0.00017693360859993845,-0.0001753117685439065,0.0002752664149738848,-0.0002718060277402401,6.58034987282008e-05,-0.00033851401531137526,-0.0003384576993994415,-8.138858538586646e-05,7.569984518340789e-06,-0.0003859560238197446,-0.00030253230943344533,-0.0001775225973688066,-0.00022947184334043413,-0.00018619938055053353,-0.00011248886585235596,0.3393910527229309,0.35041263699531555,0.4166187047958374,0.27839428186416626,0.1025533601641655,0.10894690454006195,0.24266202747821808,0.37970003485679626,0.37909913063049316,0.32025983929634094,0.22603672742843628,0.29496416449546814,23.068518410696978,18.226786011856085,17.033163088122976,19.594553816078626,18.963863475254787,18.55354201615912,57.92000127982906,1533.2700667884621,0.0544980177238806,MariamB,Arabic
-1.0,0.332472562789917,-0.07927705347537994,0.13398784399032593,-0.06304243206977844,0.05926736444234848,-0.04884161055088043,0.04382976144552231,-0.016316907480359077,0.00033077638363465667,-0.050323959439992905,-0.04208189249038696,-0.01747922971844673,-0.010866351425647736,-0.0297057144343853,-0.035139504820108414,0.005543380975723267,9.671704548352977e-10,-0.00017717589798849076,0.0002721832715906203,-0.0004308022325858474,2.9356637242017314e-05,-5.938420872553252e-05,-8.493925270158798e-05,-2.9536990041378886e-05,1.78562113433145e-05,5.713589780498296e-05,-6.046543603588361e-06,-2.7234587832936086e-05,1.7841401131590828e-05,-7.54260181565769e-05,-5.661265822709538e-05,-0.00011170677316840738,2.224014860985335e-05,0.3982278108596802,0.39922070503234863,0.4852229058742523,0.35756880044937134,0.18888972699642181,0.19359947741031647,0.31472113728523254,0.40892231464385986,0.3978135883808136,0.40799495577812195,0.3434862196445465,0.34665775299072266,23.147852585685307,17.093093236002257,17.44240762391059,18.11564696396606,19.00976048282985,18.102261137750627,61.5565894688631,2036.6984019969218,0.09885633680555556,MariamB,Arabic
-1.0,0.3889605402946472,-0.12989558279514313,0.14743182063102722,-0.066036656498909,0.04764382913708687,-0.044520922005176544,0.059077199548482895,-0.0241803340613842,0.0065276543609797955,-0.030287407338619232,-0.04415227472782135,-0.0448153056204319,-0.0026653704699128866,-0.03881322592496872,-0.05259643495082855,-0.0034930440597236156,1.1275304023783406e-09,-0.0007574016344733536,0.001585635356605053,-0.0003523539053276181,0.0004255645035300404,-7.3937553679570556e-06,7.436687155859545e-05,0.00023065101413521916,-0.00017297579324804246,-1.6021296687540598e-05,-2.0225392290740274e-05,-0.00010742959420895204,-7.540053047705442e-05,-0.00011896484647877514,0.00015243125380948186,0.00011083371646236628,-0.00027192747802473605,0.41028615832328796,0.37450283765792847,0.43738189339637756,0.32372480630874634,0.20542554557323456,0.20135946571826935,0.23256447911262512,0.24705715477466583,0.26840710639953613,0.3384966254234314,0.2481570839881897,0.3071180582046509,22.13542227349264,19.09522097575449,18.802153678772257,19.37775171055866,19.171081793245268,20.228086733037095,59.82407855739832,2064.925217686019,0.11223637872409327,MariamB,Arabic
-1.0,0.3322719931602478,-0.07096488773822784,0.11269941180944443,-0.0548643097281456,0.07062029838562012,-0.037323858588933945,0.03764375299215317,-0.030660144984722137,-0.00509417662397027,-0.03171853348612785,-0.02668105624616146,-0.028972754254937172,-0.001960103865712881,-0.023961812257766724,-0.03144935145974159,0.002149384468793869,7.716786099010164e-10,-0.00028035271679982543,0.0002624414337333292,-0.00029083891422487795,-0.0001007185346679762,3.159906918881461e-05,-0.00011698333401000127,0.0001380928442813456,-4.8035875806817785e-05,0.00010284985910402611,0.0001606249570613727,1.6854692148626782e-05,-0.00025506154634058475,-4.7094959882088006e-05,3.684355760924518e-05,-4.225389420753345e-05,-1.8530128727434203e-05,0.4788716733455658,0.4414537250995636,0.33731380105018616,0.1967402845621109,0.15306873619556427,0.22353492677211761,0.2982769012451172,0.32928451895713806,0.37780722975730896,0.371630996465683,0.36424925923347473,0.5184294581413269,23.389709132467996,17.55490094214448,17.45781525567906,17.61547323903226,18.39096781368377,18.711700235439274,61.14602509781557,1959.8218360760684,0.10078159629875887,MariamB,Arabic
-1.0,0.3623853325843811,-0.06900875270366669,0.10149791836738586,-0.043422192335128784,0.0434747152030468,-0.03054897114634514,0.04078488051891327,0.01048162393271923,-0.006396435666829348,-0.031738296151161194,-0.02320292592048645,-0.019047781825065613,-0.025210674852132797,-0.015550175681710243,-0.024257902055978775,-0.0024957444984465837,1.9088890468310638e-09,-0.0018378410022705793,0.0003924914635717869,-0.0002499447437003255,0.00016641597903799266,-0.00010118235513800755,-0.00014091328193899244,-0.00015333943883888423,-0.00024368989397771657,6.301110988715664e-05,-5.888739906367846e-05,-6.083828702685423e-05,0.00027280833455733955,-0.0001906902907649055,-7.368377555394545e-05,-0.00019264202273916453,-0.00016226418665610254,0.6111664175987244,0.4576065242290497,0.3377229869365692,0.2756521701812744,0.1843346655368805,0.1912051886320114,0.36925894021987915,0.5099546909332275,0.43247634172439575,0.4359451234340668,0.3914509415626526,0.5010664463043213,20.697210435733464,15.879420546247452,17.16203346051997,18.31499290348792,17.94046663395679,17.805435756813022,58.64649468350931,1643.704483921472,0.0741844846491228,MariamB,Arabic
-1.0,0.32966482639312744,-0.05030478537082672,0.10204040259122849,-0.055092114955186844,0.06622279435396194,-0.04485832899808884,0.05125175788998604,-0.030018581077456474,0.011404263786971569,-0.01608063466846943,-0.011206889525055885,-0.03027340956032276,0.0001819763274397701,-0.01056069228798151,-0.04006198048591614,-0.002587892347946763,6.419273446134355e-10,-0.0004794298729393631,5.2756637160200626e-05,-2.7364772904547863e-05,-3.540344550856389e-06,5.542949656955898e-05,-5.97312373429304e-06,2.393376962572802e-05,1.2457634511520155e-05,-1.2023737326671835e-05,-8.645897469250485e-05,8.568533303332515e-06,-2.1937014480499784e-06,-1.8594506400404498e-05,5.6477594625903293e-05,8.040567627176642e-05,7.499535422539338e-05,0.49541175365448,0.3385927081108093,0.2487342357635498,0.2593896985054016,0.21855224668979645,0.17463041841983795,0.31943976879119873,0.5369864702224731,0.4971080422401428,0.46542462706565857,0.4257175028324127,0.4734556972980499,24.264257763382872,15.412258855064188,16.85479848349498,17.26274746161151,18.8026002107904,17.993028329705453,61.12554866882521,1864.2491334250346,0.09465166390117995,MariamB,Arabic
-1.0,0.3360896110534668,-0.061769723892211914,0.12054859101772308,-0.048828788101673126,0.05813578888773918,-0.01669454388320446,0.03043464757502079,-0.010561121627688408,-0.02103942260146141,-0.03950560465455055,-0.016980649903416634,-0.014900250360369682,-0.029207825660705566,-0.0075071388855576515,-0.02594561129808426,-0.008387618698179722,1.5112039397635613e-09,0.0007332300301641226,0.00034158004564233124,-0.0003296801296528429,-0.0003595704329200089,-0.000261581561062485,0.0002045451692538336,-0.00011789053678512573,0.00011168254422955215,-3.1990621209843084e-05,-0.00021651337738148868,-0.0003847181214950979,-0.00047732971142977476,-4.8023804993135855e-05,0.00028568523703143,0.00016439560567960143,-0.00012807959865313023,0.6829285621643066,0.4576766788959503,0.3831542134284973,0.2763359546661377,0.1720164567232132,0.17089326679706573,0.296377956867218,0.4168090522289276,0.42214637994766235,0.44619810581207275,0.5178549289703369,0.6354444026947021,21.72379195880859,14.00997019918389,17.209777524012207,17.56882608154246,17.911919885801645,18.54991685854363,59.59800025938851,1890.2668642717972,0.09322441948784722,MariamB,Arabic
-1.0,0.2848917543888092,-0.07480424642562866,0.11098869889974594,-0.048018936067819595,0.04041852802038193,-0.01389846671372652,0.02760012075304985,0.004612570162862539,-0.010346229188144207,-0.032603684812784195,-0.019995195791125298,-0.01803937554359436,-0.016895564272999763,-0.013307308778166771,-0.02345367707312107,-0.0032728209625929594,1.0028265995387642e-09,-0.0005180020816624165,1.0716965334722772e-05,-9.802581189433113e-05,-6.261959060793743e-05,-0.00010869259131141007,2.508683428459335e-05,2.442356890242081e-05,-3.2251897209789604e-05,9.836265235207975e-05,-3.644078969955444e-05,-0.00011633671238087118,-2.7916115868720226e-05,0.00013967472477816045,6.83451653458178e-05,4.942828309140168e-05,0.00013775756815448403,0.608642578125,0.3979659676551819,0.340751588344574,0.36211565136909485,0.26079073548316956,0.23805660009384155,0.4901655912399292,0.5687025189399719,0.48436859250068665,0.5286563634872437,0.5176793932914734,0.620887279510498,23.617724931370663,14.559871351400503,16.067894322965834,16.793846182759054,17.66621854986971,18.212469038658565,58.88075588997446,1992.231245948976,0.10550025201612903,MariamB,Arabic
-1.0,0.3466303050518036,-0.08689291030168533,0.11657527834177017,-0.06809229403734207,0.04726533219218254,-0.03076818957924843,0.03675845265388489,-0.023330358788371086,-0.00707878265529871,-0.026514293625950813,-0.03145132213830948,-0.018536070361733437,0.007921507582068443,-0.03306974470615387,-0.04056693986058235,0.010632442310452461,4.991132507292662e-10,-0.00032686960184946656,-1.063924082700396e-05,5.503892680280842e-05,-3.707936775754206e-05,-3.994933285866864e-05,-9.846932516666129e-05,-5.5307762522716075e-05,-7.239269325509667e-05,-1.925894684973173e-05,-2.3082497136783786e-05,4.137746509513818e-05,-1.548643376736436e-05,-3.439355350565165e-05,1.6657388187013566e-05,-3.508346344460733e-05,8.145480387611315e-05,0.5045877695083618,0.4015069007873535,0.3120858073234558,0.24616974592208862,0.16201800107955933,0.1404699683189392,0.2507920563220978,0.38676097989082336,0.3971959352493286,0.3695034980773926,0.397755891084671,0.4752153754234314,22.82516555230257,16.47190729251819,17.86192319605616,18.4299680575974,19.155683491992963,19.398906223946963,59.68603765710737,1925.6813842933805,0.0987044868119266,MariamB,Arabic
-1.0,0.4019346237182617,-0.15110325813293457,0.12297989428043365,-0.06556341797113419,0.04285310581326485,-0.05378542095422745,0.032598383724689484,-0.030394231900572777,-0.0061357407830655575,-0.05742954462766647,-0.03871136158704758,-0.04580216109752655,-0.0019002804765477777,-0.04707871377468109,-0.0372946634888649,-0.00012260745279490948,1.0168849096103827e-09,0.000517646549269557,-0.00013293311349116266,-0.0003766771696973592,-9.163011418422684e-05,-0.00028482195921242237,-0.00014179357094690204,-8.718854223843664e-05,0.00013344042235985398,-2.345575012441259e-05,0.00013140786904841661,-0.00024276536714751273,-0.00027943032910116017,-2.5619308871682733e-05,-1.1231959433644079e-05,-3.3249991247430444e-05,-1.0042877875093836e-05,0.4840222895145416,0.4109671711921692,0.3848247826099396,0.22659888863563538,0.13422343134880066,0.17218926548957825,0.2738434672355652,0.31587353348731995,0.3255351185798645,0.36380892992019653,0.3337962329387665,0.42437273263931274,22.900938500180075,18.222655966559262,17.991173944115012,18.89015614469344,19.177706740070846,20.00928823420989,59.998382569344095,1812.4423949614431,0.08036789938668225,MariamB,Arabic
-1.0,0.3574989140033722,-0.09782113134860992,0.11739395558834076,-0.05910419300198555,0.05331066995859146,-0.05466366186738014,0.030093779787421227,-0.012348858639597893,-0.007980035617947578,-0.03680698573589325,-0.030868764966726303,-0.008437774144113064,-0.0061601740308105946,-0.042193394154310226,-0.02372751571238041,0.003288497682660818,7.327048967553651e-10,0.0002744937955867499,-8.036674262257293e-05,5.252448681858368e-05,0.00012133054406149313,-0.0003458386054262519,0.00025160546647384763,-0.000403048237785697,-0.00011482264380902052,-0.0002591738593764603,8.21388020995073e-05,-0.00010473711154190823,1.1632187124632765e-06,6.874134123791009e-05,2.9754395654890686e-05,2.7780746677308343e-05,-7.455171726178378e-05,0.4144155979156494,0.2957931458950043,0.25038760900497437,0.18350759148597717,0.1012711450457573,0.12412748485803604,0.23566868901252747,0.33137887716293335,0.3167293965816498,0.38790586590766907,0.48519912362098694,0.4404769539833069,22.55455614642177,16.650710927829373,17.912515819481015,17.6718999958515,18.976430983643727,19.878715245098757,59.56444181332877,1929.652945557766,0.10023411195286196,MariamB,Arabic
-1.0,0.26899468898773193,-0.03989177197217941,0.08639591187238693,-0.07127279043197632,0.005560039542615414,-0.030174626037478447,0.00334485387429595,-0.05471236631274223,9.485122427577153e-05,-0.02111380733549595,-0.018553249537944794,-0.02206221967935562,0.010270520113408566,-0.007144838105887175,-0.02952430583536625,-0.008879282511770725,6.129953766809138e-10,-0.0005091708153486252,-3.649530481197871e-05,-6.600260530831292e-05,6.254443724174052e-05,-0.00010458896576892585,4.5810083975084126e-05,2.3974555006134324e-05,3.329397804918699e-05,2.947300708910916e-05,0.00011200946755707264,1.1910723515029531e-05,-5.103300281916745e-05,4.0325899135496e-06,1.1574597920116503e-05,3.980716792284511e-05,7.16792419552803e-05,0.6004281640052795,0.37582680583000183,0.2404470294713974,0.19791333377361298,0.20097588002681732,0.22419239580631256,0.27351534366607666,0.2663291394710541,0.24297940731048584,0.2840454876422882,0.35856854915618896,0.5605174899101257,21.059134220043745,15.901068180110364,18.899539086647565,16.998717361340272,19.097817233680267,20.279813120974975,59.75902741298886,1960.95787459973,0.11024015184859155,MariamB,Arabic
-1.0,0.3673625886440277,-0.10788667947053909,0.1589989960193634,-0.06061546877026558,0.0419461689889431,-0.0519583635032177,0.02770499512553215,-0.01859719678759575,-0.00040498684393242,-0.03281034901738167,-0.038151297718286514,-0.016130022704601288,0.007068661041557789,-0.05168734863400459,-0.03481360897421837,0.016607273370027542,5.108294898192867e-10,-0.0001615064829820767,5.54412035853602e-05,1.530929876025766e-05,5.8614496083464473e-05,-0.00011384657409507781,-6.262325769057497e-05,4.556950807454996e-05,-6.96433380653616e-06,-9.326377949037123e-06,3.26554654748179e-05,8.404997970501427e-06,-3.499305239529349e-05,-6.045002373866737e-05,-1.24804216738994e-06,-6.593228317797184e-05,-2.529802623030264e-05,0.5231446623802185,0.355250746011734,0.30271872878074646,0.26294398307800293,0.16796885430812836,0.19332928955554962,0.32254406809806824,0.43622976541519165,0.36729854345321655,0.36709773540496826,0.39454373717308044,0.4778943359851837,22.11722421265941,16.35816379512657,17.79120065860873,17.694700799640074,19.446367968472707,20.53388477167912,59.46112882017879,1992.0772467434679,0.11030227589495305,MariamB,Arabic
-1.0,0.2821670174598694,-0.04584851488471031,0.0948418453335762,-0.031877703964710236,0.06914971768856049,-0.008716357871890068,0.04748399183154106,-0.010144118219614029,0.004851218778640032,-0.015131651423871517,-0.0047225370071828365,-0.006765409372746944,-0.016303548589348793,-0.004006088245660067,-0.02132270485162735,0.0003767702146433294,1.4604923936900605e-09,-0.0012514842674136162,-0.0005705797229893506,-0.00021131451649125665,-3.859869684674777e-05,0.00020353271975181997,0.00010811452375492081,-5.380544826039113e-05,-0.00026505335699766874,-7.69836115068756e-05,-2.0734792997245677e-05,0.00014139252016320825,0.00016379178850911558,0.00017455157649237663,0.00025757079129107296,0.0001252792135346681,5.336372851161286e-05,0.6123131513595581,0.3903655707836151,0.2473541647195816,0.1970212310552597,0.1773240566253662,0.2181376814842224,0.4823566973209381,0.6656955480575562,0.6003948450088501,0.539849042892456,0.44825509190559387,0.5232353210449219,24.41462407775572,14.635704808418817,15.699624027563017,16.44250300795078,17.171520155734626,16.855986862944835,59.68729904912159,1747.5983574901577,0.07020108011744966,MariamB,Arabic
-1.0,0.3696499168872833,-0.13900354504585266,0.1470322459936142,-0.07955783605575562,0.05803220719099045,-0.06687460094690323,0.04436584189534187,-0.02064715512096882,0.01321214810013771,-0.04498998448252678,-0.024560928344726562,-0.01965913735330105,0.009152579121291637,-0.05431630462408066,-0.02988673374056816,0.008295003324747086,6.675256458699153e-10,-0.0008509080507792532,9.572425915393978e-05,7.604855636600405e-05,-0.00011003261170117185,0.0001529561704955995,5.9510988648980856e-05,1.662539943936281e-05,-0.00016133034660015255,-3.13065065711271e-05,5.6117682106560096e-05,0.00013058258628007025,-7.838352757971734e-05,-2.547399162722286e-05,1.4749407455383334e-05,4.9523445341037586e-05,7.665972952963784e-05,0.4958033263683319,0.36780500411987305,0.3428870737552643,0.26781895756721497,0.16068220138549805,0.1432918757200241,0.23682329058647156,0.4042544662952423,0.3757116496562958,0.3527892231941223,0.40148037672042847,0.4867449402809143,22.914864445704172,17.585190445502622,18.741738957523292,17.853135836287397,19.627718744807712,20.56451723584781,60.49142824160068,2184.6672253628644,0.12260502540260736,MariamB,Arabic
-1.0,0.3801162838935852,-0.10832665115594864,0.13405518233776093,-0.08130641281604767,0.03687724471092224,-0.023636890575289726,0.01596171408891678,-0.021149341017007828,-0.006271843332797289,-0.0317782424390316,-0.03168971836566925,-0.025702768936753273,0.0030234241858124733,-0.034454163163900375,-0.04355676472187042,0.000479671434732154,4.835852274176489e-10,-0.00023764296201989055,0.0003103198541793972,4.135468043386936e-05,5.0607879529707134e-05,-0.00011957443348364905,3.0353639886016026e-05,-6.306324212346226e-05,-0.00016075836902018636,-6.184317317092791e-05,-2.402705831627827e-05,-6.45342079224065e-05,-8.198800787795335e-05,-7.440501940436661e-05,-1.496948334533954e-05,4.974860075890319e-06,-5.551536742132157e-05,0.483919620513916,0.40355584025382996,0.3934359848499298,0.3090766966342926,0.12866497039794922,0.11053108423948288,0.2034202367067337,0.27503201365470886,0.29463765025138855,0.30635419487953186,0.34192726016044617,0.4575652778148651,22.73389610187234,17.31391213508818,18.67151701663506,18.764790713012093,19.348269008632094,20.61179605195414,58.78098250180559,1829.8530644578543,0.09465386284722223,MariamB,Arabic
-1.0,0.3082667291164398,-0.05018429085612297,0.08958326280117035,-0.05182488635182381,0.06040103733539581,-0.037252027541399,0.03620975464582443,-0.004871318582445383,-0.010586737655103207,-0.02671077288687229,-0.02046195976436138,-0.016762465238571167,-0.018073804676532745,-0.013093062676489353,-0.022471513599157333,-0.006128940265625715,1.208963151810849e-09,-0.0008875613566488028,-0.00017565076996106654,0.00025024430942721665,0.00022047832317184657,3.292417750344612e-05,-0.00023803037765901536,1.110647735913517e-05,3.283346813987009e-05,0.00022410762903746217,0.00012014531239401549,-0.0002487551828380674,-0.0004120295343454927,-0.0003006375627592206,-6.631595169892535e-05,-4.1811828850768507e-05,-1.4396420738194138e-05,0.5024654269218445,0.38196203112602234,0.29832756519317627,0.2065366506576538,0.16406401991844177,0.2656506597995758,0.4725237488746643,0.5346816778182983,0.4980156421661377,0.5220080614089966,0.49719417095184326,0.5323011875152588,23.77097083741344,14.880620603053886,16.4897896404793,17.090843494176724,17.46453454756426,17.528284154305815,59.972185221460805,1833.1530220508757,0.08975965711805556,MariamB,Arabic
-1.0,0.2876156270503998,0.02905241586267948,0.06099063530564308,0.10169608145952225,0.0227198489010334,-0.014165823347866535,-0.04241197928786278,0.035123635083436966,0.005341461393982172,-0.02438179962337017,0.00256759999319911,0.059002138674259186,-0.0009041178273037076,-0.020711062476038933,0.05466460436582565,-0.05103475973010063,7.427077286514816e-10,8.320462802657858e-05,-1.0290345016983338e-05,-4.0452152461512014e-05,-1.924787648022175e-05,-4.869178155786358e-05,-5.4610885854344815e-05,-2.0121296984143555e-05,5.678288289345801e-05,5.939572292845696e-05,7.057980837998912e-05,5.9005815273849294e-05,1.786420398275368e-05,4.776516288984567e-05,4.1391478589503095e-05,1.1928900676139165e-05,1.935510772455018e-05,0.4466747045516968,0.43698665499687195,0.4172975420951843,0.37157654762268066,0.4355647563934326,0.4756442606449127,0.3301030993461609,0.2801525294780731,0.31200337409973145,0.41291141510009766,0.4578922986984253,0.45839887857437134,17.526171795709825,16.59078120056208,18.688586314908587,16.20389778609455,20.332277533776352,20.110991349043637,43.87591033216303,2668.836402723806,0.11480442086177474,MWalaa,German
-1.0,0.24848385155200958,0.0713040754199028,0.0645962804555893,0.05740528181195259,0.019811369478702545,0.013437671586871147,-0.015774285420775414,0.025115855038166046,-0.002743252320215106,-0.023625623434782028,0.019733451306819916,0.013179674744606018,0.005279999691992998,-0.00226446520537138,0.032576192170381546,-0.043182920664548874,6.253257911481569e-10,0.00033619519672356546,0.0001277141273021698,0.0001039556591422297,6.464811303885654e-05,3.451928569120355e-05,1.2753584996971767e-05,-9.701234375825152e-06,-3.8830810808576643e-05,-3.0129795050015673e-05,-5.7534827647032216e-05,-8.769960550125688e-05,-6.348730676108971e-05,-3.412373553146608e-05,-4.554073893814348e-05,-4.7684872697573155e-05,-7.950796862132847e-05,0.4846609830856323,0.4755540192127228,0.4814937114715576,0.423875093460083,0.40982872247695923,0.3677583336830139,0.305438369512558,0.2818295359611511,0.31916582584381104,0.4557557702064514,0.48782071471214294,0.4715040326118469,16.031970133669034,15.000791460571142,17.521099128975514,16.050931380038794,18.59978656417773,18.86736335343454,44.45014579093786,2778.884793339006,0.12924299568965517,MWalaa,German
-1.0,0.23329409956932068,0.03180282562971115,0.07633551210165024,0.09504737704992294,0.019918307662010193,0.007522398605942726,-0.038434892892837524,0.022947577759623528,0.012819617055356503,-0.016779912635684013,-0.012110519222915173,0.03317343816161156,0.003530816175043583,-0.01905296929180622,0.05571017786860466,-0.029861699789762497,6.930361839962984e-10,0.00022077759786043316,0.00029483778052963316,4.587728108162992e-05,-2.58391592069529e-05,0.0001459953055018559,0.00011264671775279567,8.473516572848894e-06,-8.133981282298919e-06,2.6192930818069726e-05,0.00010001621558330953,6.365748413372785e-05,-0.0001423795911250636,-6.256144843064249e-05,3.6638568417401984e-05,-1.5001607607700862e-05,-5.817497367388569e-06,0.4390254020690918,0.44177964329719543,0.4091370701789856,0.4453777074813843,0.4428260028362274,0.3861873745918274,0.35904136300086975,0.3559301197528839,0.3891506791114807,0.4463185966014862,0.43711644411087036,0.39128583669662476,17.188345297659744,16.849915240037504,19.35687499414447,16.19887509323307,19.207024900789754,19.562867058948925,44.90793152536099,3056.4906573060152,0.1396904234673567,MWalaa,German
-1.0,0.2446458488702774,0.020325463265180588,0.08945249766111374,0.10232511162757874,0.005760564934462309,-0.029061848297715187,-0.015624621883034706,0.03758470341563225,-0.02190268412232399,-0.04159587621688843,0.0062001836486160755,0.03668160364031792,-0.007283287588506937,-0.0018053982639685273,0.05487211048603058,-0.06800150871276855,5.537235669983431e-10,5.607185448752716e-05,0.00015274534234777093,-7.262107101269066e-05,-2.7307221898809075e-05,8.646132482681423e-05,0.00014095964434091002,-3.819563062279485e-05,-8.716773299966007e-05,3.040358251382713e-06,5.787565532955341e-05,-1.6644302377244458e-05,-8.260912727564573e-05,3.896537236869335e-05,-5.600803433480905e-06,-4.253373481333256e-05,9.145108197117224e-05,0.44338104128837585,0.41962096095085144,0.3946201503276825,0.3877686560153961,0.3895740807056427,0.3690812289714813,0.3140472173690796,0.3143587112426758,0.35633978247642517,0.36506086587905884,0.36398929357528687,0.402627170085907,17.391312477714024,18.274882853787297,19.757289160738203,16.54557419650382,20.42284279897897,20.114504738086314,44.74098820240833,2783.599078047496,0.11532880089058524,MWalaa,German
-1.0,0.25859349966049194,0.0017013074830174446,0.07931111752986908,0.08895689249038696,0.0018799178069457412,0.01544042769819498,-0.016297567635774612,-0.0009072449174709618,0.0012834095396101475,-0.012605599127709866,-0.02635090984404087,0.045566376298666,0.017434632405638695,-0.02478913776576519,0.046802621334791183,-0.021366048604249954,5.945720582545277e-10,0.00013487057003658265,0.0001841925986809656,7.252060458995402e-05,0.0002390850568190217,4.042225918965414e-05,-5.495523873833008e-05,-6.995807052589953e-05,-4.130451270611957e-05,4.801771865459159e-05,-0.00017570832278579473,-0.0001026433747028932,6.302865358520648e-07,-8.182411693269387e-05,6.347436737996759e-06,1.5547468137810938e-05,-2.059343569271732e-05,0.3558877110481262,0.3772105574607849,0.39415186643600464,0.4505113661289215,0.47838130593299866,0.42499426007270813,0.3857884705066681,0.3591817617416382,0.32508593797683716,0.4026031494140625,0.3989075720310211,0.36915314197540283,18.554952998605646,17.75328431607189,20.08582349845504,17.075531459327387,18.60828725626876,20.021907522875367,45.281896781390344,2767.196302826753,0.1075379418545082,MWalaa,German
-1.0,0.23457291722297668,0.028079448267817497,0.05880971997976303,0.07930796593427658,0.021015949547290802,-0.016300924122333527,-0.035976022481918335,0.038124628365039825,-0.0009067783830687404,-0.046271782368421555,-0.018588189035654068,0.03498385101556778,0.00815690029412508,-0.02769482135772705,0.04007994756102562,-0.04400013014674187,6.28940344249429e-10,0.00032942695543169975,3.4325890737818554e-05,5.6867222156142816e-05,0.00014130547060631216,-9.241546649718657e-06,4.4478350901044905e-05,-7.108019781298935e-05,-8.252527914009988e-05,-1.0082315384352114e-05,-7.793283293722197e-05,-7.658531831111759e-05,-7.458402978954837e-05,-3.0697876354679465e-05,-7.013956928858534e-05,-3.772529453272e-07,-5.4094489314593375e-05,0.37311840057373047,0.3964608311653137,0.4130293130874634,0.45406582951545715,0.457417756319046,0.3768731355667114,0.30781254172325134,0.30819106101989746,0.3028981387615204,0.3347843587398529,0.3415200412273407,0.3456971347332001,18.118254066016238,17.998634220079914,19.71834146465114,16.90402287202728,19.57991303715111,19.4295752695258,45.00120735963253,3238.481535608859,0.15444505283598267,MWalaa,German
-1.0,0.22303764522075653,0.03458377718925476,0.08313862979412079,0.11162438988685608,0.024935532361268997,-0.011508001945912838,-0.030188683420419693,0.018913298845291138,0.013953424990177155,-0.020995335653424263,-0.029060769826173782,0.039393916726112366,0.02920575998723507,-0.028212081640958786,0.05437813326716423,-0.029077500104904175,5.359935273396843e-10,2.8882772312499583e-05,0.0001834105933085084,-0.00017251195095013827,-2.2326086764223874e-05,5.392774619394913e-05,3.469966759439558e-05,-4.041273859911598e-05,-3.2353043934563175e-05,1.8377701280769543e-06,2.338627200515475e-05,1.7932092305272818e-05,-8.68810893734917e-05,5.3306583140511066e-05,5.29509452462662e-05,-5.94858756812755e-05,-7.249286136357114e-05,0.38221606612205505,0.4011741578578949,0.3986088037490845,0.3962167203426361,0.38235196471214294,0.327197402715683,0.3203582763671875,0.36464571952819824,0.3778657913208008,0.3900867998600006,0.36454150080680847,0.3436753451824188,17.802995185244992,18.325835636957596,20.620733219309184,16.788768631434028,19.72875848063229,20.566864845716587,44.214327211082484,3062.12391052544,0.13497007774014777,MWalaa,German
-1.0,0.17407695949077606,0.07924233376979828,0.08715842664241791,0.11279575526714325,0.0167606882750988,-0.012259453535079956,-0.022716965526342392,0.025724461302161217,0.010423158295452595,-0.040676750242710114,-0.02520696632564068,0.04271933436393738,0.009871024638414383,-0.028698915615677834,0.036726657301187515,-0.021256819367408752,6.438264921193593e-10,-0.00032736087450757623,0.0001569500454934314,-0.0005500946426764131,-0.0002532972430344671,0.0001260144344996661,0.00018528253713157028,2.0341622075648047e-05,0.00015599500329699367,0.0002423951227683574,0.0003939438029192388,0.00020586629398167133,-4.499131136981305e-06,0.00020311785920057446,0.00010156694042962044,-9.860064164968207e-05,-5.91292955505196e-05,0.37915530800819397,0.32360023260116577,0.30728110671043396,0.3910289406776428,0.4218491315841675,0.3699195384979248,0.3268245756626129,0.3656851649284363,0.47319599986076355,0.4560166299343109,0.41707172989845276,0.41898372769355774,17.569178077009525,17.309377570567943,18.36802864182426,15.587998609133003,19.363751169681564,19.84890685404568,45.15098238960692,3543.386868238305,0.1799417529585799,MWalaa,German
-1.0,0.23327142000198364,0.050591517239809036,0.08657408505678177,0.1003725677728653,0.03821168839931488,-0.004970677196979523,-0.018042339012026787,0.026553016155958176,-0.023765867576003075,-0.01083650253713131,0.017879540100693703,0.03439119830727577,0.001938318950124085,0.002839604625478387,0.07089674472808838,-0.04598481208086014,6.65484278794537e-10,0.00018170384282711893,7.528944843215868e-05,-8.964206062955782e-05,1.4372477380675264e-05,5.24730421602726e-05,-4.65625744254794e-05,8.816127774480265e-06,-4.1758190491236746e-05,-5.20984576724004e-05,-5.121829872223316e-06,1.4557283975591417e-05,-6.993699935264885e-05,-1.7678263247944415e-05,-3.87200343539007e-05,-3.3171134418807924e-05,1.1933654604945332e-05,0.37687140703201294,0.4038545489311218,0.397832989692688,0.442561537027359,0.46077972650527954,0.4004596471786499,0.3957427144050598,0.3583413362503052,0.3490975797176361,0.35066431760787964,0.3670879006385803,0.34490352869033813,19.10744112349486,17.95035146205406,20.0734489298489,16.724962887798863,20.063574513383223,19.367965167000314,45.03263791908954,2813.180394251551,0.11002305523700306,MWalaa,German
-1.0,0.27232688665390015,0.04001667723059654,0.10879091173410416,0.10645858943462372,0.0010844757780432701,0.0037972386926412582,0.0021850743796676397,0.025251120328903198,-0.01386327762156725,-0.012778842821717262,0.02109820395708084,0.04352797195315361,-0.001660026959143579,-0.0035451382864266634,0.051887840032577515,-0.05609145015478134,4.793246355383474e-10,0.00018111904500983655,0.0001439133775420487,-9.744831913849339e-06,-2.4331331587745808e-05,1.0341865163354669e-05,3.3984932088060305e-05,7.620967608090723e-06,-2.413542097201571e-05,-6.515483619295992e-06,-3.236235215808847e-06,-1.139969208452385e-05,-5.6688280892558396e-05,-8.746875209908467e-06,-2.9668663046322763e-05,-1.6532609151909128e-05,-1.0125027074536774e-05,0.46550726890563965,0.4836175739765167,0.4636118412017822,0.46195724606513977,0.4142669141292572,0.3727496266365051,0.3341599106788635,0.29219287633895874,0.30323296785354614,0.3674503564834595,0.4213476777076721,0.46359848976135254,14.895978954999578,16.58642009938543,19.401241001244074,16.01626155490121,19.071351784319273,19.902048141903933,45.14050822047119,2393.74545712325,0.09444585455671806,MWalaa,German
-1.0,0.22182364761829376,0.046878524124622345,0.07339666783809662,0.08414606004953384,0.014901009388267994,-0.0018734802724793553,-0.022140776738524437,0.025925815105438232,0.005233065690845251,-0.035058148205280304,-0.0008534216322004795,0.03312627971172333,0.0007281554280780256,-0.01749354414641857,0.049059025943279266,-0.037864457815885544,5.108294898192867e-10,-0.0007928338600322604,-2.9156324671930633e-05,8.426319982390851e-05,0.0004140665987506509,0.00037745392182841897,-5.906834121560678e-05,-3.395236490177922e-05,6.20243008597754e-05,0.0002027136943070218,0.00015486447955481708,0.00011493762576719746,-0.0002667290682438761,-2.3261114620254375e-05,-7.486696631531231e-06,-0.00017095963994506747,0.00025364288012497127,0.35674771666526794,0.37521272897720337,0.35319286584854126,0.3928377330303192,0.4333959221839905,0.40664905309677124,0.35684505105018616,0.3900146186351776,0.4404488801956177,0.4698527157306671,0.40326812863349915,0.34053871035575867,18.298593874557092,17.223772286053904,18.37223880738343,15.73203634100739,19.39230315886878,19.594188549996435,44.49270450441558,3014.543567311839,0.14057915199530516,MWalaa,German
-1.0,0.21061506867408752,0.05952610820531845,0.05825115367770195,0.06332371383905411,0.01987231709063053,0.01477725524455309,-0.009111147373914719,-0.0005287613603286445,0.004920700564980507,-0.016816483810544014,-0.02773541398346424,0.033168356865644455,0.016331590712070465,-0.02087797410786152,0.032804638147354126,-0.015562303364276886,4.95702479064164e-10,0.00010463291255291551,-2.7869176847161725e-05,-0.00010737276170402765,5.696845619240776e-05,1.677284308243543e-05,3.584074511309154e-05,6.81294477544725e-05,1.3286710782267619e-05,-1.695444188953843e-05,3.237641431041993e-05,3.584616933949292e-05,-3.3246560633415356e-06,2.210503225796856e-05,4.907087350147776e-05,4.630750845535658e-05,-7.763436769891996e-06,0.42985284328460693,0.41881492733955383,0.41224125027656555,0.44621172547340393,0.44225454330444336,0.3842577040195465,0.35868504643440247,0.4256579577922821,0.5108988285064697,0.47851207852363586,0.418770968914032,0.4051761031150818,17.49630149151026,16.198438270392035,18.497480650028944,15.986672538494501,18.097853160872297,19.635341397333942,45.212026719386294,3128.3068537347044,0.1419652708570615,MWalaa,German
-1.0,0.2331240475177765,0.059574030339717865,0.03129958361387253,0.074917733669281,0.03568539023399353,-0.021573228761553764,-0.019576093181967735,0.02432086132466793,-0.0007047477993182838,-0.02113167941570282,-0.0026174704544246197,0.034064918756484985,0.007545210886746645,-0.0226743184030056,0.046279821544885635,-0.04752520099282265,6.028070820285336e-10,-0.00018204463412985206,-0.00029086877475492656,-9.048439096659422e-05,0.00037396937841549516,0.0002912189229391515,-0.00017784682859200984,-0.00015375915972981602,0.00010619698150549084,-7.781782915117219e-05,-7.512119191233069e-05,0.00014913332415744662,-7.293429371202365e-05,-6.66213090880774e-05,2.5123121304204687e-05,4.833703314943705e-06,6.630385178141296e-05,0.510718047618866,0.5219323039054871,0.4556087255477905,0.46115705370903015,0.48580899834632874,0.4141885042190552,0.3684605658054352,0.37209436297416687,0.4127695560455322,0.46245449781417847,0.4522530436515808,0.44562414288520813,17.108059258258287,15.894718870546642,17.499989852960315,15.528196114615584,18.9119924249078,19.089615250296056,43.99283957625537,3258.84087149395,0.15543980479570638,MWalaa,German
-1.0,0.19961819052696228,0.09980025887489319,0.04284282773733139,0.046626653522253036,0.01497992780059576,0.021057622507214546,0.004033093806356192,0.026931028813123703,0.00456198351457715,-0.02249579317867756,-0.008815190754830837,0.0262436643242836,0.0033130301162600517,-0.0050841267220675945,0.03422939404845238,-0.022741084918379784,6.028070820285336e-10,-1.5053021343192086e-05,2.366219814575743e-05,-0.00011339391494402662,7.139318040572107e-05,0.00010984477557940409,1.777407163672251e-07,5.63282665098086e-05,0.00012515962589532137,3.1216663046507165e-05,5.134871571499389e-06,6.557520100614056e-05,2.614492768771015e-05,-1.6573014363530092e-05,-1.438415074517252e-05,-8.467920451948885e-06,-6.479400326497853e-05,0.44864708185195923,0.44581139087677,0.48813754320144653,0.48579737544059753,0.5282828211784363,0.4651392996311188,0.4109833240509033,0.423784464597702,0.4857550859451294,0.5282778143882751,0.5064793825149536,0.4720762073993683,17.751427686278863,15.430926977542427,16.330803891426438,15.78613262760791,17.191009925283087,17.486311190158407,44.52202436719084,3059.034636454512,0.1433545057132964,MWalaa,German
-1.0,0.2629362642765045,0.053023625165224075,0.056323494762182236,0.07830183207988739,0.021420596167445183,0.022336380556225777,-0.03217405453324318,0.029207482933998108,0.008692004717886448,-0.02473744936287403,0.009404032491147518,0.04532110318541527,0.0016931541031226516,-0.021630363538861275,0.06748791038990021,-0.03856189548969269,7.11154801713576e-10,-0.00023499561939388514,9.055776172317564e-05,0.00013247418974060565,3.664804171421565e-05,7.680769340367988e-05,-8.170746150426567e-05,-4.665441520046443e-05,6.898909487063065e-05,6.248772842809558e-05,0.00011479825479909778,0.00011417909990996122,-1.928713572851848e-05,8.001997048268095e-05,1.670725760050118e-05,-2.4813818527036346e-05,6.84945989632979e-05,0.5259106755256653,0.5275754332542419,0.3945624828338623,0.3641716241836548,0.3743899166584015,0.33244144916534424,0.2732451558113098,0.30636313557624817,0.4334632456302643,0.4857879877090454,0.4652135372161865,0.4665524959564209,17.63113727655912,16.095191265943257,18.272914921926358,16.012792119674405,18.778251626784304,19.69187985971284,44.89873058987999,2958.25528297153,0.13555070465686275,MWalaa,German
-1.0,0.20931173861026764,0.041030943393707275,0.06339503824710846,0.09396428614854813,0.016969090327620506,-0.024544214829802513,-0.029790256172418594,0.024242566898465157,-0.00465903477743268,-0.02987184002995491,-0.011235627345740795,0.033283673226833344,0.015294383279979229,-0.023631414398550987,0.050533048808574677,-0.037942107766866684,5.495287003220994e-10,0.00010520066280150786,0.00010517048940528184,-8.42424196889624e-05,-3.417364860069938e-05,1.2220494681969285e-05,5.247756416792981e-05,5.0217309762956575e-05,1.2713822798104957e-05,-2.6418789275339805e-05,4.162022742093541e-05,1.4715888937644195e-05,-6.975726137170568e-05,-1.9883971617673524e-05,-1.7666794519755058e-05,-3.022499913640786e-05,-5.9078916819998994e-05,0.385221004486084,0.41918841004371643,0.4152117669582367,0.4565988779067993,0.4178186357021332,0.36656153202056885,0.3826705813407898,0.4121316075325012,0.4258003532886505,0.43259382247924805,0.4210644066333771,0.396269291639328,18.021803762078143,17.127348893135615,18.833841496720385,15.718819946754335,19.47295688666714,19.388961038965572,44.67872490097462,3166.83184816929,0.1349209872159091,MWalaa,German
-1.0,0.2240040898323059,0.02566332183778286,0.08383974432945251,0.09782060980796814,0.024202335625886917,-0.01708528958261013,-0.041869912296533585,0.024391159415245056,0.007852701470255852,-0.02013946697115898,-0.02089054323732853,0.04231620952486992,0.010192782618105412,-0.02476339042186737,0.05326390266418457,-0.044616952538490295,5.881442000088555e-10,6.0403668612707406e-05,0.00017235937411896884,-6.021776789566502e-05,5.970794518361799e-06,6.218181806616485e-05,5.5894186516525224e-05,-1.0452036804053932e-05,-2.406839485047385e-06,-2.677031261555385e-06,6.193810986587778e-05,2.818399661919102e-05,-5.632715328829363e-05,1.4765027117391583e-05,2.1112553440616466e-05,-3.68487999367062e-05,1.778745536284987e-05,0.36403483152389526,0.3873482048511505,0.3783419132232666,0.40246719121932983,0.43076902627944946,0.4131636619567871,0.33578696846961975,0.3573805093765259,0.3953729569911957,0.43278786540031433,0.4015815258026123,0.3549477159976959,17.973593611158606,17.630949082976247,19.107611048129222,15.665579005794967,19.255275474969434,19.797843037646405,44.82532541012306,3050.347541254658,0.14390308277027028,MWalaa,German
-1.0,0.2540759742259979,0.022994985803961754,0.06772195547819138,0.09036961197853088,0.01323719322681427,0.001022363780066371,-0.039825912564992905,0.026391003280878067,0.0063538807444274426,-0.016667958348989487,-0.005845213308930397,0.04565761983394623,0.009334584698081017,-0.026540620252490044,0.05813027173280716,-0.03970101848244667,6.73725575328632e-10,0.00012256680929567665,0.00012719327060040087,-1.4660874512628652e-05,-5.180990683584241e-06,-8.990157948574051e-05,9.911925735650584e-05,-4.3645315599860623e-05,3.5939824556407984e-06,-4.1562925616744906e-05,-3.834404924418777e-05,3.0293800591607578e-05,-0.00010889669647440314,1.3409851817414165e-05,-1.0149718036700506e-05,-7.963019015733153e-05,7.849126996006817e-05,0.48386135697364807,0.44069552421569824,0.40253010392189026,0.40413692593574524,0.35506945848464966,0.2868443429470062,0.335622638463974,0.38431474566459656,0.461936891078949,0.4587547779083252,0.40584081411361694,0.43376424908638,16.96733127422816,16.32643178345082,17.769426536547176,15.557058072103747,18.938394069156974,19.495323654087336,44.42963326779732,2937.0055067987746,0.12766513883513933,MWalaa,German
-1.0,0.23039394617080688,0.0470564104616642,0.061774805188179016,0.09792076051235199,0.04055283963680267,-0.004947305656969547,-0.03849731385707855,0.025272369384765625,0.008673922158777714,-0.01984212175011635,-0.012684585526585579,0.03842488303780556,-0.0027703167870640755,-0.016177134588360786,0.04669312387704849,-0.04018041118979454,8.180953692260573e-10,5.264594074105844e-05,-0.0005038031958974898,0.0004012449353467673,7.409782847389579e-05,-0.00019527848053257912,-0.00010498089250177145,0.00019942069775424898,1.8739036022452638e-05,-9.478197898715734e-05,-1.7948153981706128e-05,-0.00014948421448934823,9.24107589526102e-05,2.1122759790159762e-05,-4.830408943234943e-05,2.6432502636453137e-05,-3.267810825491324e-05,0.4342818856239319,0.36778244376182556,0.42529869079589844,0.46119424700737,0.3931960463523865,0.3320019841194153,0.3762526214122772,0.40386882424354553,0.4125138521194458,0.4213249385356903,0.45394495129585266,0.5166962742805481,17.01922937648265,16.515925386267295,19.46313305385688,15.897024304306571,19.314671474858137,19.241116105787757,44.67795060965916,3043.1359618586002,0.1354007577537594,MWalaa,German
-1.0,0.23517417907714844,0.05389946326613426,0.06912988424301147,0.0681953877210617,0.015676312148571014,0.01072528213262558,-0.00844902079552412,0.021192457526922226,0.0025820606388151646,-0.020571354776620865,-0.005168184172362089,0.040672920644283295,0.012136256322264671,-0.027837390080094337,0.04895427078008652,-0.026561753824353218,6.476588154669116e-10,6.861714064143598e-05,8.756477654969785e-06,3.6090386856812984e-05,-1.1122652722406201e-05,2.3992033675312996e-06,7.394664862658828e-05,-3.809972986346111e-05,-6.018196654622443e-05,-9.049905429492355e-07,-1.2935405493408325e-06,9.959142516891006e-06,1.622674426471349e-05,-3.399425622774288e-05,-6.107569060986862e-05,4.015688318759203e-05,-2.8799098799936473e-05,0.4394676983356476,0.45909813046455383,0.44336023926734924,0.4696637690067291,0.4344991445541382,0.4008631408214569,0.3963667154312134,0.4133647382259369,0.40399637818336487,0.4139048159122467,0.39063748717308044,0.39068570733070374,17.68952098420296,16.689003923508317,18.00139471752461,15.653028209523303,18.321581067580574,19.312577932953012,45.49052031085606,3002.4921659677384,0.13170950753348215,MWalaa,German
-1.0,0.22737270593643188,0.07623623311519623,0.06930842250585556,0.06698032468557358,0.02637499012053013,0.01150894071906805,0.00439964234828949,0.02350705862045288,-0.013243294321000576,-0.015459364280104637,0.003555555595085025,0.028206385672092438,0.001355138374492526,0.00802517682313919,0.04423818364739418,-0.039991121739149094,5.994858498503675e-10,0.00013705813034903258,0.00014286617806646973,-1.3185167517804075e-05,-7.779432053212076e-06,7.862427446525544e-05,-3.834427843685262e-05,-1.4422867025132291e-05,-3.3000484108924866e-05,-3.850128632620908e-05,5.704371869796887e-05,4.358108708402142e-05,-1.2866357792518102e-05,1.1452651051513385e-05,-3.933343759854324e-05,8.225520286941901e-05,2.5433439077460207e-05,0.3755400776863098,0.41169238090515137,0.49756157398223877,0.5138086676597595,0.4714343249797821,0.41716957092285156,0.39095720648765564,0.4154822826385498,0.4321833848953247,0.4769607484340668,0.43434420228004456,0.37882164120674133,15.306433085202862,15.57468321457673,18.338886174968223,16.352542931886582,18.394909951265518,18.82932136827623,44.3779664930511,2930.9006211298965,0.12786781163911845,MWalaa,German
-1.0,0.19855622947216034,0.05497860163450241,0.03731342405080795,0.08038242906332016,0.03243415802717209,-0.002661834005266428,-0.014927927404642105,0.02144826017320156,-0.003010987304151058,-0.013365311548113823,-0.0020549839828163385,0.027320535853505135,0.017621533945202827,-0.03129563108086586,0.051411405205726624,-0.030686447396874428,6.307633859670148e-10,-3.4799868444679305e-05,2.856779974536039e-05,-7.47604644857347e-05,-4.784283373737708e-05,-9.391543244419154e-06,-6.639762887061806e-06,-3.9014943467918783e-05,1.7597963960724883e-05,1.787360815797001e-05,4.712902591563761e-05,6.983932689763606e-05,1.3118458809913136e-05,-1.6261021301033907e-05,1.2675105608650483e-05,-4.3870072659046855e-06,5.54510006622877e-06,0.40325644612312317,0.4031778573989868,0.43318066000938416,0.48643308877944946,0.4805327355861664,0.3556700348854065,0.34304627776145935,0.3868633210659027,0.42717429995536804,0.4405454397201538,0.3861050009727478,0.37038683891296387,16.995281863176057,17.465501617343502,18.63862780760084,16.159042776125748,18.10191564288784,18.083415804852546,45.10363129390916,3352.162917736268,0.1623259171195652,MWalaa,German
-1.0,0.18793079257011414,0.07731958478689194,0.042098406702280045,0.08172835409641266,0.03242478147149086,0.0017051741015166044,-0.027215231209993362,0.016831105574965477,0.008526396006345749,-0.017154283821582794,-0.020759141072630882,0.038106516003608704,0.01631348580121994,-0.022097604349255562,0.04164191707968712,-0.02495209313929081,5.711637274252723e-10,-7.599325908813626e-05,-5.006845822208561e-05,0.0001189869872177951,5.065719960839488e-06,-7.578775694128126e-06,-5.498176506080199e-06,-5.51173034182284e-05,1.948879344126908e-06,1.4541557902703062e-05,2.1219253540039062e-05,-8.309846634801943e-06,5.9396908909548074e-05,1.1739054571080487e-05,-7.261695827764925e-06,-3.7168570088397246e-06,-3.059504524571821e-05,0.47373971343040466,0.44651833176612854,0.44268807768821716,0.5571373105049133,0.58097243309021,0.39956843852996826,0.2865043580532074,0.3006950318813324,0.39079681038856506,0.41541483998298645,0.4154665172100067,0.46957817673683167,17.26895437487568,16.099440183431575,17.918530073223028,15.265302411634044,18.292663343952555,19.642820077669985,44.53586526600208,3572.7248617351347,0.19049632956036747,MWalaa,German
-1.0,0.24190467596054077,0.03854126110672951,0.06031109765172005,0.09361206740140915,0.030861079692840576,-0.03412800654768944,-0.050554417073726654,0.039952393621206284,-0.005130631849169731,-0.03386295586824417,0.002531138015910983,0.040181756019592285,0.0015727202408015728,-0.016195083037018776,0.05486508458852768,-0.06257178634405136,6.164684318576974e-10,8.375588367925957e-05,-1.634641557757277e-05,-0.00019115902250632644,0.00013007843517698348,-5.1787741540465504e-05,-7.199240644695237e-05,5.1478018576744944e-05,2.29252727876883e-05,2.269706419610884e-05,-1.091984927370504e-06,8.427946158917621e-05,1.2609802070073783e-05,-2.5723456928972155e-05,0.00014989917690400034,-1.0787775863718707e-05,-3.272928734077141e-05,0.47817862033843994,0.44439131021499634,0.44038939476013184,0.44007548689842224,0.3453250825405121,0.2632964253425598,0.22281703352928162,0.27238816022872925,0.3581627309322357,0.4146445095539093,0.43591204285621643,0.4362551271915436,17.021767930757626,17.736555371359543,19.983500780125183,16.228007109184997,20.178563485199753,20.08566435963453,43.561693584059036,3112.5658121029646,0.14410659746813032,MWalaa,German
-1.0,0.19790707528591156,0.034009724855422974,0.07477761059999466,0.08801759034395218,0.022662710398435593,-0.010509312152862549,-0.007221515756100416,0.022242030128836632,-0.015435192734003067,-0.024975452572107315,0.021519294008612633,0.03727381303906441,-0.006378918886184692,0.002782199764624238,0.062157295644283295,-0.04644899442791939,5.359935273396843e-10,-5.646292265737429e-06,5.254898496787064e-05,-1.9920944396289997e-06,3.549511529854499e-05,5.579733260674402e-05,1.4743221981916577e-05,5.1970921049360186e-05,6.349977047648281e-05,3.302218465250917e-05,-1.2257140951987822e-05,2.5969062335207127e-05,-1.665801573835779e-05,-5.4570318752666935e-05,-1.092342245101463e-05,-1.8274769900017418e-05,-9.214177407557145e-05,0.4502372443675995,0.46291598677635193,0.4236358404159546,0.3900039792060852,0.42839840054512024,0.3808751702308655,0.3416212797164917,0.3406784236431122,0.4089733958244324,0.4974352717399597,0.5120277404785156,0.4636327028274536,16.416127969985162,16.73106756125258,18.788316559670417,15.646346855009895,19.81204977165537,19.207974012881913,44.35000280430208,3101.303526047754,0.16092234644396552,MWalaa,German
-1.0,0.27279841899871826,0.04207303375005722,0.06309504806995392,0.07999559491872787,0.02287851646542549,0.010212724097073078,-0.016408272087574005,0.0035617423709481955,0.003144472371786833,0.009940369985997677,-0.006757504306733608,0.024627001956105232,0.027130190283060074,-0.01641102135181427,0.028242386877536774,-0.009003786370158195,5.509199207942572e-10,0.00015164975775405765,-4.352748874225654e-05,-2.791133738355711e-05,3.3802851248765364e-05,2.911691581175546e-06,5.1027403969783336e-05,4.569595694192685e-05,-3.84677441616077e-05,-1.1882676517416257e-05,-1.995751154026948e-05,8.236904250225052e-06,4.121214442420751e-05,8.1088865044876e-06,-2.1362286133808084e-05,-2.233313807664672e-06,-7.002296342761838e-07,0.3985479772090912,0.4021531939506531,0.3684224486351013,0.3873579502105713,0.40745821595191956,0.41758978366851807,0.37625065445899963,0.4271518290042877,0.48743149638175964,0.44883131980895996,0.3987167179584503,0.3763201832771301,16.503844302791318,16.494045999851075,18.753425108550424,16.29472091287612,18.48941117148179,18.307798247726847,43.99609656886758,2213.5090642701302,0.07965412381329114,MWalaa,German
-1.0,0.2860036790370941,0.02920396812260151,0.04777350276708603,0.06034008786082268,0.00965215265750885,0.021518222987651825,-0.018202565610408783,0.011391997337341309,0.0052474383264780045,-0.026119394227862358,-0.006209921557456255,0.032290421426296234,0.009712588042020798,-0.033345554023981094,0.052493974566459656,-0.029315529391169548,6.381624118034779e-10,0.00029140847618691623,0.00017495879728812724,4.435780647327192e-05,-7.197701052064076e-05,-0.00012746162246912718,-1.802222504920792e-05,-8.824491487757768e-06,-5.0891943828901276e-05,7.0769592639408074e-06,-5.988623888697475e-05,-0.00011626401828834787,4.072942829225212e-05,7.320850841097126e-07,-7.91154434409691e-06,0.0001376346335746348,1.4984712834120728e-05,0.45205697417259216,0.5115766525268555,0.4720960259437561,0.4457250237464905,0.4124545156955719,0.34414705634117126,0.3224737346172333,0.3455566167831421,0.39074277877807617,0.4341602027416229,0.43357107043266296,0.41005855798721313,17.212968481348252,16.48290621899825,18.46819596588099,15.97918746219836,18.36335116475729,19.877411442353687,45.30781893656737,2610.7945569331955,0.10482868630865103,MWalaa,German
-1.0,0.25794270634651184,0.03222950920462608,0.0813688412308693,0.10187558829784393,0.030133971944451332,-0.009721538983285427,-0.020089255645871162,-0.014450343325734138,-0.011268039233982563,-0.007319376803934574,-0.012431293725967407,0.028211193159222603,0.007361694239079952,-0.025224605575203896,0.061728764325380325,-0.0345262810587883,1.394957482858672e-09,-5.221257197263185e-06,0.00042483763536438346,0.00010647548333508894,3.073982952628285e-05,0.00013371747627388686,-5.2255123591749e-05,0.0001348209334537387,-8.929945761337876e-05,0.000128765546833165,-0.0001091790763894096,-0.000190653809113428,-0.00013917568139731884,5.244387284619734e-05,0.00010946292604785413,-0.00014486254076473415,-0.00019315406098030508,0.3481983542442322,0.3780278265476227,0.327181339263916,0.3308923542499542,0.3838232457637787,0.40390852093696594,0.3974485993385315,0.40230900049209595,0.37935343384742737,0.3736015856266022,0.32071468234062195,0.32320234179496765,17.730178354281943,19.283271499321817,20.213868754291372,18.331473369644325,19.25464803799697,20.785360908051832,44.59901799398904,2346.923395071536,0.08387482471955128,MWalaa,French
-1.0,0.2518864870071411,0.012428680434823036,0.06417103111743927,0.10810933262109756,0.0029371450655162334,-0.013719450682401657,0.007897969335317612,-0.029421843588352203,-0.005387939512729645,-0.00926488172262907,-0.03814151510596275,0.029026919975876808,0.014650379307568073,-0.023946305736899376,0.05148482322692871,-0.03338112682104111,4.66981453506321e-10,-0.00013270412455312908,5.3291700169211254e-05,-1.927033554238733e-05,8.791685104370117e-06,1.2473966307879891e-05,2.0967068849131465e-05,6.008281707181595e-05,-4.047152287967037e-06,-3.093155100941658e-05,-9.785154361452442e-06,1.9251372577855363e-05,-2.0060153474332765e-05,1.0104410648636986e-05,-3.878263214573963e-06,-8.980316124507226e-06,-4.0498023736290634e-05,0.35785794258117676,0.35794875025749207,0.34762561321258545,0.3695281744003296,0.4490796625614166,0.4845767617225647,0.46362435817718506,0.4391229748725891,0.394542932510376,0.3827022910118103,0.3380902409553528,0.33015719056129456,17.950401831470785,18.203755940198825,19.546343435118708,16.605870920701776,18.244042445444187,19.31467429372509,45.10849969509769,2568.513223930318,0.08737929184549356,MWalaa,French
-1.0,0.1975938230752945,0.05735967680811882,0.056300029158592224,0.09169553220272064,0.02292194962501526,0.004439194221049547,0.009681468829512596,-0.017422793433070183,0.006748908199369907,-0.0048854476772248745,-0.014338217675685883,0.01044932845979929,0.02243567444384098,-0.008685565553605556,0.03312923014163971,-0.00893767923116684,9.936683698086313e-10,0.0001810897229006514,0.0002470201870892197,0.00014805502723902464,0.00010130474402103573,8.034876373130828e-05,2.322539785382105e-06,-6.084828055463731e-05,-7.528810238000005e-05,-2.2137784981168807e-05,-0.00012900269939564168,3.4344964660704136e-05,8.344357775058597e-05,-5.723356662201695e-05,-0.00011273450218141079,-2.349436908843927e-05,-6.68174761813134e-05,0.4156514108181,0.41821616888046265,0.40026795864105225,0.4056852161884308,0.4207693338394165,0.4634149968624115,0.5537898540496826,0.5737179517745972,0.55357825756073,0.5280575752258301,0.4707614779472351,0.40161457657814026,17.006534946481903,16.883239645564625,17.83050705777546,15.285941863641,17.25541524521129,18.117102661549282,44.52777999187282,2610.3348613612734,0.0963095747716895,MWalaa,French
-1.0,0.23299987614154816,0.03174149990081787,0.0853932723402977,0.11767645925283432,0.01582776941359043,-0.010208988562226295,0.005614984780550003,0.0034821091685444117,0.01834889128804207,-0.008208129554986954,-0.0071664657443761826,0.04214194416999817,0.013637788593769073,-0.004715241026133299,0.04580254852771759,-0.021495960652828217,1.4316668961456003e-09,0.0005570761277340353,0.00016304198652505875,-0.00014623913739342242,-5.2896550187142566e-05,0.00015006214380264282,0.00015816175437066704,0.0001303444296354428,-7.707170880166814e-05,-1.9937986508011818e-05,0.00016552783199585974,0.00011883394472533837,9.062485332833603e-06,6.867795309517533e-05,4.531607191893272e-05,-5.229432645137422e-05,9.263728861697018e-05,0.4177195429801941,0.4101923406124115,0.4347481429576874,0.4819323420524597,0.511752724647522,0.5087679028511047,0.4917648732662201,0.503649890422821,0.49544867873191833,0.49211859703063965,0.4868759214878082,0.4166553318500519,20.236903191323535,16.109130721926476,18.10865589752873,15.397925594466685,18.47616557372342,19.725012994623025,43.214771392851475,1969.6267778242204,0.07735402960526316,MWalaa,French
-1.0,0.20876717567443848,0.02920723706483841,0.05811063572764397,0.12804050743579865,0.02357201837003231,-0.013262282125651836,0.0008336215978488326,-0.010071370750665665,0.0042507946491241455,-0.010677065700292587,-0.024056758731603622,0.024587858468294144,0.012407567352056503,-0.020271364599466324,0.049892161041498184,-0.014736419543623924,1.208963151810849e-09,0.0003445179609116167,0.00015200459165498614,-0.00037479589809663594,-0.000201701870537363,-0.00013637164374813437,0.00013457282329909503,2.1993058908265084e-05,-3.1295130611397326e-05,-0.00010687018948374316,6.140785262687132e-05,4.523533061728813e-05,-0.0002506003074813634,-7.362022006418556e-05,1.3977806929688086e-06,-0.00014320487389340997,-4.5974491513334215e-05,0.38840365409851074,0.3802395761013031,0.38808974623680115,0.4386346638202667,0.4995424449443817,0.588242769241333,0.5347235798835754,0.5184720158576965,0.49698367714881897,0.5502959489822388,0.45381954312324524,0.3764152228832245,17.00806249380071,16.584375619911796,17.895129665315892,15.40620910360472,18.53149101351658,18.6582746961098,44.081901322209205,2656.037714675893,0.10206163194444444,MWalaa,French
-1.0,0.2224784940481186,0.06181385740637779,0.08680849522352219,0.12781743705272675,0.030340272933244705,-0.0013533636229112744,0.01670941896736622,-0.006359511986374855,-0.007577665615826845,-0.01335105299949646,-0.008871463127434254,0.04302859306335449,-0.003092087572440505,-0.008635971695184708,0.05726110190153122,-0.012576879002153873,1.6119507950662637e-09,0.0005264963256195188,0.0006878661806695163,-0.00011326229287078604,-5.506525485543534e-05,0.0004102540260646492,0.00040287230513058603,-0.0001537040516268462,-3.5847446270054206e-05,0.00013129632861819118,0.00012871611397713423,-3.814134470303543e-05,-0.0001721176813589409,0.0001521445665275678,7.531834853580222e-05,-9.690760634839535e-05,0.00016114879690576345,0.4726981520652771,0.4811992645263672,0.49448513984680176,0.4536001980304718,0.41618844866752625,0.4828067421913147,0.5261816382408142,0.47134876251220703,0.41156697273254395,0.48262161016464233,0.4913577735424042,0.41826778650283813,15.503559693370644,17.665123565526784,19.326679423174593,16.31347701527981,19.259487438950238,19.053329931066823,43.84479756826935,2101.9682947916594,0.06414207175925926,MWalaa,French
-1.0,0.17436742782592773,0.07033898681402206,0.06498788297176361,0.07802947610616684,0.028435606509447098,-0.017606448382139206,-0.006949771195650101,0.004240653943270445,-0.022043999284505844,-0.014589793048799038,-0.0125374561175704,0.0319644920527935,0.014481606893241405,-0.02854599431157112,0.042469363659620285,-0.03221694380044937,1.5433572198020329e-09,0.002630849601700902,-0.0014560697600245476,0.00037044359487481415,0.00025373059906996787,-0.0006489023217000067,4.1070597944781184e-05,3.3551918022567406e-05,-0.00016182904073502868,6.70631516186404e-06,-0.00012926218914799392,1.2896598491352051e-05,1.7685326383798383e-05,2.9584101866930723e-05,3.369398109498434e-05,0.00014393321180250496,1.0449293768033385e-05,0.44819334149360657,0.42224228382110596,0.4080047309398651,0.453010618686676,0.4844537377357483,0.42976000905036926,0.3699656128883362,0.4186350703239441,0.4988417327404022,0.4551190435886383,0.3584950268268585,0.3930083215236664,16.90418410742916,17.47169682930592,19.240512628634786,16.435918762478245,18.45322913240767,19.334636229833585,43.871091816454104,3359.1153727385426,0.1427755152925532,MWalaa,French
-1.0,0.2490202784538269,0.0710698813199997,0.04031232371926308,0.06990660727024078,0.013713167048990726,-0.029361603781580925,-0.009686681441962719,0.022165797650814056,-0.018738877028226852,-0.020125826820731163,0.0040334174409508705,0.0272822342813015,0.010848045349121094,-0.017679551616311073,0.04622962325811386,-0.04331529140472412,1.3772997187189162e-09,0.0007938205963000655,-0.000918738660402596,-0.00014191291120368987,0.00024942035088315606,-0.0002844491391442716,-0.000255572609603405,-1.7332491552224383e-05,9.010142821352929e-05,-0.00024551182286813855,3.282032048446126e-05,-3.2040432415669784e-05,-2.0637684428947978e-05,-7.240120612550527e-05,2.1367204681155272e-05,0.00010028373071691021,-0.00012482966121751815,0.4071206748485565,0.45477530360221863,0.45610350370407104,0.39105382561683655,0.45742204785346985,0.44839218258857727,0.4289243221282959,0.416864275932312,0.3543252944946289,0.3707525432109833,0.38111934065818787,0.37273404002189636,17.26314954283242,16.070307979329392,19.48121522253605,17.63503684701174,19.285489471707802,18.780930834038735,44.23569028262377,2809.029550033989,0.1409896657436709,MWalaa,French
-1.0,0.21327853202819824,0.048125337809324265,0.05515651777386665,0.10081519931554794,0.018929656594991684,-0.004408701788634062,3.3508800697745755e-05,0.0034219324588775635,0.014397759921848774,-0.009991556406021118,-0.005724168382585049,0.022876571863889694,0.006521265953779221,-0.009722777642309666,0.040192414075136185,-0.02488342858850956,1.360083490276054e-09,0.000642260885797441,-0.00018137600272893906,-0.0001517531491117552,0.00016760770813561976,-3.304843994555995e-05,-1.3676797607331537e-05,7.424877549055964e-05,-0.000158469018060714,1.747165879351087e-05,2.568187119322829e-05,-0.00015288172289729118,-0.0001245218445546925,-2.5109004127443768e-05,-0.00017440626106690615,-6.882719753775746e-05,-7.766123599139974e-05,0.4978910982608795,0.4840377867221832,0.480093777179718,0.5097762942314148,0.45628222823143005,0.5014678239822388,0.5076631307601929,0.4911884665489197,0.4613267779350281,0.4883967936038971,0.4706384241580963,0.4465641975402832,16.493370860370675,15.556951573356201,16.2457795700071,14.723505144391316,17.67081657110591,18.15405437184873,43.51179577522184,2709.583360624181,0.1106353759765625,MWalaa,French
-1.0,0.2764314115047455,0.013484619557857513,0.06251275539398193,0.12728369235992432,0.001061003073118627,-0.029212551191449165,-0.005139279179275036,-0.017814744263887405,-0.0142831951379776,-0.015501593239605427,-0.03552386909723282,0.03966839984059334,0.011121674440801144,-0.022928858175873756,0.0670379251241684,-0.030784230679273605,5.07257291726404e-10,7.456041203113273e-05,0.00010776224371511489,-0.00010083763481816277,-5.0197009841213e-05,-2.9345013899728656e-05,5.086176315671764e-05,-2.0869492800557055e-05,-2.334386772417929e-05,6.2905910453991964e-06,2.560264420026215e-06,8.997105396701954e-06,-1.4033194929652382e-05,2.8179700166219845e-05,3.708617668962688e-06,-8.538422844139859e-05,-2.1958554498269223e-05,0.3650566637516022,0.37678566575050354,0.3654143214225769,0.3979323208332062,0.42395052313804626,0.4268222749233246,0.38490915298461914,0.4035245180130005,0.439228355884552,0.4312712252140045,0.3671955168247223,0.34098711609840393,17.99918900573201,18.11852162379351,19.60297001705174,16.555612485910245,18.77958437109071,20.192657585534658,45.05818113850248,2552.931183340755,0.08681731679778555,MWalaa,French
-1.0,0.20524974167346954,0.06699404120445251,0.050989143550395966,0.08582752197980881,0.012543272227048874,-0.0019805405754595995,0.011299898847937584,0.005347561091184616,-0.01090157125145197,-0.007894974201917648,-0.011478574946522713,0.0221734456717968,0.014083893969655037,-0.01541068498045206,0.03704146668314934,-0.027276290580630302,1.500781832142195e-09,0.00035253065288998187,0.00040271293255500495,3.94990092900116e-05,-0.0003271645400673151,-1.2115311619709246e-05,0.00045424062409438193,-0.0002162942837458104,-0.0003045573248527944,0.00016215942741837353,0.00018890896171797067,-0.00010165317507926375,-0.0002735846792347729,9.96688540908508e-05,-3.2285709039570065e-06,-0.0002924187865573913,0.00013910392590332776,0.3820238411426544,0.4463258385658264,0.42825227975845337,0.45660096406936646,0.5135481357574463,0.5057114362716675,0.5116070508956909,0.5149192810058594,0.4166756868362427,0.4375405013561249,0.44709673523902893,0.37646639347076416,17.607553079843925,16.12724751899972,17.876890881454774,15.999866304329792,17.94850162705722,18.976118010860855,43.874384685616704,2778.7981309494758,0.13913321659482758,MWalaa,French
-1.0,0.27608299255371094,0.01846271939575672,0.038322560489177704,0.06538684666156769,0.01219323743134737,0.0026101514231413603,-0.014948287047445774,-0.006436456460505724,-0.011782042682170868,0.00933846179395914,-0.015957770869135857,0.026389723643660545,0.020115256309509277,-0.023118391633033752,0.058466944843530655,-0.050430357456207275,1.480363054362499e-09,0.00020611617946997285,8.12132639111951e-05,-8.647538197692484e-05,-5.528249675990082e-05,-1.604066892468836e-05,0.00017447427671868354,1.5565681678708643e-05,-3.451532029430382e-05,-8.278367749881e-05,0.00011990853090537712,1.4676528735435568e-05,2.474359280313365e-05,8.893910853657871e-05,9.517903527012095e-05,6.9608445301128086e-06,-7.38920716685243e-05,0.529821515083313,0.48785847425460815,0.4108280539512634,0.38921573758125305,0.39258521795272827,0.3681012690067291,0.3515746295452118,0.40122953057289124,0.3748351037502289,0.4086420238018036,0.4586225152015686,0.505042314529419,18.18917662307115,18.176614131752714,20.43498298263228,17.701423947275508,18.07119419704759,19.788008512618116,44.65755012220203,2445.816814257541,0.08274872448979592,MWalaa,French
-1.0,0.23832884430885315,0.035101648420095444,0.06602922081947327,0.11046891659498215,-0.0019207915756851435,-0.03372131288051605,-0.012301701121032238,0.0036888192407786846,0.00517881428822875,-0.017963483929634094,-0.015668904408812523,0.02152043953537941,0.003739558858796954,-0.02032962255179882,0.03767644986510277,-0.0492531955242157,1.4039571727408884e-09,0.0012629913398995996,-0.0007090310100466013,-0.0006180611671879888,-0.00037493783747777343,-0.0007815267890691757,-0.0007506662514060736,-0.0002774051099549979,0.0002988740452565253,0.0005460939719341695,0.00046818380360491574,0.00028793144156225026,0.00010186527651967481,-0.00014947597810532898,-0.00014571630163118243,-0.00010837872832780704,-0.0002315649326192215,0.3345390260219574,0.31898632645606995,0.33609336614608765,0.312802255153656,0.2672773003578186,0.26134786009788513,0.4158487617969513,0.3386229872703552,0.3286738395690918,0.37316134572029114,0.38449400663375854,0.36623290181159973,16.547145886991284,16.30469846994592,19.777188412022536,16.766501475833923,18.55137095120744,18.832281446612374,44.32545738800268,2582.628579752273,0.11242124495967742,MWalaa,French
-1.0,0.1800297349691391,0.057035937905311584,0.10757473111152649,0.13458214700222015,0.02381931059062481,-0.02483019419014454,-0.03312201052904129,-0.008115320466458797,0.004515266511589289,-0.017933165654540062,-0.02218049205839634,0.032013893127441406,0.012305612675845623,-0.005435418803244829,0.053375452756881714,-0.029680488631129265,1.4039571727408884e-09,0.00026112247724086046,-0.0004084878310095519,-0.0006802781717851758,-1.0236617526970804e-06,8.745714876567945e-05,-9.382309508509934e-05,9.933733963407576e-05,0.00027982413303107023,1.8585305952001363e-05,0.00014424319670069963,7.096918579918565e-06,-7.628979801665992e-05,-4.128169530304149e-05,-0.0002158150600735098,7.87011522334069e-05,-0.00016853216220624745,0.3359434902667999,0.37687039375305176,0.3461931347846985,0.4130796790122986,0.3992414176464081,0.3629239499568939,0.37801575660705566,0.3822628855705261,0.4016724228858948,0.4768139719963074,0.5113800168037415,0.3756115734577179,17.228967464529205,18.358673036710837,21.183201703561803,17.02762699306975,18.712062331474268,19.365829119998395,43.7783186575285,3120.6590382997497,0.1416078629032258,MWalaa,French
-1.0,0.20638959109783173,0.03309306874871254,0.09539513289928436,0.1288720816373825,0.012027168646454811,-0.04079784080386162,0.00010795358684845269,-0.003563767299056053,0.0006397786783054471,-0.027966715395450592,-0.033733367919921875,0.032619837671518326,0.025337807834148407,-0.027110284194350243,0.052640147507190704,-0.023247050121426582,7.134864365987426e-10,0.00039437884697690606,-0.00044604510185308754,2.0266263163648546e-05,0.00029015884501859546,-0.00011985133460257202,-0.00014505366561934352,0.00010487111285328865,-0.00013472061255015433,-9.452368431084324e-06,-8.964540757006034e-05,-9.163007052848116e-05,3.886856575263664e-05,-4.524544783635065e-05,1.717539635137655e-05,7.480170461349189e-05,8.706271182745695e-05,0.40640854835510254,0.40239417552948,0.40229666233062744,0.40261310338974,0.37481245398521423,0.35297971963882446,0.32784485816955566,0.36025816202163696,0.41895851492881775,0.479291707277298,0.4471158981323242,0.4127616882324219,17.01400343078455,17.26307586250974,19.662752735181524,15.362116292276308,18.904531093625355,19.59098258932784,45.25272285742073,2869.783022811392,0.1108766649590164,MWalaa,French
-1.0,0.2293645292520523,0.03086882457137108,0.08162945508956909,0.13085274398326874,0.001931202132254839,-0.017932159826159477,-0.0016518039628863335,-0.030654652044177055,-0.007913125678896904,-0.029016949236392975,-0.039656877517700195,0.035201266407966614,0.009001826867461205,-0.03135044500231743,0.05281705781817436,-0.021452881395816803,5.579829931434688e-10,4.455126327229664e-05,0.00022069727128837258,-0.0001076454936992377,-0.0001442651846446097,-7.118926441762596e-05,0.00012698181672021747,3.7126319512026384e-05,0.0001095200568670407,-2.8103915610699914e-05,6.115800351835787e-05,4.1655312088551e-05,-0.00011542234278749675,-8.82703679963015e-05,7.239622937049717e-05,-8.756692113820463e-05,4.78082183690276e-05,0.38935163617134094,0.37108245491981506,0.4312448501586914,0.42367279529571533,0.39366602897644043,0.3789614140987396,0.4333079159259796,0.4185088574886322,0.424673855304718,0.39030420780181885,0.3619634509086609,0.39633867144584656,17.124355053570856,17.318282214003876,19.354626876795674,15.298767630437876,18.46155986384312,20.118600968261088,45.42284524973384,2757.7361087386384,0.1138847155448718,MWalaa,French
-1.0,0.2016933262348175,0.029285838827490807,0.0902508795261383,0.11818244308233261,-0.010732203722000122,-0.004255624487996101,-0.0026921136304736137,-0.024853814393281937,-0.007052730768918991,-0.02627735212445259,-0.025828709825873375,0.03255244344472885,0.01762000471353531,-0.025255117565393448,0.05361957475543022,-0.021582361310720444,5.399835023567334e-10,-1.714887002890464e-05,0.00013561271771322936,-0.0003450658987276256,-0.00019147527927998453,0.00036959556746296585,0.00022932853607926518,0.0001652427454246208,2.0213910829625092e-05,9.903855243464932e-05,0.00021876020764466375,3.062905079787015e-06,-0.00020240525191184133,2.2110836653155275e-05,1.5747024008305743e-05,-0.00015610137779731303,0.00010200824908679351,0.415107399225235,0.3967348337173462,0.41231095790863037,0.4935789704322815,0.45755791664123535,0.3764280080795288,0.34206876158714294,0.3591890037059784,0.40406131744384766,0.42814409732818604,0.4093632996082306,0.38576751947402954,17.861336270026452,17.042911312903833,19.25971530958685,15.999073331708974,18.04928414827528,20.36888547654009,44.891582507351686,2992.799390819402,0.13837502907878413,MWalaa,French
-1.0,0.18949969112873077,0.041821740567684174,0.0740443542599678,0.12196531891822815,0.024055778980255127,-0.00800133217126131,0.01133424136787653,0.006329400464892387,0.006408417597413063,-0.012759345583617687,-0.012877184897661209,0.011142274364829063,0.01784985326230526,-0.014590560458600521,0.032626695930957794,-0.0076210955157876015,1.4130737691075979e-09,0.00018865088350139558,0.00014619393914472312,-3.2509869924979284e-06,0.00010409063543193042,7.594381895614788e-05,4.702405021816958e-06,-4.78038055007346e-05,-0.00012488322681747377,-0.0001292995730182156,6.467466300819069e-05,2.9430966606014408e-05,-7.044625817798078e-05,-0.0001390170509694144,3.206266774213873e-05,1.975223312911112e-06,6.349353498080745e-05,0.49934056401252747,0.519046425819397,0.4500836431980133,0.4508858323097229,0.5190226435661316,0.5926318168640137,0.5454233884811401,0.5184075236320496,0.5374836325645447,0.5328270196914673,0.4457431733608246,0.41273432970046997,16.961561888116094,16.085757370482558,16.197405583222675,14.717119075601557,17.717696242040798,17.316245213802134,43.94183794699585,2560.2946935672717,0.09381658380681818,MWalaa,French
-1.0,0.2289247214794159,0.01663212478160858,0.097891665995121,0.11480526626110077,0.0016590297454968095,-0.009336436167359352,-0.017861511558294296,0.002478359267115593,-9.281072561861947e-05,-0.02815905213356018,-0.013456701301038265,0.03564130887389183,0.011277983896434307,-0.021168222650885582,0.04171546921133995,-0.02402462624013424,1.351635803281681e-09,0.00020972639322280884,0.000272752862656489,-0.0001052033985615708,-7.578647637274116e-05,0.0001590467436471954,6.695679621770978e-05,-4.9123435019282624e-05,-5.766168760601431e-05,7.280790669028647e-06,8.465469727525488e-05,3.1005187338450924e-05,-0.0001603742566658184,-9.541000508761499e-06,9.334369678981602e-05,-4.317491038818844e-05,-3.21479128615465e-05,0.45562681555747986,0.41600897908210754,0.3672398626804352,0.37604039907455444,0.364019513130188,0.3710034489631653,0.3823418617248535,0.3999650478363037,0.3782700002193451,0.43968603014945984,0.44210782647132874,0.43565112352371216,18.02776280575424,18.117871374835097,20.165271593791008,15.752660681717225,19.181859889408997,19.748932488764176,44.921672032678295,2396.578745130764,0.08258018730590062,MWalaa,French
-1.0,0.26304104924201965,0.04782305285334587,0.08707813173532486,0.12320340424776077,0.018184330314397812,-0.007669589947909117,-0.005170280113816261,-0.004133202135562897,-0.013056623749434948,-0.019121220335364342,-0.009662920609116554,0.02762288600206375,0.01630975306034088,-0.00014935144281480461,0.053188350051641464,-0.026161793619394302,1.4130737691075979e-09,0.0002491231425665319,-0.0002007699222303927,0.00011535017983987927,0.00021552889666054398,-0.00023825638345442712,-0.00011209969670744613,-0.00018489312788005918,-0.00031106488313525915,-0.0001074102328857407,3.698044747579843e-05,-0.00019157900533173233,8.014405466383323e-06,0.00014789339911658317,1.9129800421069376e-05,-1.5032441297080368e-05,-0.00019799814617726952,0.40940943360328674,0.40266236662864685,0.4228315055370331,0.43937990069389343,0.540747880935669,0.514039158821106,0.401582270860672,0.37445467710494995,0.36407655477523804,0.40953701734542847,0.41040918231010437,0.40633970499038696,15.654666894176083,18.206558847104173,20.88462732700413,16.942332401458753,18.827854965453238,18.415597397095457,45.002314908674684,2309.0954270507623,0.07379705255681818,MWalaa,French
-1.0,0.22103296220302582,0.05158518627285957,0.09675542265176773,0.11043555289506912,0.00892916601151228,0.004607077222317457,-0.0021773444022983313,-0.011116933077573776,-0.003690061392262578,-0.011410659179091454,-0.02951517514884472,0.038311026990413666,0.022083867341279984,-0.030828839167952538,0.0460967943072319,-0.021935421973466873,1.3350512917398305e-09,0.0005920419935137033,0.0004620932450052351,-0.00027035977109335363,-9.329348540632054e-05,-1.5285026165656745e-05,0.00012173755385447294,-0.00015194923616945744,-0.00010570637095952407,-8.930551848607138e-05,0.0001625820150366053,8.264047210104764e-05,-0.0004093059105798602,0.00015443672600667924,0.00018231483409181237,-5.376794797484763e-05,0.0002154896646970883,0.41306477785110474,0.5136244297027588,0.5120213031768799,0.46914762258529663,0.42905572056770325,0.37689870595932007,0.36394593119621277,0.3799240291118622,0.4595659077167511,0.49634355306625366,0.41606229543685913,0.35889744758605957,16.27630928916155,16.119026422245735,18.48937768016467,15.261678014141753,17.91549638812614,19.867666419153796,43.903725071568246,2817.790126164151,0.1143836273006135,MWalaa,French
-1.0,0.16165131330490112,0.04205349460244179,0.11428358405828476,0.12254798412322998,-0.01249126810580492,-0.002203358104452491,0.011722810566425323,-0.009751728735864162,-0.006378163583576679,-0.03326181322336197,-0.01416697632521391,0.04310314729809761,0.01167870033532381,-0.012896272353827953,0.041399020701646805,-0.018345260992646217,1.1637077967918685e-09,0.00016464106738567352,7.724347960902378e-05,8.35800965433009e-05,4.02776786359027e-05,-8.696859481460706e-07,7.282858859980479e-05,-0.00011483056005090475,-7.28270024410449e-05,0.00011769441334763542,-5.43852147529833e-05,-5.695192885468714e-05,2.9952818294987082e-05,-0.00012319805682636797,-6.783035496482626e-05,5.330241037881933e-05,-4.6932029363233596e-05,0.44263675808906555,0.4166613519191742,0.4327937960624695,0.4908677041530609,0.49271681904792786,0.4146365523338318,0.32918262481689453,0.34648504853248596,0.4153921902179718,0.44569626450538635,0.3945165276527405,0.3743228316307068,17.16864323669539,17.805329977911466,19.89076256924307,15.655934101408356,17.84730321482466,20.548240583823315,44.71931991153863,3079.393598280719,0.134530623328877,MWalaa,French
-1.0,0.2082841843366623,0.06382280588150024,0.07989221066236496,0.11481274664402008,0.006615056656301022,0.014321223832666874,0.010053439997136593,-0.023791678249835968,-0.009859882295131683,-0.034312669187784195,-0.0352131649851799,0.026003213599324226,0.025445396080613136,-0.02069038152694702,0.05298789590597153,-0.00687560997903347,1.7134909047200608e-09,0.0007227588212117553,-6.261135422391817e-05,0.0001677659893175587,0.0007482986547984183,-0.00034659812808968127,-0.0001338419533567503,1.7505124560557306e-05,-0.00033951812656596303,0.0001932654995471239,-8.134738891385496e-05,-0.0004127802385482937,0.00022339177667163312,-4.344544868217781e-05,4.049298513564281e-05,8.540508861187845e-05,-0.0002467651793267578,0.3968055248260498,0.4043283760547638,0.4481784999370575,0.46624502539634705,0.37654340267181396,0.27429136633872986,0.2892143428325653,0.34075990319252014,0.3221980929374695,0.3343525826931,0.35237613320350647,0.3536278307437897,16.962634513740614,17.64039138673816,19.68071769939619,16.36168267985425,18.58076675264739,19.87446604704365,45.35330907198871,3201.549922590149,0.14465043676181102,MWalaa,French
-1.0,0.24494150280952454,0.016451504081487656,0.058932963758707047,0.10217353701591492,0.007541575003415346,0.01077408529818058,0.007066127844154835,-0.016027625650167465,-0.007582155056297779,-0.005181491374969482,-0.021223511546850204,0.017920954152941704,0.04334395006299019,-0.026501694694161415,0.04280815273523331,-0.008527745492756367,1.3432923662293206e-09,0.0005147180636413395,7.40003160899505e-05,2.4170420147129335e-05,9.197557665174827e-05,0.00016587476420681924,5.3693849622504786e-05,-0.00014805384853389114,-0.00012442759179975837,0.00011996395915048197,-5.705176226911135e-05,-0.0001650329795666039,0.00018661038484424353,-9.748535376274958e-05,-0.00010268334881402552,0.00019875439465977252,5.391102240537293e-05,0.4752978980541229,0.36295437812805176,0.39908382296562195,0.4633650481700897,0.5551420450210571,0.5031571388244629,0.4013936221599579,0.38572821021080017,0.37755343317985535,0.3629041612148285,0.35120949149131775,0.4109499454498291,18.541781653949396,17.354996957145108,19.637282535634775,18.071625791286504,18.305711383431525,19.467246171940527,45.45209529746186,2719.6054823028758,0.12058437017746913,MWalaa,French
-1.0,0.23448620736598969,0.07951480150222778,0.06492238491773605,0.1048181876540184,0.003922180738300085,-0.010072303004562855,-0.00581645593047142,-0.004163234960287809,-0.011562035419046879,-0.024122094735503197,-0.015326449647545815,0.03435299172997475,0.008533704094588757,-0.014298875816166401,0.04633063077926636,-0.03421948477625847,7.942093649404569e-10,0.00018290933803655207,0.00015076136332936585,-8.240315946750343e-05,-0.00010757763084257022,-5.46563787793275e-05,2.166637386835646e-05,-5.9084873100800905e-06,1.2052028068865184e-05,1.6262496501440182e-05,3.6083241866435856e-05,0.00022501064813695848,-4.334335244493559e-05,-6.693919567624107e-05,-2.7572184990276583e-05,-4.953236930305138e-05,7.616257789777592e-05,0.433847576379776,0.4536339342594147,0.37165480852127075,0.37429359555244446,0.4529056251049042,0.41994595527648926,0.34216323494911194,0.35698017477989197,0.35784202814102173,0.3788919150829315,0.3607868552207947,0.3480486273765564,16.7132214337873,16.530750594305548,19.75331602267064,15.89884527485363,17.937455449228636,19.222545893821145,44.22233215160917,3152.4870262831087,0.15474773323448904,MWalaa,English
-1.0,0.16751018166542053,0.10117310285568237,0.07156450301408768,0.10079523175954819,0.023167602717876434,-0.011026313528418541,-0.010147578082978725,0.01315388549119234,-0.004243883304297924,-0.017128076404333115,-0.02187550812959671,0.026087474077939987,0.011628282256424427,-0.007004800718277693,0.04087434709072113,-0.040798913687467575,8.53385750954061e-10,0.00018269947031512856,0.00014331714191939682,-6.523077172460034e-05,-2.9223076580819907e-06,1.98987327166833e-05,7.551624730695039e-05,9.118206071434543e-05,-5.142693771631457e-05,-3.470979936537333e-05,4.513593012234196e-05,2.9656466722371988e-05,-0.00010749712964752689,-1.4134821867628489e-05,-2.3795049855834804e-05,-2.254924038425088e-05,6.315801874734461e-05,0.4241005480289459,0.40892913937568665,0.36764106154441833,0.44602352380752563,0.4779694676399231,0.42662501335144043,0.3662938177585602,0.36897557973861694,0.41669031977653503,0.39311063289642334,0.3028465807437897,0.32498160004615784,15.940184705689877,16.00027473330028,18.46940184009685,15.377012528777199,18.273873629848094,19.808014445931317,43.35698876646102,3585.6915936813625,0.1962048100490196,MWalaa,English
-1.0,0.2569531500339508,0.08750715851783752,0.08083327114582062,0.09232428669929504,0.02031305991113186,0.0033058086410164833,-0.003939817193895578,-0.0011849254369735718,-0.00875455979257822,-0.022719088941812515,-0.018539605662226677,0.02380772866308689,0.009759770706295967,-0.009911144152283669,0.038306813687086105,-0.04214447736740112,6.614387926262566e-10,0.0007816125289537013,9.587468230165541e-05,-0.00024234010197687894,0.00018372960039414465,-0.00013686220336239785,-0.0002394656476099044,9.71647459664382e-05,-7.480859494535252e-05,-6.119825411587954e-05,0.00011861971870530397,-4.6209974243538454e-05,-8.011590398382396e-05,9.30208625504747e-05,3.490786912152544e-05,-9.499080624664202e-05,-5.429004886536859e-06,0.44607293605804443,0.3972777724266052,0.3230758309364319,0.37944066524505615,0.4111801087856293,0.35745981335639954,0.30955421924591064,0.30951201915740967,0.3574155569076538,0.4192209541797638,0.4385595917701721,0.42486298084259033,14.948630351039734,15.932961875921142,18.608693494632156,15.621757043139182,17.841936883189092,19.349234542378333,44.04097562206301,2869.99802202705,0.13171275408434652,MWalaa,English
-1.0,0.2012072205543518,0.09683960676193237,0.04978711158037186,0.08620955049991608,0.04356945678591728,0.005911088548600674,-0.019168734550476074,0.007510176859796047,0.004182457458227873,-0.019155172631144524,-0.009416406974196434,0.035299479961395264,0.007598503027111292,-0.0020823469385504723,0.038903918117284775,-0.03431612625718117,7.827818948591414e-10,0.0005473315250128508,-7.800642924848944e-05,-8.438769145868719e-05,6.605289672734216e-05,-4.888170587946661e-05,-1.7959637261810713e-05,4.714580063591711e-05,-6.615289021283388e-05,-7.196044316515326e-05,4.238174369675107e-06,-2.2691248886985704e-05,-4.335835910751484e-05,7.746862138446886e-06,-1.1913130038010422e-05,2.650909846124705e-05,-5.624612094834447e-05,0.36683139204978943,0.5429102182388306,0.48511120676994324,0.433484822511673,0.4970075786113739,0.4911065399646759,0.40504178404808044,0.3330848217010498,0.32628104090690613,0.3922952711582184,0.36722519993782043,0.29627707600593567,15.082169354676683,15.818942117282269,18.216578152587463,15.353672254643046,17.614322535779518,19.216544565963936,43.402407284652675,3435.816112829866,0.1867746037544964,MWalaa,English
-1.0,0.3294222354888916,0.03519957512617111,0.042414966970682144,0.06858493387699127,0.007658365182578564,-0.015486818738281727,-0.025320621207356453,0.002817716682329774,-0.004965600557625294,-0.016556691378355026,-0.014993446879088879,0.05390239506959915,0.008137808181345463,-0.011414545588195324,0.05460650101304054,-0.04723250865936279,8.000491380499852e-10,0.00032323715277016163,0.0004080230719409883,-4.6086908696452156e-05,-0.00013698379916604608,-0.000136100803501904,0.00013116975605953485,-3.055484557989985e-05,-1.937626802828163e-05,-0.00014002661919221282,-0.00019605430134106427,7.043548976071179e-05,-9.688037971500307e-05,-6.725714774802327e-05,-7.109190482879058e-05,-0.000144268837175332,3.0094839530647732e-05,0.45755457878112793,0.414220929145813,0.3732726573944092,0.3480926752090454,0.3283325731754303,0.33081403374671936,0.3789904713630676,0.3745681643486023,0.38515061140060425,0.38712021708488464,0.3695710599422455,0.43658146262168884,17.011867906933947,17.492920217146075,19.414976461702295,16.99385976362575,18.2817813875546,19.504389222099107,44.397380534047734,2351.242320561311,0.07863123276654412,MWalaa,English
-1.0,0.25630033016204834,0.06512819230556488,0.052877213805913925,0.08766508102416992,0.03086920827627182,-0.014342958107590675,-0.022673729807138443,0.005801621358841658,0.0009646816179156303,-0.009772293269634247,-0.022535907104611397,0.03166678547859192,0.00022410386009141803,0.004964441992342472,0.04653594642877579,-0.0498938262462616,6.495921578419939e-10,3.969882891396992e-05,-2.7310046789352782e-05,-0.00014755455777049065,-0.00011228299990762025,-8.782811346463859e-05,4.9477213906357065e-05,3.667407145258039e-05,-9.667962785897544e-07,-6.832195504102856e-05,7.462283247150481e-05,-1.1785039077949477e-06,-1.7620042854105122e-05,-1.2761521247739438e-05,-7.569886656710878e-05,1.8600208022689912e-06,1.6470708942506462e-05,0.4043991267681122,0.4570590853691101,0.4139552414417267,0.42852887511253357,0.4837028980255127,0.45435941219329834,0.4059630334377289,0.4257638156414032,0.4388563930988312,0.41615596413612366,0.37021109461784363,0.34295615553855896,16.477089427016875,16.30497720936161,18.030173612688046,15.871197788616389,18.328592870980685,18.261132700012748,43.500739371692234,2853.3551476586026,0.1326434235074627,MWalaa,English
-1.0,0.27978378534317017,0.0757075771689415,0.025562340393662453,0.06167617440223694,-0.014298963360488415,-0.007110151462256908,-0.01971004530787468,0.007870216853916645,0.0016564049292355776,0.003578214906156063,0.003969760611653328,0.04424548149108887,0.017126981168985367,-0.010435909032821655,0.04408276081085205,-0.04807145521044731,8.08971611920839e-10,0.00018388897296972573,0.00018714324687607586,1.942061680892948e-05,-6.200149073265493e-05,-0.0001213400173583068,0.00019114342285320163,-1.3820134881825652e-05,-8.102582796709612e-05,-1.986257302633021e-05,1.9120925571769476e-05,0.00011236000136705115,0.00011601659934967756,3.1128787668421865e-05,6.239325011847541e-05,-6.723215483361855e-05,5.190938463783823e-05,0.4888306260108948,0.4986456036567688,0.4110791087150574,0.4291478395462036,0.4838061034679413,0.3544088900089264,0.2610747814178467,0.26689469814300537,0.25000107288360596,0.2841753363609314,0.3347288966178894,0.42032063007354736,16.132672632408106,15.676373745617527,18.965497932896657,17.10991809661869,17.994308480925067,19.412297227211432,42.70728546105638,3092.4432951753265,0.1563226068773234,MWalaa,English
-1.0,0.3094013035297394,0.07204964011907578,0.04567296802997589,0.050368782132864,-0.009199085645377636,0.00805491954088211,-8.210692612919956e-05,-0.006611321121454239,0.007562483195215464,0.0034073125571012497,-0.009492864832282066,0.04429220035672188,0.012033889070153236,-0.017733145505189896,0.041293445974588394,-0.04059929773211479,6.97478741429336e-10,0.0001175031065940857,-3.5321005270816386e-05,-0.00027780680102296174,2.9820184863638133e-05,-0.0001688322809059173,-1.2259667528269347e-05,-1.8874387023970485e-05,-1.3261788808449637e-05,-1.1960188203374855e-05,2.803402821882628e-05,1.0559335350990295e-05,2.6752330086310394e-05,6.437838601414114e-05,-1.8213911971542984e-05,-3.06015535898041e-05,-4.747075217892416e-05,0.4219134449958801,0.43582579493522644,0.4259713590145111,0.4053244888782501,0.4642487168312073,0.456525593996048,0.3813059329986572,0.3619813919067383,0.3297513425350189,0.303636372089386,0.32234302163124084,0.3721771240234375,15.938067674144682,15.656754750784408,18.036597910626053,16.804433312652048,17.53546065723269,20.010589785608854,43.601263564359144,2433.1999628971125,0.09328988882211539,MWalaa,English
-1.0,0.2567552924156189,0.07627902179956436,0.02736930549144745,0.06978198885917664,-0.001601639436557889,-0.019623667001724243,-0.001648511504754424,0.000971781206317246,-0.006946477107703686,-0.008229317143559456,-0.009795908816158772,0.035752974450588226,0.013155144639313221,-0.015977583825588226,0.04015878215432167,-0.037825170904397964,7.253778688820489e-10,0.00019625184359028935,0.00012827917817048728,-3.333096537971869e-05,3.086498691118322e-05,3.716177161550149e-05,0.00015865803288761526,5.360469367587939e-05,4.1719787986949086e-05,1.8570572635212557e-08,-0.00010177089279750362,2.842410140146967e-05,-1.7866361304186285e-05,-1.884794437501114e-05,2.6539999453234486e-05,1.3560777006205171e-05,2.0811905415030196e-05,0.37350353598594666,0.45431995391845703,0.4295380711555481,0.4116518795490265,0.5024308562278748,0.4270223081111908,0.3067457675933838,0.3451440632343292,0.3089163601398468,0.3100602328777313,0.3124891519546509,0.3399653136730194,18.0857159550404,15.58089655576333,18.60372431069371,16.580656936674494,18.130754462075494,19.325394036088948,43.861598218157056,3081.583440899682,0.1517529296875,MWalaa,English
-1.0,0.29506760835647583,0.11111162602901459,0.0898355171084404,0.10426540672779083,0.01584002375602722,0.0017259889282286167,0.03090595081448555,0.020243767648935318,0.013298453763127327,-0.00402545602992177,-0.004864666610956192,0.04548758640885353,0.025862697511911392,-0.014655652455985546,0.05683601275086403,-0.03135118633508682,7.74424802063578e-10,0.00042615484562702477,-6.565496005350724e-05,3.0372133551281877e-05,0.00023739233438391238,-5.519682963495143e-05,-1.8834341517504072e-06,2.2860449462314136e-05,-4.175896538072266e-05,-4.311094744480215e-05,6.031596512912074e-06,6.687592394882813e-05,4.969172732671723e-05,1.319051079917699e-06,-3.831739377346821e-05,4.407323558552889e-06,-2.5404942789464258e-05,0.49265775084495544,0.5001093149185181,0.44514960050582886,0.43589717149734497,0.47691503167152405,0.49693581461906433,0.4745786488056183,0.43754076957702637,0.40848010778427124,0.4260786473751068,0.39556950330734253,0.4002288281917572,13.800144487376757,15.805047278014072,18.439627000131853,16.65869935634129,18.348652534526078,19.246490570011943,44.331491583164215,2307.4052636716538,0.07798424988879003,MWalaa,English
-1.0,0.20894980430603027,0.08630400151014328,0.06105265021324158,0.08913495391607285,0.037543512880802155,-0.04338739067316055,-0.0037007296923547983,0.006125537678599358,-0.0023939472157508135,-0.017588654533028603,-0.024966349825263023,0.012480523437261581,0.003669176483526826,0.0065753888338804245,0.041239067912101746,-0.043545521795749664,7.799761947424599e-10,-0.0010395945282652974,-0.0002891617768909782,0.00025574167375452816,0.00046375393867492676,0.00012120678002247587,-2.3335539935942506e-06,-0.00013114487228449434,0.0005221382016316056,0.00017557702085468918,0.0001900143688544631,0.0005315974121913314,-7.966355769895017e-05,0.0002576179394964129,-0.00011852618627017364,-0.00031880399910733104,0.00045797828352078795,0.366963654756546,0.2979293167591095,0.30277320742607117,0.37795206904411316,0.416144996881485,0.4108428359031677,0.4647533595561981,0.4052150547504425,0.45280468463897705,0.3760356307029724,0.37035104632377625,0.36386314034461975,16.978430970077763,16.36740257456276,19.625495243870553,17.977373635067785,19.13335999000908,19.641637364697697,45.82060039430704,3345.3183928399335,0.15938095038082437,MWalaa,English
-1.0,0.2362680286169052,0.10588476061820984,0.08790966868400574,0.1084459125995636,0.02918717823922634,-0.01519007422029972,-0.001827657106332481,0.005020535085350275,0.0030550137162208557,-0.0168622937053442,-0.00881231389939785,0.03172489255666733,0.0053771003149449825,0.026135414838790894,0.04885261505842209,-0.05275767296552658,6.34441332802993e-10,0.00018197120516560972,0.00025327038019895554,-0.00013824262714479119,-0.00025231772451661527,7.548969733761624e-05,0.00010412266419734806,-5.168573261471465e-05,-2.9025875846855342e-05,-5.279100878397003e-05,0.00010029441909864545,5.911562038818374e-05,-9.544564090901986e-05,-1.7368058252031915e-05,-5.555774623644538e-05,-2.3977130695129745e-05,5.750847776653245e-05,0.3884265422821045,0.42890387773513794,0.477988600730896,0.4241095781326294,0.39550185203552246,0.41323959827423096,0.43861767649650574,0.4074034094810486,0.4278492033481598,0.45279401540756226,0.3811222016811371,0.3624584972858429,15.292576323897883,16.421523530748907,19.49202392461524,16.346000928020494,18.432051375912014,19.1191442217359,45.54095639585171,2897.118299005818,0.1260876002186589,MWalaa,English
-1.0,0.24536670744419098,0.11941129714250565,0.046676155179739,0.061695050448179245,0.013680393807590008,-0.010984379798173904,-0.03035512939095497,0.005945445969700813,0.001673456165008247,-0.002977948170155287,-0.011424539610743523,0.027224300429224968,0.014331214129924774,-0.0005014623748138547,0.04227442666888237,-0.04198652133345604,7.11154801713576e-10,0.0007658175309188664,-0.0005694698193110526,-0.0004448384279385209,0.00017966724408324808,-0.0001786480424925685,-0.00024675074382685125,-0.0002074887161143124,0.0001387432566843927,9.624692029319704e-05,3.624451346695423e-05,-0.00012553473061416298,-3.986042429460213e-06,-9.055923146661371e-05,-0.00012258690549060702,6.441993900807574e-05,6.214520908542909e-06,0.39661309123039246,0.4741242825984955,0.47710737586021423,0.4339667856693268,0.39941897988319397,0.38290730118751526,0.41456037759780884,0.4079316556453705,0.39869821071624756,0.38713008165359497,0.3612743318080902,0.3306886851787567,15.719220602918426,15.819659059989418,18.118282099384274,16.495438810726835,18.249776254915947,18.938420035175266,43.127241989141616,3237.8826281356614,0.1575824014501634,MWalaa,English
-1.0,0.23644080758094788,0.07742063701152802,0.06515257805585861,0.09391036629676819,0.01968442089855671,-0.0013235032092779875,-0.010752281174063683,0.0043372199870646,0.002990423934534192,-0.013667351566255093,-0.022744137793779373,0.0364447683095932,0.016269920393824577,-0.010092048905789852,0.04566885158419609,-0.031180687248706818,7.351802500110693e-10,0.00030659339972771704,-0.00018681189976632595,-2.452736225677654e-05,0.00031125854002311826,-0.00018509518122300506,-0.00013387278886511922,0.0001264572056243196,-1.954405661308556e-06,-3.708839358296245e-05,4.734894446301041e-06,2.6017503842012957e-05,2.427843355690129e-05,-3.010343607456889e-05,8.260324648290407e-06,4.34008652518969e-05,1.6600636172370287e-06,0.48895102739334106,0.5109531879425049,0.44154006242752075,0.421945720911026,0.4583524167537689,0.4739365875720978,0.4206366240978241,0.3897276222705841,0.3631545603275299,0.4034005403518677,0.4033472239971161,0.3881094753742218,16.611538784126996,15.403681509749061,18.41265648432862,15.403394927238816,18.113767572966093,19.47631726176105,43.533522819456934,3023.865751201565,0.1317946975295608,MWalaa,English
-1.0,0.2519967257976532,0.08608295023441315,0.056505490094423294,0.05752875655889511,-0.012182025238871574,-0.023881759494543076,-0.009191584773361683,0.0013222903944551945,0.0018265941180288792,-0.01096810307353735,-0.0077077290043234825,0.034098926931619644,0.0063764788210392,-0.014447775669395924,0.03935316205024719,-0.04003783315420151,7.74424802063578e-10,0.0004264241724740714,0.0001249238266609609,-0.00021347981237340719,-1.1705895985869574e-06,5.6348886573687196e-05,0.00015349847672041506,8.903232810553163e-05,-4.689785055234097e-05,-1.462357431591954e-05,2.8393538741511293e-05,-1.8479620848665945e-05,-0.00012632542348001152,-2.4620165277156048e-05,3.8256868720054626e-05,-4.803654519491829e-05,7.714745152043179e-06,0.365771621465683,0.3861669898033142,0.3990687429904938,0.4081161320209503,0.38183486461639404,0.34381991624832153,0.33056458830833435,0.34996265172958374,0.37810218334198,0.40545305609703064,0.37326526641845703,0.33522123098373413,15.743182926515473,16.02226905093722,18.484071526853455,16.64466506550322,17.650078068442745,19.436184764414666,43.875887570447034,2985.9383911376112,0.15029505393683273,MWalaa,English
-1.0,0.28725582361221313,0.05580602213740349,0.0308731310069561,0.07343657314777374,0.017995676025748253,-0.0073115029372274876,-0.005607884842902422,-0.010003508068621159,-0.018614182248711586,-0.020765500143170357,-0.017254993319511414,0.036277513951063156,0.011796345002949238,-0.0003037008282262832,0.04813751205801964,-0.045956771820783615,9.714882232003674e-10,1.4651500350737479e-05,0.00010116311750607565,0.0001935443578986451,0.00011573798110475764,-0.0001969903678400442,9.047462663147599e-05,-3.690196172101423e-05,-0.00013818680599797517,0.00012468952627386898,-6.269227742450312e-05,5.970043730485486e-06,-5.9872923884540796e-05,-9.815181692829356e-05,2.5938979888451286e-05,-7.000435743975686e-06,0.0001306097983615473,0.4001951515674591,0.4427781105041504,0.3998454511165619,0.3926195502281189,0.443964421749115,0.48399874567985535,0.45031827688217163,0.43523603677749634,0.4026584029197693,0.42511317133903503,0.37911728024482727,0.34069666266441345,17.431978469603944,16.317374909570308,18.767056706260778,16.27527584779391,17.99822176438304,18.882714141644165,43.30326595874653,2572.2724071106827,0.0997314453125,MWalaa,English
-1.0,0.26963934302330017,0.06765393912792206,0.0409511923789978,0.10121558606624603,0.021431637927889824,-0.016526201739907265,-0.002632326912134886,-0.013281154446303844,-0.004005950875580311,-0.02379981242120266,-0.014307918027043343,0.039159759879112244,-0.005597976502031088,0.011523785069584846,0.04944460093975067,-0.05973106250166893,8.992287470199756e-10,0.00018467027985025197,9.939369920175523e-05,1.8924874893855304e-05,-0.00020536531519610435,-9.934313129633665e-05,-9.711038728710264e-05,-1.8066133634420112e-05,5.147872434463352e-05,0.00010202281555393711,-3.977178494096734e-06,-3.51814269379247e-05,3.0162351322360337e-05,-0.00010888202086789533,8.746658568270504e-05,6.20732971583493e-05,5.797108315164223e-05,0.47159886360168457,0.4318554103374481,0.4064764678478241,0.4453844726085663,0.43344005942344666,0.4116975963115692,0.38571828603744507,0.3969275653362274,0.33010968565940857,0.3107401132583618,0.33506208658218384,0.38438504934310913,16.33491124217084,16.597240059228156,19.308771844100132,16.194912388281878,18.57161730982838,19.244212171258468,45.31499301873731,2760.40035306129,0.11729847301136363,MWalaa,English
-1.0,0.2673349380493164,0.06470635533332825,0.04806026443839073,0.08684533089399338,0.02140115201473236,-0.000994740636087954,-0.01880728453397751,-0.0036491197533905506,-0.007566850166767836,-0.019158393144607544,-0.007706368807703257,0.05114927887916565,0.002349014161154628,-0.006775557529181242,0.07397828996181488,-0.048437342047691345,6.779232730735885e-10,-0.00010465990635566413,0.0001959544897545129,5.912883125347435e-07,-0.00018302777607459575,0.00010116698103956878,6.418134580599144e-05,-7.549623842351139e-05,-3.0647766834590584e-05,-2.037242302321829e-05,7.028635445749387e-05,0.00012232022709213197,2.4001719793886878e-06,5.1615741540445015e-05,4.85759592265822e-05,-2.5528219339321367e-05,-3.0814197089057416e-05,0.42205896973609924,0.47415798902511597,0.4232865571975708,0.39473414421081543,0.4273844063282013,0.3508146405220032,0.2907579839229584,0.29219815135002136,0.35058659315109253,0.3881113529205322,0.3506719172000885,0.3473844528198242,16.27773586929811,17.285266990370733,20.17815640463389,17.046508966716175,18.668510400493563,20.56046897977964,44.609719901180235,2956.35233131216,0.14339496933411214,MWalaa,English
-1.0,0.29506760835647583,0.11111162602901459,0.0898355171084404,0.10426540672779083,0.01584002375602722,0.0017259889282286167,0.03090595081448555,0.020243767648935318,0.013298453763127327,-0.00402545602992177,-0.004864666610956192,0.04548758640885353,0.025862697511911392,-0.014655652455985546,0.05683601275086403,-0.03135118633508682,7.74424802063578e-10,0.00042615484562702477,-6.565496005350724e-05,3.0372133551281877e-05,0.00023739233438391238,-5.519682963495143e-05,-1.8834341517504072e-06,2.2860449462314136e-05,-4.175896538072266e-05,-4.311094744480215e-05,6.031596512912074e-06,6.687592394882813e-05,4.969172732671723e-05,1.319051079917699e-06,-3.831739377346821e-05,4.407323558552889e-06,-2.5404942789464258e-05,0.49265775084495544,0.5001093149185181,0.44514960050582886,0.43589717149734497,0.47691503167152405,0.49693581461906433,0.4745786488056183,0.43754076957702637,0.40848010778427124,0.4260786473751068,0.39556950330734253,0.4002288281917572,13.800144487376757,15.805047278014072,18.439627000131853,16.65869935634129,18.348652534526078,19.246490570011943,44.331491583164215,2307.4052636716538,0.07798424988879003,MWalaa,English
-1.0,0.18526437878608704,0.09772104024887085,0.08275682479143143,0.10110119730234146,0.024944178760051727,-0.0038463918026536703,0.005924248602241278,0.0007075300673022866,0.004947962239384651,-0.026411082595586777,-0.009113041684031487,0.035645704716444016,0.0009435790125280619,-0.004652348347008228,0.04927036911249161,-0.0378694124519825,5.978389450156385e-10,9.654834866523743e-05,8.286380034405738e-05,-0.0001340077433269471,-2.1307678252924234e-05,-3.2966934668365866e-05,4.787520083482377e-05,3.571415436454117e-05,2.3239343136083335e-05,-3.305741847725585e-05,1.06903553387383e-05,6.907941133249551e-05,-3.217408448108472e-05,-9.956253052223474e-06,2.46408144448651e-05,-2.679335193533916e-05,7.625873877259437e-06,0.5224509239196777,0.5053115487098694,0.43595898151397705,0.3932427763938904,0.38240358233451843,0.3608396053314209,0.34401050209999084,0.351970374584198,0.40825939178466797,0.42910972237586975,0.4084615707397461,0.459271639585495,16.77918366173071,16.484806570877552,18.474654878012505,15.422315849190246,18.2835010059484,19.100762243135676,44.130212878572436,3219.500206585395,0.15572952438186813,MWalaa,English
-1.0,0.2437693476676941,0.0803103968501091,0.06342852115631104,0.09528659284114838,0.01961999014019966,0.005978327244520187,-0.018920598551630974,-0.006936721038073301,-0.0014823441160842776,-0.012889745645225048,-0.018006036058068275,0.05293795466423035,0.008809499442577362,-0.0036853777710348368,0.06041248142719269,-0.03129494562745094,8.03001332094766e-10,8.682021143613383e-05,-5.552750008064322e-05,-3.0959952709963545e-05,0.00011031810572603717,-8.253648502432043e-07,-5.509044513019035e-06,-2.1340785679058172e-05,2.335289536858909e-06,1.2735291420540307e-05,-2.594243960629683e-05,-3.4053256968036294e-05,6.764659701730125e-06,1.632291605346836e-05,5.6545504776295274e-05,2.782567753456533e-05,-8.101362618617713e-05,0.42285433411598206,0.434062659740448,0.410680890083313,0.4577353298664093,0.46168002486228943,0.36869242787361145,0.3408544659614563,0.3717615306377411,0.4022355079650879,0.42615991830825806,0.4426429271697998,0.4166942536830902,16.307562872811133,15.580274964340546,18.833015350105775,15.769549103871636,17.843680397490484,19.590217314806136,43.713036828925254,2998.0038237222416,0.13360708314114392,MWalaa,English
-1.0,0.27828359603881836,0.04634843394160271,0.05905665457248688,0.0933951884508133,0.001714362297207117,-0.013024372048676014,-0.0022982873488217592,-0.008147304877638817,0.0061045861802995205,-0.016692839562892914,-0.017457813024520874,0.03987625986337662,0.01040192972868681,-0.006939946673810482,0.06038103997707367,-0.03757309913635254,7.971185378430334e-10,0.00010604408453218639,-5.57794692213065e-06,-0.00017762675997801125,0.00020303412748035043,-6.510491948574781e-05,-2.3836944819777273e-05,6.48246641503647e-05,-0.00014610706421080977,5.99401255385601e-06,2.3850182060414227e-06,6.130684778327122e-05,-1.925029391713906e-05,1.9555705875973217e-05,0.0001397623709635809,5.952967330813408e-05,4.388582965475507e-06,0.4716538190841675,0.4364002048969269,0.4296545386314392,0.4565180540084839,0.4940297305583954,0.4547487795352936,0.43286263942718506,0.37296995520591736,0.37533289194107056,0.38021960854530334,0.3447822034358978,0.39748242497444153,17.36252315798029,16.486364519286457,18.244779253547367,16.13563090241697,17.99239465580291,19.878862536025387,45.201316652783746,2903.1856506142753,0.11684767055860806,MWalaa,English
-1.0,0.24727733433246613,0.07728017121553421,0.0619535818696022,0.09715358912944794,0.020233405753970146,-0.0041741724126040936,-0.008789489977061749,-0.018339237198233604,-0.011492043733596802,-0.02742401696741581,-0.021574515849351883,0.03608167916536331,0.013604179956018925,-0.005711248144507408,0.05619591847062111,-0.03022255189716816,8.119901417913411e-10,0.0010386399226263165,0.00013253734505269676,-0.00016659456014167517,9.17671131901443e-05,-0.0001413723803125322,-0.00021838360407855362,0.00017717407899908721,-0.00019748910563066602,0.00016125651018228382,3.4796886438925867e-07,8.92636671778746e-05,-0.00020175802637822926,-4.292189987609163e-05,-0.00014012199244461954,-1.5292455373128178e-06,4.879950938629918e-05,0.4449467658996582,0.463468074798584,0.36132076382637024,0.3744228780269623,0.37214407324790955,0.34990236163139343,0.2922957241535187,0.2997356057167053,0.3750317096710205,0.48191145062446594,0.4781448543071747,0.40171167254447937,16.409510040003976,16.425441739341945,20.87168268333704,16.977318428003468,18.3113414985312,19.669291388410695,43.95449159944656,2897.424657709257,0.13447046991604478,MWalaa,English
-1.0,0.2775669991970062,0.08226733654737473,0.03086601383984089,0.06620119512081146,-0.00817128550261259,-0.018125155940651894,-0.016011716797947884,0.010188808664679527,0.0063444203697144985,0.0025870702229440212,-0.0061630913987755775,0.03703167289495468,0.005755072925239801,-0.01225192192941904,0.04543333500623703,-0.06315281242132187,7.229679632736463e-10,0.00029626389732584357,0.00023165674065239727,-0.00010748611384769902,-0.00014548306353390217,-8.763288496993482e-05,6.260719237616286e-05,3.9155856939032674e-05,5.274349678074941e-05,-3.814895171672106e-05,-6.836883403593674e-05,5.1845679990947247e-05,-5.792192678200081e-05,-3.73143884644378e-05,3.419687709538266e-05,-7.481929060304537e-05,-1.5782607079017907e-06,0.4766792058944702,0.4758094549179077,0.4976063370704651,0.49495816230773926,0.43916741013526917,0.29535815119743347,0.2854313552379608,0.2815991938114166,0.3105669617652893,0.3391426205635071,0.3348483145236969,0.3743366599082947,16.26390182468123,16.339959959701766,18.235471919431287,16.283770291948517,18.065983357702503,20.149592993276592,43.02301872577981,2992.484441399721,0.13165911804401995,MWalaa,English
-1.0,0.2505647838115692,0.07049980014562607,0.03778938204050064,0.10247854143381119,0.024854186922311783,-0.00041493188473396003,-0.007627332583069801,-0.0055282218381762505,-0.011356868781149387,-0.02961922064423561,-0.01101396419107914,0.03190397843718529,0.001989027950912714,0.004099017940461636,0.04954937845468521,-0.0486106351017952,7.351802500110693e-10,-0.0005826312117278576,-4.111726229893975e-05,-1.0168456356041133e-05,0.00021205379744060338,-2.645384029165143e-06,-0.00021282125089783221,-0.00014812972221989185,-4.943885141983628e-05,9.594236325938255e-05,-9.667229278420564e-06,-4.184345016255975e-05,1.5685989637859166e-05,9.071354725165293e-05,0.00015467680350411683,3.7375571992015466e-05,-2.141226468665991e-05,0.49194470047950745,0.4990605413913727,0.4418002963066101,0.391670286655426,0.37389278411865234,0.3714935779571533,0.32678529620170593,0.3320443332195282,0.324698269367218,0.3473548889160156,0.386870414018631,0.40367019176483154,16.33434038458794,16.37190632000569,19.2419547762072,16.67916351935024,18.777960052562946,18.88483182069536,44.30560737744576,3074.060137106501,0.14818676097972974,MWalaa,English
-1.0,0.21485160291194916,0.07983345538377762,0.06578801572322845,0.10715167969465256,0.03362343832850456,0.009633945301175117,-0.0008747362880967557,-0.0013160253874957561,0.01710384711623192,-0.013248024508357048,-0.013565292581915855,0.04336358234286308,0.01203264482319355,-0.0004947304259985685,0.046134475618600845,-0.017882170155644417,5.849821738124206e-10,0.00013171079626772553,-6.235318869585171e-05,-7.315957191167399e-05,5.49642754776869e-05,4.953682582709007e-05,-7.703436858719215e-05,5.8722933317767456e-05,-1.2003046094832825e-06,3.5359458706807345e-05,3.72644753952045e-05,-1.4716854821017478e-05,-4.143460319028236e-05,5.351453728508204e-05,5.904439967707731e-05,1.9687353415065445e-05,2.0682871308963513e-06,0.4786335825920105,0.4515395760536194,0.41116198897361755,0.471157044172287,0.5433223247528076,0.5067881941795349,0.43084925413131714,0.4121178984642029,0.4715982675552368,0.4988497793674469,0.4701623022556305,0.4536401927471161,16.93284445536555,14.774489766586436,17.713282334775727,15.36212498678752,17.586487912972185,18.719964179890646,44.2220323022647,2985.136837888567,0.12423738869287634,MWalaa,English
-1.0,0.29803186655044556,0.08392515778541565,0.03393387049436569,0.05232968553900719,0.01681315340101719,0.019533615559339523,-0.007743591908365488,0.0005709384568035603,-0.0023894663900136948,-0.0016336818225681782,-0.00586497038602829,0.04306256026029587,0.035941559821367264,-0.006352361757308245,0.044576261192560196,-0.02880258671939373,7.85607801034871e-10,-1.1080116564698983e-05,0.00012334436178207397,0.00022388850629795343,9.22112085390836e-05,8.658118167659268e-05,4.752116001327522e-05,7.256848766701296e-05,6.792644126107916e-05,4.205152072245255e-05,3.595854650484398e-05,4.0290760807693005e-06,8.158271157299168e-06,-8.251067811215762e-06,-6.488688086392358e-05,1.7465707060182467e-05,3.707999348989688e-05,0.5173598527908325,0.513206422328949,0.49733102321624756,0.47270333766937256,0.4155771732330322,0.3401200473308563,0.3091782033443451,0.3751717805862427,0.40006399154663086,0.45838868618011475,0.5107789039611816,0.5120394825935364,15.491890265689413,15.242977950492117,18.410673664988753,15.978015771280484,17.304906499071333,19.23060874431889,44.861429417778965,2636.303598074672,0.11927635661101083,MWalaa,Arabic
-1.0,0.3015354573726654,0.1003623679280281,0.060215286910533905,0.086168572306633,0.03382309526205063,0.025900138542056084,-0.0010188844753429294,0.004552417900413275,0.013644149526953697,-0.0018081346061080694,-0.0009695824701339006,0.05668820068240166,0.023272495716810226,-0.005119463428854942,0.05324524641036987,-0.02371671237051487,6.534936480839804e-10,0.00041135921492241323,5.6732187658781186e-05,-3.051319254154805e-05,0.00014528566680382937,5.698642780771479e-06,4.9427577323513106e-05,7.490652933483943e-05,1.2619918379641604e-05,2.9301354516064748e-05,2.9802770313835936e-06,8.759041520534083e-06,4.939555765304249e-06,2.156198570446577e-05,-4.407651431392878e-05,-5.1278789214848075e-06,-5.123694791109301e-06,0.5513692498207092,0.5299234986305237,0.502748429775238,0.48997601866722107,0.46769046783447266,0.4591527581214905,0.41623997688293457,0.4198182225227356,0.451763391494751,0.49719905853271484,0.48807623982429504,0.5226688981056213,14.326718531335464,14.834780061986663,18.093297702442094,15.384252170764228,17.65078568354963,19.382228762034725,44.89425783306614,1979.4511855781452,0.07038728181306306,MWalaa,Arabic
-1.0,0.3273748457431793,0.05112910643219948,0.05866314843297005,0.0861058160662651,0.013170504942536354,0.019791726022958755,-0.019554201513528824,-0.009558327496051788,0.01580578275024891,-0.005087669938802719,-0.018027571961283684,0.06552735716104507,0.014933775179088116,0.006643494591116905,0.03760834038257599,-0.0362594909965992,7.689517911302346e-10,0.0004430296830832958,-0.00022321120195556432,-0.0001250838686246425,4.068072303198278e-05,-0.00017375426250509918,-5.966868411633186e-05,-0.00015994063869584352,-7.219667895697057e-05,6.96329225320369e-05,-3.866983752232045e-05,-2.097804463119246e-05,7.901820208644494e-05,-5.274561044643633e-05,9.111286999541335e-06,9.044627222465351e-05,-7.172327605076134e-05,0.44616296887397766,0.4181465208530426,0.4244595170021057,0.39214593172073364,0.33459073305130005,0.3030066192150116,0.32799866795539856,0.3846091628074646,0.4639030396938324,0.5372690558433533,0.52329421043396,0.44326546788215637,14.586410343327945,16.18646982555482,19.28703073762756,15.819834295749503,18.18470914623827,20.883809441584287,44.28561348578643,2004.0299246426903,0.07189121852915194,MWalaa,Arabic
-1.0,0.2874844968318939,0.04657062515616417,0.036023277789354324,0.07628706097602844,0.00202169013209641,0.00606761546805501,0.006983380299061537,0.017131289467215538,0.02760523185133934,-0.01080377772450447,-0.0009147200034931302,0.029609976336359978,0.015182610601186752,0.01049636397510767,0.029238106682896614,-0.03614746406674385,6.078585967905781e-10,0.0002591173688415438,-3.999467662652023e-05,-7.825317879905924e-05,7.84463481977582e-05,2.115769348165486e-05,-4.148100288148271e-06,-1.040375809679972e-05,-5.484938355948543e-06,-4.035555775772082e-06,1.2747152666747752e-08,1.557455470901914e-05,-3.151666896883398e-05,-1.0214122085017152e-05,-2.147354098269716e-05,3.835967800114304e-05,2.542897709645331e-05,0.5420917868614197,0.563086748123169,0.4837026298046112,0.5002644062042236,0.5194560885429382,0.4881758391857147,0.3994479477405548,0.38844048976898193,0.3978549838066101,0.4944111406803131,0.5013995170593262,0.4938538670539856,16.099937301933867,14.878231425069707,16.722257155515436,15.874721819678339,17.660836438795855,17.899159053248788,44.12136680627634,2314.17234742411,0.08072052854399442,MWalaa,Arabic
-1.0,0.26451539993286133,0.08326771855354309,0.02312621660530567,0.07432375103235245,-0.0006022684392519295,-0.0019363714382052422,-0.007313066627830267,0.03020835667848587,0.024027535691857338,-0.011086340993642807,-0.006986506748944521,0.032675355672836304,0.011603843420743942,0.022001439705491066,0.03054671548306942,-0.032723668962717056,6.112735317920226e-10,0.00015247445844579488,-8.361424988834187e-06,-5.175101978238672e-05,4.9919246521312743e-05,-8.480937140120659e-06,1.3361340052142623e-06,3.172117067151703e-05,-1.326063102169428e-05,-8.962185347627383e-06,-5.4995562095427886e-05,-4.198360329610296e-06,6.525861681438982e-05,3.806242602877319e-05,1.9634884665720165e-05,5.6934233725769445e-05,1.2429336493369192e-05,0.4404163956642151,0.434320867061615,0.48076650500297546,0.5316190719604492,0.4657745659351349,0.41252419352531433,0.4090968370437622,0.4162499010562897,0.33540332317352295,0.3660045564174652,0.4179171323776245,0.4227662980556488,16.590886801409965,15.95119543222159,17.878730788291715,16.36572900165959,17.994631529349686,18.163880980746473,45.80613745233415,2911.8472351997943,0.12287954266151685,MWalaa,Arabic
-1.0,0.25317999720573425,0.08404015004634857,0.04205542057752609,0.07828722149133682,0.03591448441147804,0.0255912933498621,0.013144424185156822,0.015024020336568356,0.028140109032392502,0.011433104984462261,0.010047497227787971,0.024963678792119026,0.018060438334941864,0.002845781622454524,0.027631090953946114,-0.018226267769932747,9.067223638581368e-10,0.00023450278968084604,4.584171620081179e-05,0.0002668682427611202,0.00019384942424949259,0.00025246720178984106,6.576816667802632e-05,5.3278978157322854e-05,7.059935887809843e-05,7.351988460868597e-05,4.327188435127027e-05,9.864585445029661e-05,4.521203300100751e-05,1.019979845295893e-05,4.5079257688485086e-05,5.392800085246563e-05,-1.3785025657853112e-05,0.654373288154602,0.6203365325927734,0.5765790939331055,0.5988110899925232,0.5788618922233582,0.5629503130912781,0.5675652623176575,0.6093988418579102,0.5599427819252014,0.5579586625099182,0.5601857304573059,0.6158440113067627,15.102618709570326,13.632749025813764,14.685556030865124,14.435407819232012,17.35999023639558,17.234821799953284,43.05861155714859,1771.1498848902527,0.05065511067708333,MWalaa,Arabic
-1.0,0.2711583375930786,0.10209250450134277,0.036206185817718506,0.03939962387084961,-0.0002948264591395855,0.02961895242333412,-0.009397776797413826,-0.011867152526974678,-0.0027953798417001963,-0.017430437728762627,-0.016606830060482025,0.043729450553655624,0.03092978708446026,-0.004827407654374838,0.04483013227581978,-0.021414002403616905,7.042503802345834e-10,0.00016054819570854306,2.1715019101975486e-05,-6.3918880186975e-05,2.41362886299612e-05,-8.696105396666098e-06,2.7048765332438052e-05,2.126792969647795e-05,1.342440282314783e-05,7.412036211462691e-05,-2.4818353267619386e-05,-6.171287168399431e-06,-2.191009662055876e-05,5.212177711655386e-05,-6.113210110925138e-05,3.587972969398834e-06,1.3033910363446921e-05,0.5161756873130798,0.4229606091976166,0.4093221127986908,0.3469257652759552,0.2902359366416931,0.30238765478134155,0.3856601119041443,0.40263885259628296,0.4305556118488312,0.47732868790626526,0.5204242467880249,0.5611662864685059,15.138571330926684,15.162585735858757,18.8817800785059,16.688753781498452,17.293408744918132,19.346792543838834,44.41845103350348,2731.4808868839536,0.10867497218851133,MWalaa,Arabic
-1.0,0.34302228689193726,0.050620295107364655,0.022736111655831337,0.04838917776942253,0.016532333567738533,0.015137615613639355,-0.029078086838126183,-0.011145947501063347,-0.002057234523817897,-0.003701964160427451,-0.02157885581254959,0.04548466578125954,0.02369723655283451,-0.012074865400791168,0.05303095281124115,-0.03508170694112778,8.635450687854984e-10,0.0005381175433285534,0.00025429140077903867,5.138275082572363e-05,0.00010708967602113262,-7.89843761594966e-05,0.00017627682245802134,0.00017694031703285873,0.00014169579662848264,-4.785150304087438e-05,-9.529203816782683e-05,0.0001572574401507154,4.149716187384911e-05,-8.979604172054678e-05,8.095805242192e-05,-6.624547677347437e-05,-2.1585159629466943e-05,0.45339158177375793,0.4944303631782532,0.4078610837459564,0.3622242212295532,0.30503198504447937,0.3080432415008545,0.32996422052383423,0.3742641508579254,0.36407795548439026,0.4310290813446045,0.4335647523403168,0.404533326625824,16.673981742838127,16.129671347564223,18.767441725557067,16.358161395885233,18.978239553482286,19.76270246959317,44.08289471462063,2371.8340798077784,0.09738885788690477,MWalaa,Arabic
-1.0,0.2732769548892975,0.07144984602928162,0.055203601717948914,0.08057557046413422,0.026747927069664,0.011296148411929607,-0.002384277293458581,-0.011010038666427135,-0.00573213305324316,9.252221389033366e-06,-0.02681819349527359,0.03813167288899422,0.01785614900290966,-0.01438529696315527,0.043040819466114044,-0.019462138414382935,6.011418585138983e-10,0.00015477524721063673,-4.5768330892315134e-05,-7.376068242592737e-05,0.00013537083577830344,-4.378005542093888e-05,-4.897813414572738e-05,3.341348565299995e-05,-2.8933547582710162e-05,-4.103517494513653e-05,-3.4987751860171556e-05,2.358329993512598e-06,2.8297799872234464e-06,1.5897849152679555e-05,1.7353049770463258e-05,3.467072019702755e-05,-1.4490812816347898e-07,0.5011810064315796,0.5030713081359863,0.4233420789241791,0.4146469831466675,0.4581589102745056,0.47396931052207947,0.44393566250801086,0.419918954372406,0.389601469039917,0.4192746877670288,0.4188542664051056,0.44338056445121765,16.730738108860304,15.96610786789716,18.480189860091183,15.108317665217474,17.435483563701798,19.14936575643388,45.072616481035055,2430.0641936309376,0.08384139761740332,MWalaa,Arabic
-1.0,0.30867981910705566,0.08087662607431412,0.025843024253845215,0.04822838306427002,0.007219641003757715,0.03638312593102455,-0.002678921213373542,-0.010233407840132713,0.007471930701285601,-0.01866583526134491,-0.006698115728795528,0.0475795716047287,0.026255091652274132,-0.0017450216691941023,0.042141493409872055,-0.031587664037942886,7.799761947424599e-10,0.00010443513747304678,-0.00013368432701099664,-0.0001076365660992451,-1.4896287211740855e-05,-9.638018673285842e-05,4.990553861716762e-06,3.709836528287269e-05,-3.7504792999243364e-05,5.5063850595615804e-05,2.0854575268458575e-05,4.6031156671233475e-05,-2.2573603928321972e-05,-2.561721885285806e-05,-5.4763469961471856e-05,-3.1546263926429674e-05,-1.9142476958222687e-05,0.5205100178718567,0.5181107521057129,0.45165136456489563,0.43932557106018066,0.3992750346660614,0.33047598600387573,0.34190574288368225,0.37290292978286743,0.3858192563056946,0.4396058917045593,0.4666736125946045,0.5160648226737976,15.38669888111038,15.133284084958122,18.107644396406116,16.56437864357404,17.219114543460485,19.33062879643366,44.81296083589146,2352.0941709358867,0.09323721718189965,MWalaa,Arabic
-1.0,0.2654872238636017,0.08973991125822067,0.038910917937755585,0.08712989091873169,0.038558658212423325,0.017743827775120735,0.005315600428730249,-0.004455090966075659,0.011555735021829605,0.0008158215205185115,-0.005367598030716181,0.047507792711257935,0.02225855365395546,0.0022223610430955887,0.0456019751727581,-0.025973213836550713,6.381624118034779e-10,7.609638123540208e-05,0.00019809085642918944,-0.00014477063086815178,0.00010406127694295719,0.0001044867531163618,-6.0616399423452094e-05,0.00010080407082568854,4.506538243731484e-05,-9.846127795754e-06,3.0401253752643242e-05,-1.0708276022342034e-05,1.940653419296723e-05,-9.101244359044358e-06,5.720807166653685e-05,1.6556676200707443e-05,2.1781401301268488e-05,0.5072175860404968,0.43093231320381165,0.4436303675174713,0.47065433859825134,0.43166765570640564,0.4039458632469177,0.43743833899497986,0.46781396865844727,0.5290601253509521,0.5416343212127686,0.5626822113990784,0.5401268005371094,14.762835561632608,14.816895508776101,17.658119695648246,15.091618060020203,17.081469739676862,19.600441178306493,44.931124910719966,2691.416498271306,0.1095611482771261,MWalaa,Arabic
-1.0,0.2997637093067169,0.05044770985841751,0.04237406700849533,0.06902017444372177,0.00911610946059227,0.005555311683565378,-0.015078209340572357,-0.008664705790579319,0.00457698805257678,-0.003075124230235815,-0.025504350662231445,0.038120485842227936,0.02628331072628498,-0.009507433511316776,0.02750527858734131,-0.037888143211603165,6.534936480839804e-10,9.353664790978655e-05,-5.58546744287014e-05,-9.006288746604696e-05,2.7855057851411402e-05,-6.908254727022722e-05,-1.2866749784734566e-05,5.782679636467947e-06,-9.427613258594647e-05,-2.3925256300572073e-06,-4.992965841665864e-05,-3.399924753466621e-05,-8.313919352076482e-06,6.154945822345326e-06,2.469948049110826e-05,1.9239278117311187e-05,2.378639328526333e-05,0.528475284576416,0.3896463215351105,0.35764485597610474,0.36912402510643005,0.3844853341579437,0.34759092330932617,0.3700109124183655,0.3854181468486786,0.3990202248096466,0.41933536529541016,0.46683865785598755,0.5143554210662842,16.59614833303619,16.24923653594404,17.95918884481498,15.66835544337253,18.140136613428403,19.717699465038898,44.45223159726449,2358.555147847624,0.08328054617117117,MWalaa,Arabic
-1.0,0.2924926280975342,0.07502239942550659,0.006473197601735592,0.05662586912512779,0.0038171198684722185,0.0017387046245858073,0.008435395546257496,0.011537105776369572,0.023385724052786827,-0.0009782382985576987,0.0003195956232957542,0.02463344670832157,0.017628416419029236,0.01593158394098282,0.024800855666399002,-0.03549458831548691,1.093534596208201e-09,0.0008045629365369678,0.0006268001743592322,-8.0247460573446e-05,9.710629819892347e-05,-0.00019020507170353085,9.39424498938024e-05,-2.7853822757606395e-05,-0.00024407925957348198,-9.093433618545532e-05,-2.200824201281648e-05,-0.00015413305663969368,-0.00014063376875128597,-9.06630521058105e-05,2.415083690721076e-05,0.00021446500613819808,0.00010094598837895319,0.6078000664710999,0.563086211681366,0.5393880605697632,0.48649346828460693,0.4561169147491455,0.4366811215877533,0.4216366410255432,0.4689944386482239,0.45804059505462646,0.46447136998176575,0.4857398569583893,0.5213804244995117,14.57796312907963,14.691568221031364,16.345243007845244,16.34218540347642,17.753615218416915,17.110698659317933,45.03638920603411,2526.0510982866936,0.09803166221733668,MWalaa,Arabic
-1.0,0.2608664035797119,0.056141648441553116,0.04102550819516182,0.07702649384737015,0.01977352425456047,0.0030377788934856653,0.0003926420758944005,0.007244059816002846,0.01675521582365036,0.009146739728748798,0.0057929446920752525,0.0365096777677536,0.010292354971170425,-0.0031471208203583956,0.035550277680158615,-0.025354407727718353,6.574421562710597e-10,0.00015306017303373665,8.44953228806844e-06,1.0344444490328897e-05,0.00010286839824402705,6.229747668839991e-05,1.5289970178855583e-05,-5.4637956054648384e-05,-5.191728996578604e-05,-1.5979244381014723e-06,-1.4441659004660323e-05,2.920195402111858e-05,-3.394428131286986e-05,-1.8127743715012912e-06,3.035050758626312e-05,4.9924397899303585e-05,8.66550108185038e-05,0.5868049263954163,0.5042650103569031,0.5179772973060608,0.5416301488876343,0.5652556419372559,0.5190309882164001,0.5048766732215881,0.5004168152809143,0.5269131660461426,0.5116348266601562,0.5166544914245605,0.5903834104537964,15.36324411168682,13.975669433725212,16.064902680798788,14.0914729004206,17.21888267628076,17.750535497542852,43.52239941394916,2169.525882506499,0.07372161773036254,MWalaa,Arabic
-1.0,0.26685041189193726,0.09893668442964554,0.05005732178688049,0.07250361889600754,0.019679907709360123,0.025386713445186615,0.0008605610346421599,0.0031103326473385096,0.007019589189440012,-0.006083136424422264,-0.013668964616954327,0.043391305953264236,0.03693610057234764,0.0012376316590234637,0.03981303051114082,-0.019144438207149506,6.095612903322944e-10,4.398785313242115e-05,4.805519893125165e-07,-2.1226955141173676e-05,6.197217589942738e-05,-6.26289647698286e-06,3.596776514314115e-05,1.563033765705768e-05,-4.315503701946e-06,1.3200211469666101e-05,1.2745293133775704e-05,-1.9449813407845795e-05,1.2976036487089004e-05,3.615321111283265e-05,-2.172854328819085e-05,8.387590241909493e-06,-9.831625902734231e-06,0.5148636102676392,0.4522508978843689,0.46395477652549744,0.43144115805625916,0.4234757721424103,0.37939926981925964,0.3967720568180084,0.4213552474975586,0.4700411558151245,0.5343244075775146,0.5816881060600281,0.5554550886154175,14.51293181598558,14.33621245937645,17.922554999272794,15.685428442997628,17.195731228654875,18.443004048523193,43.788451762892315,2477.673758652089,0.10271686799719888,MWalaa,Arabic
-1.0,0.22398510575294495,0.08945050090551376,0.03602609038352966,0.0421186238527298,0.02375882863998413,0.019362807273864746,0.015012197196483612,0.009256544522941113,0.007599055301398039,0.0005328023107722402,0.0011134609812870622,0.025449682027101517,0.02354171685874462,-0.0006649191491305828,0.031340695917606354,-0.011995737440884113,1.195677890031277e-09,0.0007353557739406824,9.530426905257627e-05,-0.00015201665519271046,0.000230395671678707,5.1713450375245884e-05,2.4346143618458882e-05,0.00016428086382802576,3.7499293625842256e-07,-3.8677047996316105e-05,-3.446593473199755e-05,-1.093662945095275e-06,-0.0001238337717950344,-0.00011211945093236864,-5.673456325894222e-05,3.1855346605880186e-05,-6.295084313023835e-05,0.6368858218193054,0.5931459069252014,0.5427222847938538,0.606225848197937,0.5809662938117981,0.5272650718688965,0.49242472648620605,0.5238131284713745,0.5199621319770813,0.5818354487419128,0.5615271329879761,0.5301249027252197,16.010322836598583,13.029588805835443,15.893442671607872,15.463771563598259,15.750263116539847,16.83978341550434,43.10748365765712,2160.884068893082,0.08254904275412088,MWalaa,Arabic
-1.0,0.29852139949798584,0.05984460934996605,0.035606708377599716,0.068438321352005,-0.004180357791483402,0.025009719654917717,-0.020124156028032303,-0.027378864586353302,0.013660929165780544,-0.007846787571907043,-0.02233067713677883,0.05672270804643631,0.027688955888152122,-0.005094718653708696,0.04554433375597,-0.03337610140442848,6.9972144745023e-10,6.151831621536985e-05,4.697095209849067e-05,-8.10632118373178e-05,0.00010025381197920069,-4.512196028372273e-05,-4.4088868889957666e-05,1.4669330994365737e-05,-3.136109808110632e-05,7.041858771117404e-05,1.8722686945693567e-05,2.8190648663439788e-05,-3.829122942988761e-05,-1.6059619156294502e-05,-7.775809353915974e-05,6.399689482350368e-06,-2.7590147055889247e-06,0.5181897282600403,0.4333995580673218,0.41266128420829773,0.39541468024253845,0.3486585319042206,0.3198404014110565,0.3483046889305115,0.3724692165851593,0.37001776695251465,0.3732062876224518,0.3978829085826874,0.4491393268108368,17.047414259732385,15.916775919833553,19.558603888759983,16.71989885285426,18.517874041317175,20.859387338793724,44.34114234099201,2644.729177153954,0.11440539590032155,MWalaa,Arabic
-1.0,0.2997637093067169,0.05044770985841751,0.04237406700849533,0.06902017444372177,0.00911610946059227,0.005555311683565378,-0.015078209340572357,-0.008664705790579319,0.00457698805257678,-0.003075124230235815,-0.025504350662231445,0.038120485842227936,0.02628331072628498,-0.009507433511316776,0.02750527858734131,-0.037888143211603165,6.534936480839804e-10,9.353664790978655e-05,-5.58546744287014e-05,-9.006288746604696e-05,2.7855057851411402e-05,-6.908254727022722e-05,-1.2866749784734566e-05,5.782679636467947e-06,-9.427613258594647e-05,-2.3925256300572073e-06,-4.992965841665864e-05,-3.399924753466621e-05,-8.313919352076482e-06,6.154945822345326e-06,2.469948049110826e-05,1.9239278117311187e-05,2.378639328526333e-05,0.528475284576416,0.3896463215351105,0.35764485597610474,0.36912402510643005,0.3844853341579437,0.34759092330932617,0.3700109124183655,0.3854181468486786,0.3990202248096466,0.41933536529541016,0.46683865785598755,0.5143554210662842,16.59614833303619,16.24923653594404,17.95918884481498,15.66835544337253,18.140136613428403,19.717699465038898,44.45223159726449,2358.555147847624,0.08328054617117117,MWalaa,Arabic
-1.0,0.2852891981601715,0.03650987893342972,0.04113974794745445,0.07660519331693649,0.0302785225212574,0.013837707228958607,-0.026350190863013268,0.008461670950055122,-0.0020434714388102293,-0.0031641058158129454,0.004710937850177288,0.02958371862769127,0.022763056680560112,-0.005056189373135567,0.03830603510141373,-0.02544623799622059,7.205740448767983e-10,0.00013544430839829147,-6.648588623647811e-06,-9.863392187980935e-05,-6.640749234065879e-06,-5.436809442471713e-05,1.3153691725165118e-05,-1.1182261005160399e-05,-1.9245093426434323e-05,-1.8077002096106298e-05,4.178723997938505e-07,5.206288187764585e-05,2.611971831356641e-05,-1.9320144929224625e-05,-2.7201711418456398e-05,4.221290510031395e-06,-4.296345287002623e-05,0.535294234752655,0.47421279549598694,0.4376194477081299,0.38411760330200195,0.3779747188091278,0.37234994769096375,0.4136030077934265,0.43079718947410583,0.4636811912059784,0.4598196744918823,0.46917760372161865,0.5144813656806946,15.75768654883168,15.49687575316665,17.729863919645272,14.734479377030919,18.298712671702543,18.500785905664415,44.74724962159949,2443.0200605535147,0.09389228062913907,MWalaa,Arabic
-1.0,0.32014256715774536,0.07424502819776535,0.023403014987707138,0.07950804382562637,-0.01728191040456295,-0.023232510313391685,0.014474444091320038,0.03771515563130379,0.017230642959475517,-0.005693442188203335,-0.030019333586096764,0.02452937141060829,0.02332247421145439,0.0379759781062603,0.009735865518450737,-0.03559371083974838,1.0264782357438662e-09,0.0003309237363282591,3.413040758459829e-05,-6.30863505648449e-05,0.00011561749124666676,-3.05157499269626e-07,-3.381061105756089e-06,-3.1964889785740525e-05,-3.6709458072436973e-05,4.411345344124129e-06,-4.156341674388386e-05,2.6096115107065998e-05,1.545564919069875e-05,-5.771724318037741e-06,6.498198490589857e-05,8.061066182563081e-05,7.932689186418429e-06,0.4575745165348053,0.4327735900878906,0.41091227531433105,0.45123183727264404,0.47782963514328003,0.45070698857307434,0.4494816064834595,0.5098047256469727,0.5069369673728943,0.4594138264656067,0.41363129019737244,0.3954707682132721,17.421262818963744,15.31966619442707,17.934601476648435,17.49537572316584,18.853265627383863,18.812216903410576,45.18313707707079,2375.4302349284694,0.08240437057783019,MWalaa,Arabic
-1.0,0.28285208344459534,0.07222407311201096,0.041822630912065506,0.07356896251440048,0.015431960113346577,0.0050719501450657845,-0.019865022972226143,0.0022909645922482014,-0.001458397600799799,-0.007745593786239624,-0.007219437509775162,0.04502274841070175,0.019935565069317818,-0.011663486249744892,0.05095812678337097,-0.026962565258145332,7.088383213726956e-10,2.6794472432811745e-05,0.00014446170825976878,-8.459418313577771e-05,3.1468654924537987e-05,9.746809519128874e-05,5.5718621297273785e-05,6.433830890273384e-07,1.8452406948199496e-05,-3.618924165493809e-05,3.495728742564097e-05,4.992785761714913e-05,3.709546945174225e-05,6.583425147255184e-06,-4.278679261915386e-05,6.585526716662571e-05,1.864879777713213e-05,0.4715915620326996,0.4757368862628937,0.4301297962665558,0.443474680185318,0.43197154998779297,0.3790828287601471,0.34863585233688354,0.3734804689884186,0.46192699670791626,0.5244979858398438,0.5057294368743896,0.4761638343334198,16.095008535702316,14.744927846776818,17.86965619588458,15.198720901494198,17.935298359670913,19.123138631720977,44.977103134944414,2499.0354743716853,0.09623434955211727,MWalaa,Arabic
-1.0,0.29254230856895447,0.06022915616631508,0.03327952325344086,0.07407655566930771,0.016246672719717026,-0.01059819757938385,-0.013204350136220455,-0.010819004848599434,-0.00922373216599226,-0.008009074255824089,-0.03290092200040817,0.045504022389650345,0.034138090908527374,-0.001243162201717496,0.03337261080741882,-0.02186804637312889,7.327048967553651e-10,4.08879823226016e-05,-5.687538578058593e-05,0.00010790291707962751,-9.135771688306704e-05,-6.653142918366939e-06,5.074082582723349e-05,-3.5702654713531956e-05,-4.249986886861734e-05,1.9086292013525963e-05,4.595597147272201e-06,-1.7211694284924306e-05,5.576962939812802e-05,7.111986633390188e-05,-1.441217591491295e-05,1.1838282262033317e-05,4.3619763800961664e-07,0.4106373190879822,0.42123568058013916,0.3934141993522644,0.3612882196903229,0.34434494376182556,0.3663727641105652,0.3824467062950134,0.39947575330734253,0.40363815426826477,0.44294682145118713,0.46532195806503296,0.414617121219635,15.601228673787833,16.89441485847745,19.510818811900375,16.03131863015916,18.62265497004283,18.20970608190018,45.07041481123414,2700.0895639340524,0.10150660248316498,MWalaa,Arabic
-1.0,0.303702712059021,0.018672218546271324,0.026365015655755997,0.10180141776800156,0.011733037419617176,-0.02939462848007679,-0.012760856188833714,0.012775133363902569,-0.02138209342956543,-0.0051626418717205524,-0.009199555031955242,0.03669241815805435,0.028685040771961212,0.010193661786615849,0.052925143390893936,-0.06522053480148315,7.74424802063578e-10,0.0004060325154569,0.0002095575473504141,-0.00022852575057186186,-8.23856535134837e-05,-3.3299454571533715e-06,9.70058172242716e-05,-9.500113264948595e-06,1.6375202903873287e-05,-2.2719976186635904e-05,-4.586221984936856e-05,9.943735494744033e-05,-0.00014751341950614005,-9.634840534999967e-05,0.0001543837715871632,-0.00013977721391711384,8.050584438024089e-05,0.38350415229797363,0.41741299629211426,0.4252302646636963,0.4309566617012024,0.4126795828342438,0.3871273398399353,0.3872288465499878,0.39349135756492615,0.373330295085907,0.37305310368537903,0.36461693048477173,0.3544088900089264,15.963276506249354,17.396258353080576,19.920787530736145,16.88096416989067,19.089215352476735,18.824088064600492,44.16009465304396,2780.5886565603228,0.11870968638790036,MWalaa,Arabic
-1.0,0.30696722865104675,0.047403424978256226,0.0343250073492527,0.06593259423971176,-0.002573225647211075,0.014209270477294922,-0.025100888684391975,-0.007720739580690861,-0.0041486602276563644,-0.004010656848549843,-0.028087515383958817,0.04607733339071274,0.02041904628276825,-0.006790392100811005,0.03459795564413071,-0.035023462027311325,6.362964044548391e-10,0.00030381817487068474,0.0001442262000637129,0.00019969780987594277,0.00017949528410099447,8.865410927683115e-05,2.6233461539959535e-05,0.00011648252984741703,6.1320279201027e-05,6.427041807910427e-05,1.0722779734351207e-05,-1.4172703231452033e-05,-4.813531631953083e-05,-4.472788714338094e-05,-4.743623321701307e-06,1.5190100384643301e-05,1.4180241123540327e-05,0.47083163261413574,0.4896123707294464,0.4633130133152008,0.4268222451210022,0.36468279361724854,0.34055277705192566,0.33006948232650757,0.35789236426353455,0.4096163809299469,0.4595305621623993,0.48316890001296997,0.47503772377967834,16.102250422424525,15.322963713841519,18.767358367368352,15.603536080950974,17.783579298383888,19.159202327362593,44.093418094013,2529.9085009350647,0.10666660955774854,MWalaa,Arabic
-1.0,0.2931123673915863,0.07040873169898987,0.02286386303603649,0.05023137107491493,0.02887321263551712,0.026654766872525215,-0.0020679316949099302,-0.008245043456554413,-0.002090264344587922,0.0028742365539073944,-0.013132061809301376,0.036101605743169785,0.025182073935866356,0.0008744128281250596,0.03322746232151985,-0.018838370218873024,6.182197531678923e-10,0.0001083877359633334,3.511911563691683e-05,-1.6700905689503998e-05,1.5118852388695814e-05,4.871568307862617e-05,5.9200203395448625e-05,5.420711022452451e-05,-3.259862933191471e-05,3.448305506026372e-05,2.056579432974104e-05,-3.558147363946773e-05,-2.881378895835951e-05,2.7715705073205754e-05,2.7051406505052e-05,2.310875424882397e-05,-3.457887578406371e-05,0.4973163902759552,0.43937426805496216,0.4231779873371124,0.4149686098098755,0.41677477955818176,0.3984118402004242,0.4128772020339966,0.4397205114364624,0.45069530606269836,0.5034258365631104,0.5299561023712158,0.5117793083190918,16.221544416124747,14.780067720214692,17.706245226682615,15.805059356679493,17.228219645048114,18.28072540658916,44.328702602855905,2315.287795591143,0.08976606889204546,MWalaa,Arabic
-1.0,0.29560887813568115,0.05584355816245079,0.044396091252565384,0.07469743490219116,0.024650754407048225,0.016178516671061516,-0.01247401349246502,-0.0046526542864739895,6.707061402266845e-05,-0.0008101031999103725,-0.013367222622036934,0.044546857476234436,0.02843007631599903,-0.005198805592954159,0.04365910217165947,-0.01822752319276333,6.457369639001342e-10,0.0003165759553667158,-0.00013761749141849577,-4.796620851266198e-05,-1.1444567462604027e-05,-5.9046869864687324e-05,-3.9489506889367476e-05,8.941580745158717e-06,-5.105558011564426e-05,2.054950755336904e-06,-2.9520593670895323e-05,2.5312463549198583e-05,2.5142668391708867e-07,2.401225719950162e-05,-5.993300146656111e-05,-1.2393609722494148e-05,-1.7316728190053254e-05,0.5536573529243469,0.519960343837738,0.4741389751434326,0.45300090312957764,0.4000244140625,0.38620710372924805,0.37596631050109863,0.44529053568840027,0.45980721712112427,0.5050241947174072,0.509148120880127,0.5166608095169067,14.729499388025127,14.956501456771642,18.503925260797736,15.409407557741037,17.84756943334429,18.61139883187157,43.96058722515677,2280.843828275171,0.07672825482195846,MWalaa,Arabic
-1.0,0.2660301923751831,0.05174822360277176,0.01700519025325775,0.06542602926492691,0.03441507741808891,0.032315291464328766,0.008478837087750435,0.0009578126482665539,0.012717325240373611,0.008569406345486641,0.009600496850907803,0.033237989991903305,0.0061634611338377,-0.005759379360824823,0.029801713302731514,-0.008631658740341663,9.260143207789895e-10,0.0003784697037190199,0.00011332409485476092,-5.030121610616334e-05,0.00016734869859647006,3.294506313977763e-05,4.418162461661268e-06,2.1178409951971844e-05,-3.910670420737006e-05,-5.827000131830573e-05,-3.191607174812816e-05,8.24424932943657e-06,1.478701233281754e-05,8.97837890079245e-05,5.804361717309803e-05,6.875703547848389e-05,3.715965794981457e-05,0.5284886956214905,0.5053859949111938,0.575131356716156,0.6121653318405151,0.6201286315917969,0.5887492299079895,0.5778977870941162,0.5460584163665771,0.5526507496833801,0.5855435729026794,0.6024026870727539,0.5688891410827637,16.7185309122655,12.99451402432161,15.246861100375742,14.684519172282625,16.904002539202917,17.727018483384253,43.32272206999481,2122.789090820463,0.0727289727393617,MWalaa,Arabic
-1.0,0.32073789834976196,0.07124228030443192,0.017909251153469086,0.05332212150096893,0.01712612807750702,0.014318076893687248,-0.007127813994884491,-0.021949997171759605,-3.809050394920632e-05,0.0017764391377568245,-0.017623603343963623,0.04467175528407097,0.017576316371560097,-0.013562089763581753,0.037373095750808716,-0.031949516385793686,8.180953692260573e-10,0.00031239292002283037,0.0004470471467357129,-0.00011646254279185086,-2.757821221166523e-06,-0.00024781038518995047,6.458437565015629e-05,5.0876707973657176e-05,3.523872510413639e-05,0.00017777839093469083,-5.7320474297739565e-05,2.2438376618083566e-05,-1.9239821995142847e-05,1.7726863006828353e-05,0.00010945649410132319,-1.821947080316022e-05,-0.00013207708252593875,0.4517035484313965,0.4268760085105896,0.41051390767097473,0.42749008536338806,0.4209830164909363,0.3906748592853546,0.4275031089782715,0.3950452506542206,0.3763645589351654,0.400146484375,0.44486257433891296,0.45904541015625,15.1910601249078,15.925614055517896,17.53149736703736,15.489227464798143,18.019776631550315,19.60399868883213,44.46710959420616,2710.4001448821177,0.10930524553571429,MWalaa,Arabic
