mfcc_mean_1,mfcc_mean_2,mfcc_mean_3,mfcc_mean_4,mfcc_mean_5,mfcc_mean_6,mfcc_mean_7,mfcc_mean_8,mfcc_mean_9,mfcc_mean_10,mfcc_mean_11,mfcc_mean_12,mfcc_mean_13,mfcc_mean_14,mfcc_mean_15,mfcc_mean_16,mfcc_mean_17,mfcc_std_1,mfcc_std_2,mfcc_std_3,mfcc_std_4,mfcc_std_5,mfcc_std_6,mfcc_std_7,mfcc_std_8,mfcc_std_9,mfcc_std_10,mfcc_std_11,mfcc_std_12,mfcc_std_13,mfcc_std_14,mfcc_std_15,mfcc_std_16,mfcc_std_17,mfcc_delta_mean_1,mfcc_delta_mean_2,mfcc_delta_mean_3,mfcc_delta_mean_4,mfcc_delta_mean_5,mfcc_delta_mean_6,mfcc_delta_mean_7,mfcc_delta_mean_8,mfcc_delta_mean_9,mfcc_delta_mean_10,mfcc_delta_mean_11,mfcc_delta_mean_12,mfcc_delta_mean_13,mfcc_delta_mean_14,mfcc_delta_mean_15,mfcc_delta_mean_16,mfcc_delta_mean_17,mfcc_delta_std_1,mfcc_delta_std_2,mfcc_delta_std_3,mfcc_delta_std_4,mfcc_delta_std_5,mfcc_delta_std_6,mfcc_delta_std_7,mfcc_delta_std_8,mfcc_delta_std_9,mfcc_delta_std_10,mfcc_delta_std_11,mfcc_delta_std_12,mfcc_delta_std_13,mfcc_delta_std_14,mfcc_delta_std_15,mfcc_delta_std_16,mfcc_delta_std_17,chroma_mean_1,chroma_mean_2,chroma_mean_3,chroma_mean_4,chroma_mean_5,chroma_mean_6,chroma_mean_7,chroma_mean_8,chroma_mean_9,chroma_mean_10,chroma_mean_11,chroma_mean_12,chroma_std_1,chroma_std_2,chroma_std_3,chroma_std_4,chroma_std_5,chroma_std_6,chroma_std_7,chroma_std_8,chroma_std_9,chroma_std_10,chroma_std_11,chroma_std_12,contrast_mean_1,contrast_mean_2,contrast_mean_3,contrast_mean_4,contrast_mean_5,contrast_mean_6,contrast_mean_7,contrast_std_1,contrast_std_2,contrast_std_3,contrast_std_4,contrast_std_5,contrast_std_6,contrast_std_7,spectral_centroid_mean,spectral_centroid_std,zero_crossing_rate_mean,zero_crossing_rate_std,Person,Language
-1.0,0.26899468898773193,-0.03989178314805031,0.08639591932296753,-0.07127279788255692,0.005560047458857298,-0.030174633488059044,0.003344857832416892,-0.05471237748861313,9.485445480095223e-05,-0.02111380733549595,-0.018553249537944794,-0.02206222154200077,0.01027052104473114,-0.007144838105887175,-0.02952430583536625,-0.00887928158044815,0.0,0.10604549944400787,0.060602471232414246,0.05885753780603409,0.045367732644081116,0.051892250776290894,0.03998802974820137,0.03195694833993912,0.038689497858285904,0.031170129776000977,0.026130883023142815,0.022296372801065445,0.02370820753276348,0.023714978247880936,0.019880492240190506,0.016840944066643715,0.013889986090362072,-8.916931637514836e-10,-0.0005091705243103206,-3.64953993994277e-05,-6.600253254873678e-05,6.254420441109687e-05,-0.00010458890028530732,4.5810022129444405e-05,2.3974520445335656e-05,3.329399987705983e-05,2.9472943424480036e-05,0.00011200951848877594,1.1910734428965952e-05,-5.103296280140057e-05,4.032568995171459e-06,1.157455062639201e-05,3.9807138819014654e-05,7.16793438186869e-05,5.872665465034288e-09,0.020898934453725815,0.012469926849007607,0.012106766924262047,0.007353280670940876,0.009265986271202564,0.006851991172879934,0.006272739730775356,0.004782411735504866,0.005680208094418049,0.004825924523174763,0.003938162699341774,0.004128900356590748,0.0037632237654179335,0.003262392245233059,0.0034139102790504694,0.002574800979346037,0.6004282236099243,0.37582680583000183,0.2404470592737198,0.19791333377361298,0.20097588002681732,0.22419239580631256,0.27351537346839905,0.2663291394710541,0.24297940731048584,0.2840454876422882,0.35856854915618896,0.560517430305481,0.3470407724380493,0.31707778573036194,0.2848806083202362,0.25014570355415344,0.2570764124393463,0.2697870433330536,0.2981981933116913,0.3079545497894287,0.3009556829929352,0.34487876296043396,0.3407146632671356,0.34597232937812805,21.059139194696808,15.901068042151065,18.89953957553996,16.998717092931503,19.097817887215882,20.279815434945462,59.664625219622295,4.288150802267744,4.663943780720649,5.52770267517025,3.9834192833948174,3.458416550657174,3.664680563135053,6.297364865430026,1960.9578700919833,1088.4458437982532,0.11024015184859155,0.09560565251055753,MariamB,Arabic
-1.0,0.3324725925922394,-0.07927707582712173,0.13398787379264832,-0.06304246187210083,0.05926738306879997,-0.048841629177331924,0.043829768896102905,-0.016316918656229973,0.0003307848528493196,-0.0503239706158638,-0.04208189249038696,-0.01747922971844673,-0.010866351425647736,-0.0297057144343853,-0.035139504820108414,0.005543384235352278,0.0,0.12793071568012238,0.10384432226419449,0.09074431657791138,0.05151359364390373,0.0591258630156517,0.050170376896858215,0.03848693147301674,0.044645898044109344,0.03381674364209175,0.04033713787794113,0.032860565930604935,0.02924971468746662,0.024625908583402634,0.029892612248659134,0.027707533910870552,0.02020266465842724,-1.406893712641022e-09,-0.00017717521404847503,0.0002721829805523157,-0.000430802145274356,2.9356735467445105e-05,-5.938416506978683e-05,-8.493939822074026e-05,-2.953695729956962e-05,1.7856293197837658e-05,5.713583232136443e-05,-6.046328053344041e-06,-2.723463694564998e-05,1.7841401131590828e-05,-7.542593812104315e-05,-5.661277464241721e-05,-0.00011170678772032261,2.2240144971874543e-05,7.327336515317029e-09,0.02489422634243965,0.019792793318629265,0.018239784985780716,0.008874383755028248,0.01092150155454874,0.008852247148752213,0.007173516787588596,0.008590834215283394,0.005473196040838957,0.007879059761762619,0.0050909086130559444,0.004954722244292498,0.004625440575182438,0.004731235560029745,0.004456622526049614,0.003491500159725547,0.3982278108596802,0.39922070503234863,0.4852229058742523,0.35756880044937134,0.18888972699642181,0.19359949231147766,0.31472107768058777,0.40892234444618225,0.397813618183136,0.40799495577812195,0.3434862196445465,0.34665772318840027,0.3360009491443634,0.2840638756752014,0.3661997616291046,0.29838311672210693,0.2100428342819214,0.20864172279834747,0.32180508971214294,0.39857617020606995,0.3511323034763336,0.3628632128238678,0.30180877447128296,0.3051951229572296,23.147853203601958,17.093092413558395,17.44240612443942,18.115646372551886,19.00976099439539,18.10225828806848,61.61551763551071,4.520600687357991,5.316515998323606,4.671884199933065,4.2682418996779905,4.006371346012487,2.6708669730630623,6.474354808555347,2036.698393917809,926.762416111499,0.09885633680555556,0.07486646454966459,MariamB,Arabic
-1.0,0.4019346237182617,-0.15110327303409576,0.12297990173101425,-0.06556342542171478,0.04285310581326485,-0.05378542095422745,0.03259839117527008,-0.030394237488508224,-0.0061357333324849606,-0.057429540902376175,-0.03871135041117668,-0.04580216109752655,-0.0019002738408744335,-0.04707871749997139,-0.037294652312994,-0.0001226098247570917,0.0,0.13879385590553284,0.1501859724521637,0.09193488955497742,0.06622983515262604,0.04822300001978874,0.06566784530878067,0.045877669006586075,0.04751821979880333,0.04010586440563202,0.04329463094472885,0.03769030421972275,0.04152948036789894,0.03261442109942436,0.04797736182808876,0.03044295869767666,0.026899201795458794,-1.4792106428629381e-09,0.000517647247761488,-0.00013293311349116266,-0.0003766770241782069,-9.163040522253141e-05,-0.00028482184279710054,-0.00014179342542774975,-8.718862954992801e-05,0.00013344032049644738,-2.3455593691323884e-05,0.0001314078108407557,-0.00024276536714751273,-0.0002794305037241429,-2.561920518928673e-05,-1.1232133147132117e-05,-3.32498166244477e-05,-1.0043068868981209e-05,7.506174348748118e-09,0.025424262508749962,0.02710873819887638,0.015020286664366722,0.013175582513213158,0.009068368934094906,0.0113605922088027,0.010012492537498474,0.009429342113435268,0.00725235091522336,0.007727644871920347,0.007116497028619051,0.00618720380589366,0.005720227956771851,0.007423738949000835,0.004492233972996473,0.005582672543823719,0.4840224087238312,0.41096726059913635,0.3848247826099396,0.22659888863563538,0.13422344624996185,0.17218925058841705,0.2738434672355652,0.3158736228942871,0.3255350589752197,0.36380892992019653,0.3337962329387665,0.42437273263931274,0.36740490794181824,0.3112337589263916,0.3567957282066345,0.2674347162246704,0.18230585753917694,0.21054607629776,0.29934123158454895,0.33106595277786255,0.3184277415275574,0.36494511365890503,0.3212670087814331,0.36747080087661743,22.90088888535031,18.22265589307778,17.991173948134456,18.890156678029143,19.177707714874963,20.00929127428907,60.07120704667095,4.674333911136617,5.6741169456498195,4.421914273765036,4.182734997800563,3.6272001481424723,4.101987764475664,6.6425240736277,1812.4423926530633,565.5661448807367,0.08036789938668225,0.04561220815882069,MariamB,Arabic
-1.0,0.3322719931602478,-0.07096489518880844,0.11269941926002502,-0.054864320904016495,0.07062029838562012,-0.03732386976480484,0.037643756717443466,-0.030660144984722137,-0.005094173364341259,-0.03171853721141815,-0.02668105624616146,-0.02897275798022747,-0.001960102701559663,-0.023961814120411873,-0.03144935518503189,0.0021493856329470873,0.0,0.1237817034125328,0.08609499037265778,0.07319319993257523,0.050146400928497314,0.04569793865084648,0.05065092816948891,0.035916831344366074,0.031237583607435226,0.028932176530361176,0.02952120453119278,0.025784095749258995,0.027270881459116936,0.024089865386486053,0.027364902198314667,0.02075442112982273,0.02219916321337223,-1.1225215201804417e-09,-0.000280351989204064,0.0002624416956678033,-0.0002908388851210475,-0.00010071869473904371,3.1599287467543036e-05,-0.00011698339221766219,0.0001380928442813456,-4.803575575351715e-05,0.00010284983000019565,0.00016062486974988133,1.685473216639366e-05,-0.00025506134261377156,-4.709491622634232e-05,3.684355760924518e-05,-4.2253959691151977e-05,-1.8530083252699114e-05,6.569389032762274e-09,0.027239618822932243,0.016445161774754524,0.012157437391579151,0.009305949322879314,0.008917700499296188,0.008830253034830093,0.007152481935918331,0.0049310168251395226,0.0057813748717308044,0.006009397096931934,0.004562499932944775,0.0045416830107569695,0.004433592781424522,0.004530227743089199,0.003503204556182027,0.004081105347722769,0.4788717031478882,0.4414536654949188,0.33731380105018616,0.1967403143644333,0.15306875109672546,0.22353489696979523,0.2982768714427948,0.3292844891548157,0.3778071999549866,0.3716309070587158,0.36424922943115234,0.5184294581413269,0.31352731585502625,0.33217740058898926,0.31173500418663025,0.22063519060611725,0.17900454998016357,0.2458084523677826,0.31259432435035706,0.3173081874847412,0.35523852705955505,0.3601944148540497,0.30885863304138184,0.38202205300331116,23.389705210522973,17.554901056584704,17.457816041185207,17.61547399639972,18.390969019122384,18.71170088751438,61.09457797047767,4.30907182059277,5.069672037843924,4.175307825158903,4.282825855433341,3.568705882277277,3.1855065269685374,6.862190980714826,1959.8218351456023,994.8741358970323,0.10078159629875887,0.09103289649744535,MariamB,Arabic
-1.0,0.2957930266857147,-0.05213826522231102,0.1035243347287178,-0.06046821177005768,0.07505325973033905,-0.051538947969675064,0.05763028934597969,-0.030990583822131157,0.011537366546690464,-0.03118707425892353,-0.007222415879368782,-0.014912202022969723,-0.0093075605109334,-0.00850756373256445,-0.020388105884194374,0.009002833627164364,0.0,0.1356443166732788,0.08864008635282516,0.05501207336783409,0.050910793244838715,0.04379035159945488,0.047381941229104996,0.03522687405347824,0.027634762227535248,0.03037632256746292,0.0284712016582489,0.02731064334511757,0.019675154238939285,0.019837986677885056,0.021823551505804062,0.022882036864757538,0.016149841248989105,-1.0915554016222018e-09,-0.000484351854538545,-1.0089852366945706e-05,0.00011260960309300572,-1.9349568901816383e-05,-0.00014736269076820463,-6.040542939445004e-05,-9.552000119583681e-05,-0.00018601270858198404,7.559641517218552e-07,-5.7208442740375176e-05,-2.657339246070478e-05,2.7937327104154974e-05,1.938043351401575e-05,2.099046923831338e-06,1.9354090909473598e-05,2.186442907259334e-05,6.480750602833041e-09,0.025854043662548065,0.016809184104204178,0.009832486510276794,0.009027929976582527,0.008009734563529491,0.007672579493373632,0.006306277122348547,0.004844034556299448,0.0044501046650111675,0.00475867697969079,0.005604442674666643,0.0034272184129804373,0.004168177489191294,0.0038611125200986862,0.004187521059066057,0.002981346333399415,0.36344417929649353,0.222787007689476,0.19375167787075043,0.20025287568569183,0.1653054803609848,0.19725583493709564,0.37391987442970276,0.5330700874328613,0.4860866069793701,0.5090206861495972,0.437127023935318,0.4393655061721802,0.32957616448402405,0.2488066703081131,0.2384280264377594,0.24379344284534454,0.17630794644355774,0.20106759667396545,0.2927040457725525,0.38780686259269714,0.3337922990322113,0.324160635471344,0.2855495512485504,0.3478943705558777,23.47847539307103,15.331052456744986,18.34343279731848,16.9499750170783,17.438127106018303,17.923409842167022,62.41962258935759,4.420656783838799,4.965217429062934,4.9576505380754154,3.758993689988347,3.0528884667944585,2.647530690952748,6.741200088641271,2136.566616032471,1134.3527727796982,0.11499191810344828,0.1025942839319857,MariamB,Arabic
-1.0,0.32966482639312744,-0.05030479654669762,0.10204041749238968,-0.05509212240576744,0.06622280180454254,-0.044858332723379135,0.05125176161527634,-0.030018586665391922,0.011404268443584442,-0.016080638393759727,-0.011206885799765587,-0.03027341142296791,0.00018197843746747822,-0.01056069415062666,-0.04006197303533554,-0.0025878928136080503,0.0,0.11532194912433624,0.07078341394662857,0.07734164595603943,0.0418451763689518,0.043558523058891296,0.038993287831544876,0.03670820593833923,0.03289303556084633,0.02722414769232273,0.020243749022483826,0.024502165615558624,0.0294317789375782,0.022652672603726387,0.019309010356664658,0.023202866315841675,0.01792648248374462,-9.337789430574617e-10,-0.0004794295527972281,5.2756626246264204e-05,-2.736481837928295e-05,-3.5404982554609887e-06,5.542951839743182e-05,-5.97312373429304e-06,2.3933747797855176e-05,1.245759085577447e-05,-1.2023698218399659e-05,-8.645898924442008e-05,8.568541488784831e-06,-2.1937235032964963e-06,-1.859451731434092e-05,5.6477605539839715e-05,8.040564716793597e-05,7.499534694943577e-05,6.006383834744611e-09,0.021097706630825996,0.01433480717241764,0.011778732761740685,0.008347248658537865,0.008160259574651718,0.007964766584336758,0.00643376586958766,0.004991283640265465,0.0049098399467766285,0.0036674905568361282,0.003908456303179264,0.00405387906357646,0.003551952773705125,0.003061441471800208,0.003381668357178569,0.003356768051162362,0.49541175365448,0.3385927379131317,0.2487342655658722,0.2593896687030792,0.21855224668979645,0.17463041841983795,0.31943973898887634,0.5369865298271179,0.4971080422401428,0.46542471647262573,0.4257175028324127,0.47345560789108276,0.3278569281101227,0.27280816435813904,0.241951122879982,0.25029197335243225,0.23855198919773102,0.15897688269615173,0.23775431513786316,0.3891507685184479,0.35018759965896606,0.33348360657691956,0.28176385164260864,0.3135964274406433,24.264262176310854,15.412259105959704,16.854798841304298,17.26274769769746,18.80260002522671,17.993029826633972,61.13423185303676,5.282842097414292,4.5866906521959665,4.291467821688783,4.036890384917273,3.763824767468154,2.7997510279573,6.207795410097657,1864.2491367275738,980.6275192558022,0.09465166390117995,0.08474648410129454,MariamB,Arabic
-1.0,0.3304319977760315,-0.07338311523199081,0.10029388219118118,-0.050349146127700806,0.05155250430107117,-0.04659929871559143,0.03928053379058838,-0.03732604533433914,0.009646580554544926,-0.0234028659760952,-0.01870853453874588,-0.030268585309386253,0.0005900784162804484,-0.015932485461235046,-0.046963635832071304,-0.005190254654735327,0.0,0.1567804515361786,0.09809394180774689,0.0688319057226181,0.045291174203157425,0.047599826008081436,0.046229105442762375,0.04175984486937523,0.04077574610710144,0.029431063681840897,0.029709944501519203,0.02834145538508892,0.03057168982923031,0.026422681286931038,0.02407599426805973,0.030478039756417274,0.01714206114411354,-1.2712895181010708e-09,-0.00047317828284576535,-0.00018039483984466642,0.0005508405156433582,-0.0005053868517279625,-0.0004722998128272593,-0.0004714973329100758,-0.00022285156592261046,-0.0005485684960149229,5.6925502576632425e-05,-0.0002301842177985236,0.00015747440920677036,-4.5827622670913115e-05,8.007096039364114e-05,-9.894349204842001e-05,6.680379738099873e-05,0.00010204645514022559,6.97763047341482e-09,0.028247615322470665,0.018478507176041603,0.013474848121404648,0.00723376777023077,0.0077473935671150684,0.009141096845269203,0.006468077655881643,0.007849079556763172,0.005985871888697147,0.005366461351513863,0.004759476985782385,0.004927773494273424,0.0050171189941465855,0.004513505380600691,0.004777283873409033,0.0030906270258128643,0.43249884247779846,0.35113412141799927,0.3051427900791168,0.27512431144714355,0.23204274475574493,0.2327321469783783,0.3211146891117096,0.4399915933609009,0.4184992015361786,0.5161895751953125,0.4897734820842743,0.38401493430137634,0.3350955545902252,0.30396702885627747,0.3164515793323517,0.29272064566612244,0.24011343717575073,0.23129191994667053,0.2711535692214966,0.36419677734375,0.3433440327644348,0.35099053382873535,0.3271535038948059,0.2789972722530365,23.41996515679354,16.2228720469996,16.97175707293157,16.830457457425307,17.542419900046248,18.202850157281297,61.70709707879915,5.234484798681898,4.780111046684249,4.307251030118498,3.3751503543215002,3.187062887288314,2.9321251197019023,6.623755616709756,2116.350706181558,1056.4012263297466,0.11442645582329317,0.09034246775655198,MariamB,Arabic
-1.0,0.3482615649700165,-0.1025894433259964,0.12419271469116211,-0.057909101247787476,0.06004081293940544,-0.03715915605425835,0.05573835223913193,-0.015552009455859661,-0.009280605241656303,-0.01691780425608158,-0.0350097231566906,-0.024232028052210808,-0.003273844253271818,-0.02027493715286255,-0.04472237452864647,-0.008536117151379585,0.0,0.14309139549732208,0.1269870400428772,0.06072212755680084,0.04976753145456314,0.04222597926855087,0.04483399912714958,0.03752020373940468,0.041297927498817444,0.030941598117351532,0.03010571375489235,0.04019263759255409,0.027212100103497505,0.0241912379860878,0.027023030444979668,0.02963145263493061,0.018813615664839745,-1.1427836454913631e-09,-0.0006786884041503072,4.4177479139762e-05,3.586332968552597e-05,-1.5796575780768762e-06,0.00025288405595347285,-8.776742470217869e-05,4.4038657506462187e-05,-0.00021341971296351403,1.4655856830358971e-05,-5.269344546832144e-05,9.75910370470956e-06,-7.028571417322382e-05,-2.6353291104896925e-05,6.190955173224211e-05,5.4929627367528155e-05,8.377653102797922e-06,6.626667214959525e-09,0.022197065874934196,0.02300790511071682,0.0107750678434968,0.00988131295889616,0.007695381995290518,0.009048480540513992,0.006717081647366285,0.007197486702352762,0.005988509394228458,0.0061007956974208355,0.006675675045698881,0.004386585671454668,0.004360150545835495,0.004178455099463463,0.004326136317104101,0.0034004519693553448,0.5066894888877869,0.3567652106285095,0.3063195049762726,0.20472551882266998,0.1353631317615509,0.17709985375404358,0.31364700198173523,0.4010096788406372,0.4012623131275177,0.42255622148513794,0.4497188627719879,0.5724921822547913,0.32211992144584656,0.2904249131679535,0.2929505407810211,0.22428640723228455,0.14549620449543,0.1784856617450714,0.3195899724960327,0.37043771147727966,0.361721396446228,0.3680347502231598,0.30813318490982056,0.3480282127857208,22.616441770275035,17.89088881969658,17.793965581351173,18.17930190609429,18.92289428006195,18.052822935087146,60.28951983412256,4.845409995139938,5.748312362118192,4.7514582810850525,4.140698771794707,3.6199237894927743,2.696725734764613,6.952650519432961,1980.6876588536363,953.7466820870724,0.10383820791967509,0.08896445395677387,MariamB,Arabic
-1.0,0.3801163136959076,-0.10832665115594864,0.13405518233776093,-0.08130642026662827,0.03687725588679314,-0.023636898025870323,0.015961719676852226,-0.021149346604943275,-0.006271839141845703,-0.0317782461643219,-0.03168971464037895,-0.02570277266204357,0.003023425815626979,-0.034454163163900375,-0.04355676472187042,0.0004796703578904271,0.0,0.12481428682804108,0.10618538409471512,0.06896621733903885,0.05756672844290733,0.048691947013139725,0.048547495156526566,0.041887421160936356,0.03680785372853279,0.03091169148683548,0.02804732695221901,0.027841156348586082,0.023463113233447075,0.02979949489235878,0.03164910897612572,0.02222966030240059,0.021475523710250854,-7.03446856320511e-10,-0.00023764267098158598,0.0003103197377640754,4.135477865929715e-05,5.060786861577071e-05,-0.00011957443348364905,3.0353656256920658e-05,-6.306323484750465e-05,-0.00016075836902018636,-6.184317317092791e-05,-2.402705831627827e-05,-6.453424430219457e-05,-8.198804425774142e-05,-7.440499030053616e-05,-1.4969449694035575e-05,4.974820967618143e-06,-5.551529466174543e-05,5.228744992535894e-09,0.02518976852297783,0.020415129140019417,0.01305430755019188,0.009928134270012379,0.008513138629496098,0.009429139085114002,0.008292349055409431,0.007223740220069885,0.005206304602324963,0.00563496258109808,0.004237508866935968,0.004634857177734375,0.004990934394299984,0.0055201672948896885,0.0037622388917952776,0.004083211068063974,0.483919620513916,0.40355584025382996,0.3934359550476074,0.3090766966342926,0.1286649852991104,0.11053106188774109,0.2034202367067337,0.27503201365470886,0.29463765025138855,0.3063541650772095,0.34192726016044617,0.4575653076171875,0.36458829045295715,0.3327208161354065,0.35609710216522217,0.3057486116886139,0.15895617008209229,0.14176391065120697,0.24092724919319153,0.3036496043205261,0.30680227279663086,0.32081127166748047,0.3269467055797577,0.3683635890483856,22.733817489305814,17.313911516373153,18.671517974698368,18.764790111583547,19.348269206457033,20.61179394489125,58.784341352834566,4.850888422467747,5.3560795633710985,4.888160853830483,4.139065245329357,4.016659219089805,4.290791874540388,6.44626337308306,1829.8530662773585,791.2329802232667,0.09465386284722223,0.06260402509932268,MariamB,Arabic
-1.0,0.4247868061065674,-0.16690030694007874,0.13852037489414215,-0.07446873188018799,0.0436323806643486,-0.052015408873558044,0.021175755187869072,-0.005199229810386896,-0.004681766033172607,-0.03424345329403877,-0.032382119446992874,-0.01393927913159132,0.011544745415449142,-0.05042904242873192,-0.04635165259242058,0.0072063240222632885,0.0,0.15080665051937103,0.15774089097976685,0.0857115238904953,0.059088900685310364,0.050001684576272964,0.060215119272470474,0.0386347696185112,0.049439702183008194,0.03026718646287918,0.03463416174054146,0.03225133195519447,0.0330500528216362,0.0360424742102623,0.04360637813806534,0.03464317321777344,0.024429187178611755,-1.0694293228752372e-09,-0.0007201701519079506,0.0004905529203824699,-0.00011222281318623573,8.517564128851518e-05,0.000199795700609684,-9.392750507686287e-05,-0.00010806413774844259,-0.0002667861117515713,-8.600958608440123e-06,-2.7080412110080943e-05,0.00012863450683653355,-6.79606237099506e-05,0.00011631103552645072,0.0001077220804290846,-7.995557825779542e-05,3.465295230853371e-05,6.416575715206818e-09,0.028123417869210243,0.02996130846440792,0.016372935846447945,0.010118385776877403,0.009802491404116154,0.009813845157623291,0.007233979180455208,0.009912926703691483,0.0053138164803385735,0.006968576926738024,0.00617044186219573,0.005273876711726189,0.006736093666404486,0.006866943556815386,0.005351249594241381,0.004885974805802107,0.5168851613998413,0.38607707619667053,0.33092832565307617,0.2915533781051636,0.1772245615720749,0.13792850077152252,0.25315117835998535,0.32158294320106506,0.280489981174469,0.3392794132232666,0.3822701573371887,0.5098241567611694,0.3496868312358856,0.31143125891685486,0.3106693923473358,0.315696120262146,0.2226492464542389,0.16588017344474792,0.26717856526374817,0.30590781569480896,0.2779269516468048,0.32663029432296753,0.3010242283344269,0.34153759479522705,22.625652245120698,17.005307283620816,18.727066930121218,18.32839080474373,19.891550520128334,20.496310092477994,58.23305957807495,4.603927857549078,4.994529881861859,4.566116498438065,4.162835195934511,4.087747767409269,4.110788837638634,6.311382669216468,1853.120002925661,800.117092837556,0.09884890994510136,0.07162464968557032,MariamB,Arabic
-1.0,0.3696499168872833,-0.13900355994701385,0.1470322459936142,-0.07955784350633621,0.05803220719099045,-0.06687460094690323,0.04436584189534187,-0.020647160708904266,0.013212150894105434,-0.04498998820781708,-0.024560928344726562,-0.019659139215946198,0.009152580983936787,-0.05431630462408066,-0.029886731877923012,0.008295002393424511,0.0,0.17051391303539276,0.1441034972667694,0.08427921682596207,0.06320550292730331,0.05869688838720322,0.059104666113853455,0.046658292412757874,0.050513554364442825,0.035207271575927734,0.03618583455681801,0.02863159216940403,0.02733759768307209,0.029803022742271423,0.050102122128009796,0.026696404442191124,0.023685935884714127,-9.710156012587845e-10,-0.0008509077597409487,9.572428098181263e-05,7.604862184962258e-05,-0.0001100326917367056,0.00015295625780709088,5.951089406153187e-05,1.6625490388832986e-05,-0.00016133040480781347,-3.130645927740261e-05,5.6117773056030273e-05,0.0001305826153839007,-7.838354940759018e-05,-2.547399162722286e-05,1.4749407455383334e-05,4.952345625497401e-05,7.665962766623124e-05,6.122020224097469e-09,0.030562354251742363,0.02449122630059719,0.016287868842482567,0.013183447532355785,0.0115432757884264,0.010533354245126247,0.009165949188172817,0.009266074746847153,0.0069905961863696575,0.0062444573268294334,0.00484926113858819,0.004851275123655796,0.004658062476664782,0.007875061593949795,0.004969530738890171,0.0044235107488930225,0.49580326676368713,0.36780500411987305,0.3428870737552643,0.26781895756721497,0.16068220138549805,0.14329186081886292,0.23682324588298798,0.4042544662952423,0.375711590051651,0.3527892529964447,0.4014803171157837,0.48674485087394714,0.3439350426197052,0.2922729253768921,0.3503832519054413,0.2951306998729706,0.20923791825771332,0.1646471619606018,0.25582921504974365,0.381366103887558,0.33318474888801575,0.32951125502586365,0.3168751299381256,0.3390311002731323,22.914868805229677,17.585190069536118,18.741738826163658,17.853135617735898,19.62771770224053,20.564518259160053,60.50432950890094,5.000039829897905,5.075759484587516,4.566138694998197,3.920914126162953,3.845123313769807,4.217379064911532,6.783858515999219,2184.6672201788874,1088.6270971867773,0.12260502540260736,0.09800156298196157,MariamB,Arabic
-1.0,0.2821670174598694,-0.04584852233529091,0.0948418453335762,-0.03187771141529083,0.06914971768856049,-0.008716363459825516,0.04748399928212166,-0.01014412846416235,0.004851223900914192,-0.01513165608048439,-0.004722534213215113,-0.006765410304069519,-0.016303548589348793,-0.004006087314337492,-0.02132270485162735,0.0003767714952118695,0.0,0.1051640510559082,0.0419255867600441,0.04176251217722893,0.025156741961836815,0.026864176616072655,0.02448984794318676,0.02135026827454567,0.020005391910672188,0.019800907000899315,0.018243512138724327,0.01841678097844124,0.014376197010278702,0.01648632436990738,0.015571242198348045,0.013737032189965248,0.01290060207247734,-2.124503906131281e-09,-0.001251483685337007,-0.0005705800140276551,-0.0002113141235895455,-3.859873322653584e-05,0.0002035328943748027,0.00010811447282321751,-5.380535367294215e-05,-0.0002650530659593642,-7.698353874729946e-05,-2.073472751362715e-05,0.0001413924910593778,0.00016379183216486126,0.00017455160559620708,0.0002575708494987339,0.00012527903891168535,5.336388494470157e-05,8.919121441408606e-09,0.015196905471384525,0.009276392869651318,0.007918579503893852,0.0045607793144881725,0.004954629112035036,0.00457206042483449,0.0036960330326110125,0.004023970104753971,0.00369504326954484,0.0034496590960770845,0.0033319019712507725,0.0025817551650106907,0.0026643993332982063,0.0023204328026622534,0.0025285629089921713,0.00236569088883698,0.6123132109642029,0.39036551117897034,0.247354194521904,0.1970212459564209,0.1773240715265274,0.21813765168190002,0.4823566973209381,0.6656955480575562,0.6003949046134949,0.5398488640785217,0.44825509190559387,0.5232353210449219,0.28664520382881165,0.2642545700073242,0.2126259207725525,0.15488702058792114,0.1644679307937622,0.17734840512275696,0.3036937117576599,0.3772343695163727,0.3448958396911621,0.3451499342918396,0.291578084230423,0.30970191955566406,24.41462114345375,14.635704779734056,15.699624271962824,16.442504006048278,17.171519615013704,16.855986969064887,59.970738925846376,4.622200565187833,4.359531361119648,3.6355009392833293,3.003566274799183,2.2166743600348937,2.3248690082853454,7.459174085954717,1747.5983470084318,825.1821669033574,0.07020108011744966,0.05126365158855899,MariamB,Arabic
-1.0,0.3673626482486725,-0.10788669437170029,0.1589990109205246,-0.06061548739671707,0.04194618761539459,-0.051958370953798294,0.027705008164048195,-0.018597207963466644,-0.0004049766284879297,-0.03281035274267197,-0.038151293992996216,-0.016130026429891586,0.0070686619728803635,-0.05168734863400459,-0.03481360897421837,0.01660727523267269,0.0,0.14243118464946747,0.11394277960062027,0.09512906521558762,0.053547609597444534,0.04999975487589836,0.04350891709327698,0.04251223802566528,0.04334273561835289,0.03641103580594063,0.03345708176493645,0.02996753714978695,0.02443799376487732,0.03220021352171898,0.038018982857465744,0.027333425357937813,0.02053743414580822,-7.430776549632867e-10,-0.0001615059154573828,5.544106534216553e-05,1.530929876025766e-05,5.8614405133994296e-05,-0.00011384650133550167,-6.262330862227827e-05,4.556945714284666e-05,-6.9644565883209e-06,-9.326368854090106e-06,3.265548366471194e-05,8.404937034356408e-06,-3.499307422316633e-05,-6.045006011845544e-05,-1.2480247733037686e-06,-6.593230500584468e-05,-2.5298022592323832e-05,5.371274092169642e-09,0.027539946138858795,0.021086985245347023,0.016263991594314575,0.010736086405813694,0.009725295938551426,0.008191326633095741,0.00760198850184679,0.008466821163892746,0.007090847007930279,0.006219423841685057,0.0045340778306126595,0.004357350058853626,0.005925564095377922,0.006516359280794859,0.004446110222488642,0.00324395764619112,0.5231446623802185,0.355250746011734,0.30271872878074646,0.26294395327568054,0.16796886920928955,0.19332924485206604,0.322544127702713,0.43622979521751404,0.36729854345321655,0.36709773540496826,0.39454373717308044,0.47789424657821655,0.3651887774467468,0.28627631068229675,0.30977752804756165,0.27817121148109436,0.2040955126285553,0.22684775292873383,0.2984771430492401,0.367843896150589,0.31718510389328003,0.3138992488384247,0.30507683753967285,0.3357534408569336,22.117215321163155,16.358163887797353,17.79119940317547,17.694700102831582,19.446368323155625,20.53388675093555,59.42727278602316,4.754078486767016,4.921407552785156,4.627806335256373,3.6642016382154283,3.9895931430763882,4.099164082000048,6.166166746040431,1992.0772513817162,925.4882893349853,0.11030227589495305,0.0776598579458178,MariamB,Arabic
-1.0,0.3466303050518036,-0.08689291775226593,0.11657527834177017,-0.06809230148792267,0.04726533591747284,-0.030768197029829025,0.036758456379175186,-0.023330362513661385,-0.007078778930008411,-0.026514293625950813,-0.03145131841301918,-0.018536068499088287,0.007921510376036167,-0.03306975215673447,-0.04056693986058235,0.010632442310452461,0.0,0.14171303808689117,0.0989094227552414,0.06667940318584442,0.05555650219321251,0.042941391468048096,0.04647119343280792,0.03512149676680565,0.0378262959420681,0.02972300723195076,0.02956695482134819,0.030876854434609413,0.024821722880005836,0.027605189010500908,0.03445441275835037,0.026569373905658722,0.02171390876173973,-7.260345658011147e-10,-0.00032686939812265337,-1.0639138963597361e-05,5.503894135472365e-05,-3.707936775754206e-05,-3.994932194473222e-05,-9.846931789070368e-05,-5.530774433282204e-05,-7.239276601467282e-05,-1.925890137499664e-05,-2.3082513507688418e-05,4.137750147492625e-05,-1.5486379197682254e-05,-3.439356805756688e-05,1.6657422747812234e-05,-3.508340159896761e-05,8.145484753185883e-05,5.310485384768526e-09,0.023825382813811302,0.019129345193505287,0.012886328622698784,0.008654060773551464,0.008280561305582523,0.009255201555788517,0.006323164328932762,0.007240345235913992,0.005374197848141193,0.005214356351643801,0.005221585277467966,0.004034975077956915,0.0048221624456346035,0.004791132640093565,0.0043218182399868965,0.003911833744496107,0.5045877695083618,0.4015069007873535,0.3120858073234558,0.24616974592208862,0.16201800107955933,0.1404699981212616,0.2507920563220978,0.386760950088501,0.3971959352493286,0.36950355768203735,0.39775586128234863,0.47521543502807617,0.32767680287361145,0.31724706292152405,0.3167409896850586,0.27601560950279236,0.20499172806739807,0.15711459517478943,0.26972246170043945,0.3818916082382202,0.35279104113578796,0.3310506343841553,0.3192812502384186,0.3361988067626953,22.825154865215087,16.471907595607373,17.86192233737721,18.429968003067053,19.155683172335632,19.398906581761658,59.708805464080285,4.868939623809328,4.8174900995213825,4.577542936750593,4.379725115039907,3.8530465472806092,3.505435001122576,6.073857494533101,1925.6813832599462,908.1289753240118,0.0987044868119266,0.07883981894848623,MariamB,Arabic
-1.0,0.3728576898574829,-0.11314652860164642,0.12488880008459091,-0.06051890179514885,0.04452183470129967,-0.029689881950616837,0.03430809825658798,-0.02170613221824169,0.0016919091576710343,-0.039124853909015656,-0.030598921701312065,-0.01095591951161623,-0.004209509119391441,-0.03447338566184044,-0.03095303103327751,0.00769820436835289,0.0,0.12304025888442993,0.08745145052671432,0.07139034569263458,0.04507585987448692,0.03767124563455582,0.03812435269355774,0.03806241229176521,0.033340632915496826,0.02717762626707554,0.026393331587314606,0.023802723735570908,0.023361777886748314,0.022969599813222885,0.02836310863494873,0.02308706007897854,0.020010432228446007,-8.200805035052383e-10,-0.0007266754400916398,0.0002755333262030035,-0.00011808794079115614,-0.00013933370064478368,0.0001454363518860191,-0.0002317310281796381,4.653836731449701e-05,-0.0001856657472671941,-1.4742325220140629e-05,-5.230060560279526e-05,-1.5544748748652637e-05,-0.00010443432256579399,-3.780314727919176e-05,1.946824704646133e-05,4.9683410907164216e-05,-2.0874462279607542e-05,5.637121880397444e-09,0.025134695693850517,0.017111463472247124,0.01259563211351633,0.008766529150307178,0.0077622574754059315,0.007492715958505869,0.006213479675352573,0.00639212504029274,0.004884087014943361,0.005141446832567453,0.004504253622144461,0.0041985842399299145,0.003733712015673518,0.00458289822563529,0.00375800346955657,0.003950658719986677,0.5448724031448364,0.3502574861049652,0.22956568002700806,0.18983829021453857,0.12380696833133698,0.11169803887605667,0.21110565960407257,0.31771132349967957,0.31489044427871704,0.3999817669391632,0.4388376772403717,0.5405001640319824,0.36591652035713196,0.3039742708206177,0.24349980056285858,0.21462927758693695,0.14884796738624573,0.12167034298181534,0.2414541244506836,0.32168132066726685,0.31112760305404663,0.3589939475059509,0.32622820138931274,0.34315693378448486,22.9663132096147,16.976125833740966,17.97808960305885,18.263493808475328,19.277662326278683,19.735469774042937,59.250911729175286,4.542764575283645,4.781766514278093,4.089694782466217,4.070072739616843,3.6918961067206366,2.9791536410661177,5.865342059900074,1768.5307815332835,808.6245536888425,0.09179055011334197,0.0713430329285143,MariamB,Arabic
-1.0,0.3971426784992218,-0.13335660099983215,0.11120561510324478,-0.08041191846132278,0.0386400930583477,-0.04141965135931969,0.033743828535079956,-0.018262431025505066,-0.008088605478405952,-0.025655880570411682,-0.05803005397319794,-0.032119255512952805,0.0005484373541548848,-0.03467610105872154,-0.05433834716677666,-0.0046692537143826485,0.0,0.13437996804714203,0.12786804139614105,0.08024460822343826,0.0716434121131897,0.05969545617699623,0.051529232412576675,0.04208046942949295,0.04187903553247452,0.03512904793024063,0.03359685465693474,0.047499269247055054,0.03078288957476616,0.028070027008652687,0.03125923499464989,0.02633773349225521,0.02603592537343502,-7.894042086675768e-10,-0.00019482997595332563,1.4893692423356697e-05,-6.920307100699574e-07,-0.00018214165174867958,-8.155780960805714e-05,-0.0001393103157170117,-5.163762398296967e-05,-0.00012943334877490997,5.1224396884208545e-05,7.11024331394583e-05,2.5276474843849428e-05,4.729334614239633e-05,-1.5734158296254463e-05,8.178192365448922e-05,3.899481089320034e-05,3.2695679692551494e-05,5.532873270652772e-09,0.02441171556711197,0.024367155507206917,0.015345826745033264,0.013898557983338833,0.011980795301496983,0.008177313953638077,0.006551546975970268,0.007462340407073498,0.006368952337652445,0.006474262103438377,0.008389242924749851,0.004907973110675812,0.0049796393141150475,0.005029323045164347,0.004595761187374592,0.004536286927759647,0.4919293224811554,0.4357660412788391,0.355898916721344,0.20915929973125458,0.11143810302019119,0.11386482417583466,0.21482884883880615,0.3561483323574066,0.3371822237968445,0.30340901017189026,0.3066409230232239,0.4298684597015381,0.3431095778942108,0.3319745361804962,0.3544025719165802,0.2383423149585724,0.15189380943775177,0.14426107704639435,0.24401149153709412,0.37461844086647034,0.345981240272522,0.3260258138179779,0.3032545745372772,0.3418371379375458,23.150166846369153,18.092805587641536,17.86246220143521,19.174536427731326,19.717203641791034,19.5727737354914,59.57757130384053,4.561918277707493,5.289592832735107,4.622114298684395,4.35109372024289,3.8281814721391574,3.2988773164412613,6.636583402998656,1852.2805343888533,692.1284331067542,0.09053538029925187,0.055004387903897056,MariamB,Arabic
-1.0,0.3574988842010498,-0.09782114624977112,0.11739397048950195,-0.05910420045256615,0.05331068113446236,-0.05466367304325104,0.030093787238001823,-0.01234886422753334,-0.00798003003001213,-0.03680698946118355,-0.030868761241436005,-0.008437777869403362,-0.006160172633826733,-0.042193397879600525,-0.02372751571238041,0.0032884965185076,0.0,0.13314148783683777,0.10531068593263626,0.05973821133375168,0.032975196838378906,0.04720395430922508,0.04324605315923691,0.046441126614809036,0.03875722363591194,0.03539464995265007,0.02945222333073616,0.030216149985790253,0.020234180614352226,0.02233726903796196,0.032088521867990494,0.020508114248514175,0.01652141474187374,-1.0658285365394704e-09,0.00027449423214420676,-8.036671351874247e-05,5.252463597571477e-05,0.00012133052223362029,-0.0003458385181147605,0.0002516052918508649,-0.0004030480922665447,-0.00011482268018880859,-0.0002591738011687994,8.213871478801593e-05,-0.00010473715519765392,1.1631607321760384e-06,6.874127575429156e-05,2.975440838781651e-05,2.7780690288636833e-05,-7.455165177816525e-05,6.406064123609667e-09,0.02588030695915222,0.02001490257680416,0.009805712848901749,0.005920379888266325,0.008519835770130157,0.008236736990511417,0.007773653604090214,0.00707681430503726,0.005921097006648779,0.006202686578035355,0.004565647337585688,0.0040472932159900665,0.004364725202322006,0.005048471037298441,0.003401597263291478,0.0026496851351112127,0.4144155979156494,0.2957930862903595,0.25038763880729675,0.18350757658481598,0.1012711301445961,0.12412744760513306,0.2356686294078827,0.33137887716293335,0.31672945618629456,0.3879058361053467,0.48519906401634216,0.4404768943786621,0.346721887588501,0.274646520614624,0.2928718626499176,0.2316058725118637,0.1340969353914261,0.15717877447605133,0.257224440574646,0.3660390079021454,0.334384948015213,0.3436688482761383,0.36404865980148315,0.3372471034526825,22.55455343568145,16.650710743904785,17.912516280156733,17.671899574948746,18.976431745810498,19.878714671440978,59.49986750410848,4.488161713110309,4.622268998690568,4.654991089928074,3.75546229664112,3.511360058692308,3.197732494324528,7.714732217614189,1929.6529514713084,969.9841371262048,0.10023411195286196,0.08634793181349777,MariamB,Arabic
-1.0,0.3241153657436371,-0.07409805059432983,0.1072002500295639,-0.0593378022313118,0.05097347870469093,-0.034633975476026535,0.03402053564786911,-0.013532626442611217,-0.015663640573620796,-0.022050384432077408,-0.024940477684140205,-0.010063947178423405,-0.010010424070060253,-0.03389906883239746,-0.01924629881978035,-0.0044741020537912846,0.0,0.12959781289100647,0.10277565568685532,0.06941366195678711,0.047289032489061356,0.04330239072442055,0.043536968529224396,0.03836546838283539,0.03841995820403099,0.03300187736749649,0.02833092212677002,0.024899786338210106,0.022012485191226006,0.020001251250505447,0.026864290237426758,0.018286574631929398,0.01886957511305809,-1.1068219674115198e-09,0.0006437097326852381,7.600673416163772e-05,-0.0001341187598882243,-0.00013235327787697315,-0.0002383806713623926,8.961644198279828e-05,-9.972894622478634e-05,-5.158761268830858e-05,-0.00021552191174123436,-0.00013562261301558465,-0.0002457998925819993,-8.290664118248969e-05,2.3479775336454622e-05,-4.374953641672619e-05,-1.2601572962012142e-05,-1.265856212739891e-06,6.5246190672496596e-09,0.02550283633172512,0.019416330382227898,0.011558681726455688,0.009274018928408623,0.008745210245251656,0.008992699906229973,0.007525213062763214,0.008050079457461834,0.005726573523133993,0.005276822950690985,0.0046660867519676685,0.0035253367386758327,0.0036600767634809017,0.0044647459872066975,0.0030438085086643696,0.003560684621334076,0.4503636956214905,0.3758145570755005,0.2570110261440277,0.1801420897245407,0.12080888450145721,0.1643999069929123,0.3092690706253052,0.363203763961792,0.334024041891098,0.3500944674015045,0.3911017179489136,0.45787033438682556,0.33890587091445923,0.3401550352573395,0.26103007793426514,0.2533910274505615,0.1748369336128235,0.19334951043128967,0.3380030393600464,0.3537496328353882,0.3413369357585907,0.3345462679862976,0.33298224210739136,0.3460744321346283,23.432226473491095,17.5464850563106,18.292863225983805,18.445217855036308,18.41434658982242,19.104476392417656,59.99875985233717,4.648488478016261,5.546287826942288,4.868857615358479,4.238168472975018,3.563630471454887,3.251915232092664,7.322261576438006,2021.783355834627,1048.2902114708893,0.10416780485139861,0.08884755059421659,MariamB,Arabic
-1.0,0.3082667589187622,-0.050184302031993866,0.08958327025175095,-0.051824893802404404,0.06040104851126671,-0.0372520349919796,0.03620975837111473,-0.004871324170380831,-0.010586733929812908,-0.02671078033745289,-0.020461956039071083,-0.016762465238571167,-0.018073802813887596,-0.013093063607811928,-0.022471517324447632,-0.00612894119694829,0.0,0.11224855482578278,0.07389287650585175,0.05377667024731636,0.04900339990854263,0.038791436702013016,0.04248451068997383,0.03253598138689995,0.033516813069581985,0.02828686311841011,0.022791707888245583,0.02556879259645939,0.022170251235365868,0.01741594262421131,0.022209275513887405,0.01717955991625786,0.011574794538319111,-1.7586171408012774e-09,-0.0008875607745721936,-0.00017565076996106654,0.000250244396738708,0.00022047832317184657,3.292439578217454e-05,-0.0002380303485551849,1.1106394595117308e-05,3.283354817540385e-05,0.00022410762903746217,0.00012014516687486321,-0.0002487551246304065,-0.000412029679864645,-0.0003006375045515597,-6.63159298710525e-05,-4.181181066087447e-05,-1.4396317055798136e-05,8.154372288515788e-09,0.022864511236548424,0.014604778960347176,0.009282439947128296,0.007900280877947807,0.007296804804354906,0.008190183900296688,0.006531224120408297,0.005531868897378445,0.00472733611240983,0.004107529763132334,0.004000797867774963,0.003855051938444376,0.003505947068333626,0.003400675021111965,0.002431818749755621,0.002083172556012869,0.5024654269218445,0.3819619417190552,0.2983275353908539,0.2065366506576538,0.16406401991844177,0.2656506597995758,0.4725237488746643,0.5346816778182983,0.4980156421661377,0.5220080614089966,0.49719420075416565,0.5323012471199036,0.3103158175945282,0.30493560433387756,0.2707246243953705,0.19958777725696564,0.14454026520252228,0.209269180893898,0.34465375542640686,0.400533527135849,0.3726145923137665,0.3687683343887329,0.3133487403392792,0.30658721923828125,23.771026929636754,14.880620734845586,16.489789072852602,17.09084397561823,17.46453343285652,17.528287194071662,59.97654952487219,5.601066653337871,4.964834039744644,4.349278961060483,3.5833283994209,2.7471957612688285,2.756194242721675,7.959460293591271,1833.153023276478,1007.4089273692134,0.08975965711805556,0.09246758380649632,MariamB,Arabic
-1.0,0.2848917841911316,-0.07480425387620926,0.11098871380090714,-0.04801894351840019,0.040418531745672226,-0.013898471370339394,0.02760012075304985,0.004612567834556103,-0.010346227325499058,-0.03260368853807449,-0.01999519020318985,-0.01803937554359436,-0.016895562410354614,-0.013307308778166771,-0.02345367707312107,-0.003272818634286523,0.0,0.13024480640888214,0.09399186074733734,0.07098947465419769,0.046678610146045685,0.03502596542239189,0.024897010996937752,0.03399762511253357,0.03761548548936844,0.03128941357135773,0.03591328114271164,0.02094695158302784,0.021917326375842094,0.018500396981835365,0.025150058791041374,0.01814262568950653,0.015529237687587738,-1.4587607788385526e-09,-0.000518001732416451,1.0716878932726104e-05,-9.802553540794179e-05,-6.261956878006458e-05,-0.0001086925039999187,2.508684337954037e-05,2.442369077471085e-05,-3.22519481414929e-05,9.836273966357112e-05,-3.644072057795711e-05,-0.00011633669782895595,-2.791601582430303e-05,0.00013967468112241477,6.834515079390258e-05,4.942825034959242e-05,0.0001377573935315013,7.456107731229622e-09,0.019077537581324577,0.019755437970161438,0.011409701779484749,0.007532481104135513,0.0059706368483603,0.004524711053818464,0.005531813949346542,0.007866637781262398,0.00500202551484108,0.006272757425904274,0.0027389884926378727,0.0034396208357065916,0.003406939096748829,0.0036819521337747574,0.0024945400655269623,0.002898434642702341,0.608642578125,0.3979659974575043,0.3407514989376068,0.3621155917644501,0.26079073548316956,0.23805657029151917,0.4901655316352844,0.5687025189399719,0.48436853289604187,0.5286563634872437,0.5176793932914734,0.6208872199058533,0.29343554377555847,0.23502816259860992,0.24856550991535187,0.2911214828491211,0.21859745681285858,0.20048414170742035,0.3285156190395355,0.36466479301452637,0.3212498128414154,0.329942524433136,0.29217129945755005,0.2756367325782776,23.617729211223082,14.559871604283472,16.067893161819388,16.793846237750657,17.666218111586428,18.212471357510772,58.84285578132685,4.404999006914067,5.130837468850077,3.899901860777341,3.1714729806923487,2.698816094948123,3.202751657150562,6.167037210928478,1992.2312557628538,769.6597171273787,0.10550025201612903,0.07164544445844437,MariamB,Arabic
-1.0,0.3623853623867035,-0.06900876760482788,0.10149792581796646,-0.04342219978570938,0.04347473010420799,-0.030548976734280586,0.04078488424420357,0.010481621138751507,-0.006396431475877762,-0.031738296151161194,-0.023202920332551003,-0.019047783687710762,-0.025210672989487648,-0.015550177544355392,-0.024257902055978775,-0.002495740307494998,0.0,0.11561525613069534,0.08357471227645874,0.0478309728205204,0.025041479617357254,0.05262346938252449,0.03635295480489731,0.03350922465324402,0.03506457433104515,0.03548773005604744,0.030748067423701286,0.01988844759762287,0.021441470831632614,0.017259418964385986,0.029033202677965164,0.017785869538784027,0.014059721492230892,-2.776763707856844e-09,-0.001837839954532683,0.00039249155088327825,-0.00024994439445436,0.00016641608090139925,-0.00010118252976099029,-0.0001409133692504838,-0.00015333955525420606,-0.0002436899667372927,6.301101529970765e-05,-5.8887453633360565e-05,-6.083836706238799e-05,0.00027280786889605224,-0.0001906904362840578,-7.368378282990307e-05,-0.00019264218281023204,-0.0001622643176233396,1.010757433306253e-08,0.025964735075831413,0.017097612842917442,0.008620950393378735,0.005101424176245928,0.009368316270411015,0.007389761973172426,0.005839418154209852,0.006637224927544594,0.006338280625641346,0.004929406568408012,0.004307696595788002,0.004470637068152428,0.0025377196725457907,0.0049500903114676476,0.003372346982359886,0.00277544348500669,0.6111664175987244,0.4576064944267273,0.3377229869365692,0.2756522297859192,0.1843346655368805,0.19120517373085022,0.36925897002220154,0.5099546313285828,0.43247631192207336,0.4359451234340668,0.3914509415626526,0.5010663866996765,0.3220577836036682,0.2878768742084503,0.27710282802581787,0.2520032227039337,0.19596177339553833,0.20128291845321655,0.3005003035068512,0.3323911428451538,0.29211172461509705,0.35226714611053467,0.31326666474342346,0.3337092995643616,20.6972123804556,15.879420330560523,17.16203339531212,18.314992523344685,17.940465781482043,17.805435064568254,58.61946545778406,4.9010290874903015,4.777020296833469,4.432283820208849,4.137640651963202,2.6870183543032535,2.8822875691327847,7.668772059858331,1643.704462845812,773.0121557802684,0.0741844846491228,0.06579789001883954,MariamB,Arabic
-1.0,0.3120277523994446,-0.04521111026406288,0.1084110364317894,-0.039603009819984436,0.053239211440086365,-0.03442247956991196,0.04764869064092636,-0.004927591886371374,-0.021779237315058708,-0.03293846547603607,-0.007375289686024189,-0.02051221951842308,-0.024761399254202843,-0.007599234580993652,-0.01807897537946701,-0.00757633289322257,0.0,0.10191333293914795,0.07915277034044266,0.06166749820113182,0.036890383809804916,0.04425856098532677,0.04986870288848877,0.04448644444346428,0.03903558477759361,0.04147142171859741,0.02983434870839119,0.01920417882502079,0.02440677210688591,0.020971763879060745,0.02448941208422184,0.019255081191658974,0.017240000888705254,-2.261079101728569e-09,-0.0007273727096617222,0.000589633418712765,-0.00038364206557162106,0.0002500624395906925,-0.0002820856752805412,9.576231605024077e-06,-0.0001437396858818829,-0.00029305709176696837,4.220158007228747e-05,9.457964188186452e-05,3.491855750326067e-05,-2.3298125597648323e-05,-0.00013054451846983284,-0.0002866513968911022,-0.0002605650806799531,-5.53596910322085e-05,9.18454734488705e-09,0.02005940116941929,0.01684483326971531,0.010013320483267307,0.00588020496070385,0.00722385523840785,0.008087505586445332,0.007944297045469284,0.006187241058796644,0.006849241442978382,0.004780277144163847,0.0035553553607314825,0.0037468653172254562,0.003920192364603281,0.0032920248340815306,0.002805665833875537,0.0029931620229035616,0.43529748916625977,0.3614782392978668,0.28076064586639404,0.19572089612483978,0.12736041843891144,0.12882907688617706,0.2913554012775421,0.4707828462123871,0.4665164351463318,0.4482000172138214,0.30697646737098694,0.33908605575561523,0.3167482316493988,0.3224319815635681,0.3284686803817749,0.23938673734664917,0.16648682951927185,0.14475107192993164,0.2832166850566864,0.440275102853775,0.41749516129493713,0.3914306163787842,0.2729102671146393,0.280118852853775,24.072151396357484,16.246935636341416,16.874923034274406,16.54810617078334,18.32935127034789,17.973237520349578,59.53528774911247,4.746453391142431,5.393203549090275,4.398666540281862,3.0760167882365175,2.9092239779115023,2.3683555333330366,9.368891451891459,1876.506199088987,1143.6565171349207,0.086962890625,0.10659452886321234,MariamB,Arabic
-1.0,0.3697093427181244,-0.07364799082279205,0.10148334503173828,-0.041236136108636856,0.033684615045785904,-0.024913083761930466,0.04398373141884804,0.0028338099364191294,-0.03160000219941139,-0.03163773566484451,-0.015956589952111244,-0.028164707124233246,-0.02745809219777584,-0.019957473501563072,-0.016610529273748398,-0.003301202552393079,0.0,0.10149797052145004,0.09374242275953293,0.05164092406630516,0.038988202810287476,0.040292996913194656,0.04402298107743263,0.040117643773555756,0.030825544148683548,0.04638292267918587,0.03336775302886963,0.02488406002521515,0.02893896959722042,0.02757355198264122,0.026053685694932938,0.017824498936533928,0.01762758195400238,-2.362321449567162e-09,-0.0002831647580023855,0.00017693360859993845,-0.00017531105550006032,0.0002752663567662239,-0.0002718060277402401,6.580341869266704e-05,-0.00033851401531137526,-0.0003384576120879501,-8.138864359352738e-05,7.570012257929193e-06,-0.00038595599471591413,-0.00030253230943344533,-0.00017752265557646751,-0.00022947181423660368,-0.00018619932234287262,-0.00011248909868299961,9.37517263821519e-09,0.018270041793584824,0.01910691149532795,0.00954526662826538,0.006647175177931786,0.00718276109546423,0.00853649526834488,0.0076869577169418335,0.005889835301786661,0.006971693132072687,0.005127083044499159,0.0039401124231517315,0.0034674247726798058,0.004780571907758713,0.0036262590438127518,0.0033616754226386547,0.003530695103108883,0.3393910527229309,0.35041263699531555,0.41661879420280457,0.27839428186416626,0.10255338251590729,0.10894689708948135,0.24266202747821808,0.37970003485679626,0.379099041223526,0.32025983929634094,0.22603674232959747,0.29496416449546814,0.3180561661720276,0.3214455246925354,0.3785097002983093,0.3072654902935028,0.1250763088464737,0.12919171154499054,0.28620514273643494,0.440320760011673,0.39817100763320923,0.34136441349983215,0.22771966457366943,0.3183681070804596,23.068518201733838,18.226786306679244,17.03316541845487,19.594554382853925,18.963864627526828,18.55354030332974,58.00269495835732,4.411933455203633,6.032878522547403,4.4517345802270345,4.839478428994159,3.5067826703935925,2.6007826619949292,7.896989788908322,1533.2700702242237,717.0850111620308,0.0544980177238806,0.05577703344302707,MariamB,Arabic
-1.0,0.3360896408557892,-0.06176973879337311,0.12054862082004547,-0.04882880672812462,0.058135807514190674,-0.016694555059075356,0.030434655025601387,-0.010561129078269005,-0.021039417013525963,-0.03950561210513115,-0.016980649903416634,-0.014900248497724533,-0.029207825660705566,-0.007507137022912502,-0.025945613160729408,-0.008387616835534573,0.0,0.13794724643230438,0.11796952039003372,0.08692259341478348,0.05440472066402435,0.039368823170661926,0.045700374990701675,0.0402262881398201,0.04436538368463516,0.039145492017269135,0.03443698585033417,0.023997755721211433,0.022234784439206123,0.01850767433643341,0.0206394474953413,0.023256806656718254,0.01661214418709278,-2.19827134273487e-09,0.0007332309614866972,0.00034157978370785713,-0.00032968001323752105,-0.00035957092768512666,-0.00026158118271268904,0.00020454514015000314,-0.00011789043492171913,0.00011168236960656941,-3.199051570845768e-05,-0.0002165134355891496,-0.0003847181214950979,-0.0004773296823259443,-4.802403782377951e-05,0.0002856852952390909,0.0001643955329200253,-0.00012807939492631704,9.06370534181633e-09,0.024042796343564987,0.019725313410162926,0.015821194276213646,0.009752531535923481,0.009445687755942345,0.009172243066132069,0.008912981487810612,0.007467701565474272,0.007244929205626249,0.005617869086563587,0.004597891122102737,0.0037103896029293537,0.0035561651457101107,0.003975765313953161,0.00447602104395628,0.0031073729041963816,0.6829284429550171,0.4576767385005951,0.3831542134284973,0.2763359248638153,0.172016441822052,0.17089325189590454,0.296377956867218,0.4168090522289276,0.4221463203430176,0.44619813561439514,0.5178549289703369,0.6354444026947021,0.33963337540626526,0.2795354127883911,0.30987995862960815,0.23412148654460907,0.17427867650985718,0.14266033470630646,0.2298523634672165,0.31522202491760254,0.30159884691238403,0.3241373300552368,0.29202499985694885,0.31359511613845825,21.723789123838188,14.009970601399266,17.209776650412113,17.56882593453006,17.911921205645868,18.549915917588894,59.651483964644086,4.770143547263893,4.494895269500397,4.177838255164575,3.6321482489868657,3.4986143036719435,3.082601685830637,8.034222004494403,1890.2668606961151,993.5788576583395,0.09322441948784722,0.08653996149038923,MariamB,Arabic
-1.0,0.3889605402946472,-0.12989559769630432,0.14743182063102722,-0.06603667140007019,0.047643840312957764,-0.04452093318104744,0.05907720327377319,-0.0241803377866745,0.006527664139866829,-0.03028741106390953,-0.04415227100253105,-0.0448153018951416,-0.002665370935574174,-0.03881322219967842,-0.05259643495082855,-0.003493039170280099,0.0,0.17539365589618683,0.142465278506279,0.08401135355234146,0.0675838366150856,0.05625589191913605,0.058757517486810684,0.04881828650832176,0.05178610980510712,0.03666305914521217,0.04116066172719002,0.03678780794143677,0.035798974335193634,0.025994034484028816,0.038916390389204025,0.032045651227235794,0.02822204679250717,-1.6401610070104766e-09,-0.0007574005285277963,0.0015856350073590875,-0.00035235375980846584,0.00042556453263387084,-7.393543000944192e-06,7.436683517880738e-05,0.0002306510432390496,-0.0001729758077999577,-1.602125666977372e-05,-2.0225450498401187e-05,-0.00010742953600129113,-7.540061051258817e-05,-0.00011896484647877514,0.00015243135567288846,0.00011083371646236628,-0.0002719271869864315,7.887282826857245e-09,0.035648148506879807,0.030354009941220284,0.016467293724417686,0.012333914637565613,0.010706893168389797,0.01006216648966074,0.008945814333856106,0.011667500250041485,0.006377734709531069,0.009241505526006222,0.007702362723648548,0.005651426035910845,0.004952792543917894,0.007643940858542919,0.005455940496176481,0.005099595990031958,0.41028621792793274,0.3745027780532837,0.43738189339637756,0.3237248659133911,0.20542554557323456,0.20135946571826935,0.23256449401378632,0.24705715477466583,0.26840710639953613,0.338496595621109,0.24815703928470612,0.30711814761161804,0.3985143005847931,0.32151517271995544,0.3794994056224823,0.32270586490631104,0.27032434940338135,0.27332574129104614,0.27879565954208374,0.289042592048645,0.2903512716293335,0.3411184251308441,0.25844189524650574,0.2931453585624695,22.13538203587866,19.095220469423744,18.80215386904372,19.377751835759934,19.171082324280356,20.228088753501964,59.75938300239379,4.521138261844969,5.51617163771415,4.195787869121028,5.238844481201186,4.0992152045910855,3.5931023416105043,7.81975919795434,2064.925224526808,1161.3036450488848,0.11223637872409327,0.10097752225599325,MariamB,Arabic
-1.0,0.3253563642501831,-0.09917079657316208,0.039386846125125885,-0.0041132704354822636,-0.03260629624128342,-0.0286267027258873,0.05846617370843887,0.04417450726032257,0.015316649340093136,-0.005304811522364616,0.030266985297203064,-0.0055784680880606174,0.03692932054400444,0.006766719277948141,-0.007089879363775253,0.011053735390305519,0.0,0.14963027834892273,0.1522257924079895,0.051899734884500504,0.05126023292541504,0.07274650782346725,0.061743270605802536,0.052089132368564606,0.04325045645236969,0.04477265477180481,0.05115047097206116,0.03647942468523979,0.042069029062986374,0.04779309406876564,0.02839653007686138,0.05407699942588806,0.03138035535812378,-2.705564883243028e-09,-0.00178236304782331,-0.0008309706463478506,0.0006398592377081513,-0.00043671909952536225,-8.596541738370433e-05,-0.0009554828284308314,0.0004478426999412477,-0.0005040955147705972,-0.0004153929476160556,-2.8054839276592247e-05,0.0002035336656263098,-0.00036902917781844735,-0.00010807415674207732,0.0001587006845511496,5.915681413171114e-06,2.986355139000807e-05,9.986795390659609e-09,0.03365301713347435,0.03163348138332367,0.010214618407189846,0.009443216025829315,0.014792258851230145,0.009549648500978947,0.011650986969470978,0.007674763910472393,0.0074708410538733006,0.008598733693361282,0.005543848965317011,0.00759868323802948,0.009979677386581898,0.0042238798923790455,0.00973008293658495,0.005706605967134237,0.47098901867866516,0.517604649066925,0.5082688331604004,0.3415624797344208,0.334842711687088,0.3362027704715729,0.34324657917022705,0.38552406430244446,0.4167199432849884,0.42929938435554504,0.4722796082496643,0.5329979658126831,0.3238806128501892,0.31031692028045654,0.36370494961738586,0.33043038845062256,0.33020344376564026,0.32050877809524536,0.30932286381721497,0.33634886145591736,0.3443527817726135,0.33658507466316223,0.3561021685600281,0.36163729429244995,16.53655512824696,14.579602986773898,17.834192727928887,18.481142792055923,18.15037345112175,18.106726777356997,49.547296575859924,4.504208837419978,4.563223632888531,5.795192528041254,5.673782900236361,3.8399452025811858,2.3494793816581314,8.892111614774855,2329.3347636899703,662.7540444380542,0.11533036191239317,0.055150393327181406,MariamB,English
-1.0,0.25261610746383667,-0.10934597253799438,0.09610845893621445,-0.07000681757926941,-0.018933791667222977,-0.1044883206486702,-0.007838882505893707,-0.013695414178073406,-0.014025392010807991,-0.040152207016944885,0.0020981745328754187,-0.05594512075185776,-0.0013541453517973423,-0.022712765261530876,-0.04265543445944786,0.003993530757725239,0.0,0.13345132768154144,0.13215824961662292,0.07025642693042755,0.05758671090006828,0.07389923930168152,0.06739078462123871,0.04968112334609032,0.05217084288597107,0.034936126321554184,0.03342759609222412,0.031164294108748436,0.036679524928331375,0.03095610812306404,0.018151169642806053,0.024677276611328125,0.022374706342816353,-1.472330590779336e-09,0.0014361570356413722,-2.1722358724218793e-05,-0.0004719168064184487,0.00013354455586522818,-0.0006057165446691215,0.0006657474441453815,-0.00034154794411733747,2.422795478196349e-05,-0.00012124054046580568,0.0004142506222706288,0.0001415125880157575,0.00021176441805437207,0.00012842258729506284,0.00011827015259768814,0.000336438009981066,0.0001350844686385244,7.48937445393949e-09,0.02922019548714161,0.02772131934762001,0.012972884811460972,0.011311176232993603,0.015208019874989986,0.013932661153376102,0.010655810125172138,0.01045336201786995,0.007110543083399534,0.005844341591000557,0.005829744040966034,0.007197143044322729,0.006588132586330175,0.0037678692024201155,0.004892140161246061,0.003994927741587162,0.40751710534095764,0.4535315930843353,0.3262440264225006,0.19066627323627472,0.14453397691249847,0.12630364298820496,0.14052164554595947,0.283890962600708,0.2716643512248993,0.21469156444072723,0.2498185634613037,0.3359847664833069,0.34064981341362,0.3795119822025299,0.34843388199806213,0.25399795174598694,0.23295645415782928,0.21566198766231537,0.20016641914844513,0.34184446930885315,0.3016212284564972,0.2935402989387512,0.3038387596607208,0.35555148124694824,18.38106474076762,18.179828816107293,22.17902407707837,19.90062916822468,20.20162865482775,22.30775970549478,59.79879477485226,4.7755986082435316,4.719700429581642,6.057589949548851,5.528819590083779,4.71437794869847,5.540244727590974,7.536141365844842,2374.1251462288233,1319.4402924263773,0.14324582122093024,0.11355588351974369,MariamB,English
-1.0,0.2742924094200134,-0.07081925868988037,0.06917422264814377,-0.06840821355581284,0.0005615484551526606,-0.0789421871304512,0.01831081323325634,-0.018435146659612656,-0.02536914311349392,-0.02257087640464306,-0.00821614358574152,-0.03793315216898918,-0.0025288250762969255,-0.022343352437019348,-0.020818116143345833,-0.007297642529010773,0.0,0.16654463112354279,0.1189093068242073,0.0613592304289341,0.055791985243558884,0.07505616545677185,0.06747887283563614,0.051202986389398575,0.048958826810121536,0.03128991276025772,0.031813520938158035,0.023158514872193336,0.025434624403715134,0.022225582972168922,0.020123174414038658,0.023860232904553413,0.018165022134780884,-1.1595278071041548e-09,-0.0008712041308172047,0.00010767988715087995,6.631535143242218e-06,-0.00013311546354088932,-3.324380668345839e-05,-0.00014910666504874825,2.598856735858135e-05,-0.00013476067397277802,7.494545570807531e-05,2.8760250643244945e-05,-8.775412425165996e-06,4.2077510443050414e-05,0.00010561236558714882,-2.8765109163941815e-05,-2.7739548386307433e-05,-1.1873396942974068e-05,6.673583463623345e-09,0.03472605720162392,0.024469120427966118,0.011838698759675026,0.010360282845795155,0.015861978754401207,0.012526887468993664,0.00878097116947174,0.00965226162225008,0.006061898544430733,0.006196945905685425,0.004863962065428495,0.0045652808621525764,0.004289476666599512,0.0036751609295606613,0.004292636644095182,0.0031927640084177256,0.3643854260444641,0.5244064331054688,0.3519573211669922,0.1904447227716446,0.12774911522865295,0.126310795545578,0.17408941686153412,0.24443356692790985,0.29494866728782654,0.19785848259925842,0.13778933882713318,0.20277120172977448,0.352712482213974,0.383253276348114,0.3369210660457611,0.2772011160850525,0.2227470576763153,0.21775342524051666,0.2938166856765747,0.32790812849998474,0.3345121145248413,0.2738262712955475,0.19833356142044067,0.28898191452026367,18.312823219516677,19.336008554796777,22.434801776934428,21.33362135654972,19.65600119838143,21.482330386484623,57.65046687422288,4.647903390632727,4.994822088686659,6.149088897694235,6.051418836978714,4.595912616427712,4.691910323567397,9.333001019117052,2260.7551408110585,1636.3641600610872,0.14351176167582416,0.14488782408777517,MariamB,English
-1.0,0.27200189232826233,-0.06388072669506073,0.09422275424003601,-0.07086476683616638,0.0415496826171875,-0.05642037093639374,0.0059675779193639755,-0.021260665729641914,-0.00849073100835085,-0.02645307593047619,-0.022716635838150978,-0.012238425202667713,0.006440077908337116,-0.015953274443745613,-0.02454656921327114,-0.015926720574498177,0.0,0.15643343329429626,0.1000257357954979,0.059510208666324615,0.057638999074697495,0.05796625465154648,0.05935634300112724,0.04530954360961914,0.03588896617293358,0.037637755274772644,0.028751276433467865,0.02512774057686329,0.023037122562527657,0.02437097392976284,0.019336627796292305,0.02205563895404339,0.01885266602039337,-1.1345916428595615e-09,0.0003121248446404934,0.0002373055904172361,-8.980893471743912e-05,0.00015668771811760962,-0.0002622176834847778,4.48038917966187e-06,-0.0001778176665538922,-5.1657771109603345e-05,-4.000486296718009e-05,3.020709118572995e-05,-9.558989404467866e-05,-6.932328687980771e-05,-7.332319364650175e-05,-2.6878889912040904e-05,-1.7232645404874347e-05,1.1943397112190723e-05,6.603576796493371e-09,0.03608556464314461,0.021171344444155693,0.0127739692106843,0.010720266960561275,0.012150305323302746,0.011951078660786152,0.010457982309162617,0.007219829596579075,0.007452208083122969,0.0056705474853515625,0.004887309856712818,0.004545020405203104,0.0041081784293055534,0.003284452948719263,0.004551497753709555,0.0034320433624088764,0.36072590947151184,0.2666652202606201,0.17723016440868378,0.14805138111114502,0.1784023642539978,0.20790225267410278,0.2247464805841446,0.22371621429920197,0.2693534791469574,0.36713963747024536,0.5072214603424072,0.5195122957229614,0.32815778255462646,0.33220013976097107,0.21905313432216644,0.20140978693962097,0.2604573369026184,0.28604987263679504,0.29615017771720886,0.3022024631500244,0.31558531522750854,0.3463018834590912,0.36387157440185547,0.37308064103126526,19.089703350511765,18.501585746106322,20.09419288031618,17.6699946453821,18.862594888811994,19.578311544150264,58.71215149126575,4.192351286019041,5.896244668193391,5.594644685635669,4.222916029310935,4.271014824145793,4.328534201179154,8.750310275091108,2177.0564496616385,1463.438407528296,0.1263650873655914,0.1279693706620111,MariamB,English
-1.0,0.29900652170181274,-0.09653830528259277,0.08593953400850296,-0.07229726016521454,0.01200066227465868,-0.050905924290418625,-0.010375426150858402,-0.037878092378377914,-0.02192377671599388,-0.03241262957453728,-0.01914953626692295,-0.019460171461105347,-0.006233789958059788,-0.026680270209908485,-0.03088308684527874,-0.015428829938173294,0.0,0.14458203315734863,0.1033172607421875,0.07559125870466232,0.05418970063328743,0.05296553298830986,0.0482284240424633,0.04034968838095665,0.037615466862916946,0.03520787134766579,0.026073016226291656,0.02423439547419548,0.030153071507811546,0.019692644476890564,0.01868705078959465,0.02023693546652794,0.01739984005689621,-1.126516324667648e-09,-0.00012283766409382224,0.00020230741938576102,-0.00026916887145489454,0.00016822371981106699,0.00013398431474342942,-8.093755604932085e-05,-6.223780019354308e-06,0.00010091882722917944,-2.6108491510967724e-05,-7.822629413567483e-05,-0.00014217586431186646,-1.0314772225683555e-05,4.238366273057181e-06,2.6340148906456307e-05,2.2582291421713307e-05,-7.490599091397598e-05,6.580726630289746e-09,0.028506740927696228,0.02054973691701889,0.013967018574476242,0.011909518390893936,0.009677414782345295,0.009277827106416225,0.00761170731857419,0.006797955371439457,0.006675034761428833,0.004878767766058445,0.004687144421041012,0.0065124924294650555,0.0038351931143552065,0.0036377471406012774,0.004150039050728083,0.002887633629143238,0.435759037733078,0.21391995251178741,0.16538625955581665,0.20849910378456116,0.2159014493227005,0.23565872013568878,0.26996180415153503,0.21122421324253082,0.23759371042251587,0.3018779456615448,0.46585115790367126,0.5803762674331665,0.36805158853530884,0.2634114623069763,0.2391761988401413,0.28212693333625793,0.2920006811618805,0.3090585768222809,0.3209891617298126,0.25726062059402466,0.3144092559814453,0.2913546860218048,0.3446345925331116,0.34302738308906555,19.957668496615238,18.77312212884377,19.71718197702372,17.38134515536739,19.146646253989545,20.3402478084821,57.55862919196925,5.105992108969358,5.596810181895977,5.881573795142319,3.9726178569685153,4.3651685893207866,4.978652736824656,7.844570135033086,1938.331784982198,1198.7554989745074,0.1108328931272242,0.10167071977587643,MariamB,English
-1.0,0.30577191710472107,-0.08685582131147385,0.08026530593633652,-0.06727410107851028,0.029606929048895836,-0.07647334039211273,-0.0020700388122349977,-0.0311251413077116,-0.03010169230401516,-0.02105027437210083,-0.02274176850914955,-0.021403010934591293,0.0068982429802417755,-0.0226527638733387,-0.028292441740632057,-0.01137786079198122,0.0,0.11993257701396942,0.0815555676817894,0.06571488827466965,0.04654164984822273,0.05308805778622627,0.05420475825667381,0.034366246312856674,0.03006920777261257,0.03731897100806236,0.028088657185435295,0.020425457507371902,0.022722113877534866,0.024812838062644005,0.021810302510857582,0.019108159467577934,0.015517421998083591,-1.2662043635813802e-09,-0.00011452374019427225,-9.28357258089818e-06,2.4821310944389552e-05,0.000189488913747482,-0.000128789251903072,7.227006426546723e-05,1.1603578968788497e-05,-9.216320177074522e-05,-8.324098598677665e-05,3.58878678525798e-05,-0.00013287390174809843,-0.00018759077647700906,-9.528839655104093e-06,-7.5655581895262e-05,-3.879955329466611e-05,6.198584014782682e-05,6.9641226119188104e-09,0.02699788473546505,0.018588388338685036,0.013535958714783192,0.008484712801873684,0.010402518324553967,0.01043524220585823,0.00749529805034399,0.005229896865785122,0.0064377570524811745,0.0050523243844509125,0.003401603316888213,0.004263625480234623,0.004482980351895094,0.0040779416449368,0.0038601348642259836,0.0030233580619096756,0.37782660126686096,0.2187625616788864,0.13859733939170837,0.14262157678604126,0.15596534311771393,0.19734898209571838,0.21126773953437805,0.1548580676317215,0.19477225840091705,0.3279833495616913,0.5214599967002869,0.5909600257873535,0.3434849977493286,0.3038419485092163,0.1956583559513092,0.21508967876434326,0.24010629951953888,0.2652381658554077,0.2819375991821289,0.22548803687095642,0.26132699847221375,0.3087480962276459,0.3359374701976776,0.3636794686317444,19.02690103317309,18.89885659403385,20.299449488309346,17.692424808311095,19.197383287612006,19.302540809373482,57.513061567954175,4.401433980367973,5.663655105696622,5.522353287872338,4.249446437269992,3.8208111683880537,3.6164261710367516,7.442299115148469,1843.9365045295913,1136.916591282951,0.09891796875,0.09858987663870346,MariamB,English
-1.0,0.2734033465385437,-0.0997917652130127,0.07681089639663696,-0.055946506559848785,0.01653331145644188,-0.056449275463819504,0.0008492373744957149,-0.040061261504888535,-0.029325295239686966,-0.031183967366814613,-0.02945985272526741,-0.02018710784614086,-0.0005182630848139524,-0.02814309112727642,-0.03244731202721596,-0.012273051775991917,0.0,0.14464089274406433,0.10387492179870605,0.06785006821155548,0.055549174547195435,0.05534002184867859,0.055025551468133926,0.042097270488739014,0.03192492201924324,0.03300855681300163,0.02509157918393612,0.022702107205986977,0.02516857162117958,0.02547871321439743,0.022019771859049797,0.02327686920762062,0.02039521373808384,-9.28302268388137e-10,-0.0005854751216247678,0.0002526216267142445,-0.0005883552366867661,0.0002368685236433521,0.0003713424375746399,2.7603877242654562e-05,6.56985430396162e-05,0.00013709490303881466,0.00028441924951039255,-0.00010812310938490555,-6.001867222948931e-05,0.0001167558875749819,-0.00016883961507119238,4.5174880369813764e-07,-7.843795174267143e-06,5.6628291531524155e-06,5.989168716524773e-09,0.03181581571698189,0.021220238879323006,0.012357550673186779,0.010820646770298481,0.011805125512182713,0.009889760054647923,0.008151031099259853,0.006186180282384157,0.006055906880646944,0.0048011792823672295,0.004243546165525913,0.005240973085165024,0.005146147217601538,0.00453008059412241,0.0041147577576339245,0.003769539063796401,0.3555993139743805,0.2826225757598877,0.22277796268463135,0.20051628351211548,0.19825391471385956,0.2242734581232071,0.24743178486824036,0.256176620721817,0.2774893343448639,0.3511975109577179,0.5277824997901917,0.4955906271934509,0.3370143473148346,0.33229607343673706,0.2596416771411896,0.2509535253047943,0.26740315556526184,0.2835703492164612,0.3028206527233124,0.3098530173301697,0.3114370107650757,0.31764936447143555,0.37802547216415405,0.3458285629749298,19.607733957280075,18.424903049447018,19.480447945014387,17.541522047516533,18.98194547853321,19.709500682920947,59.15131280422653,4.293025944033212,5.753986082880843,5.7365765863734905,4.676091176516908,3.986771281376775,4.209753024063477,7.362642727717777,2146.694767081206,1215.0452369273337,0.13052001237170088,0.10557925504244194,MariamB,English
-1.0,0.27846166491508484,-0.08492546528577805,0.09316518157720566,-0.06149444356560707,0.010587253607809544,-0.05421274155378342,-0.009789278730750084,-0.03510221838951111,-0.029982278123497963,-0.02932477369904518,-0.027995236217975616,-0.01845257729291916,-0.003492070594802499,-0.023620007559657097,-0.030757049098610878,-0.0066261994652450085,0.0,0.13678117096424103,0.09413877129554749,0.07352904230356216,0.0565657764673233,0.05247986689209938,0.047147464007139206,0.0355302095413208,0.03600091487169266,0.033535320311784744,0.025576598942279816,0.02377009205520153,0.02286520227789879,0.024901362136006355,0.022190667688846588,0.019030822440981865,0.022541610524058342,-7.465827400743308e-10,-0.0002826573036145419,0.0001543425751151517,9.868295455817133e-05,0.00023539831454399973,-1.2340217836026568e-05,5.990179033688037e-06,1.3871012924937531e-05,5.432081161416136e-05,5.0393584388075396e-05,6.990459223743528e-05,3.552914859028533e-05,-9.733199476613663e-06,7.882968930061907e-06,7.002069651207421e-06,3.0627765227109194e-05,4.314546094974503e-05,5.383684609228112e-09,0.026444630697369576,0.018327776342630386,0.014525503851473331,0.010805903002619743,0.009923147037625313,0.008421618491411209,0.006611998192965984,0.005977936554700136,0.005499439314007759,0.004114889074116945,0.004569572862237692,0.0042092096991837025,0.004596203099936247,0.004207137506455183,0.0033291191793978214,0.003919152542948723,0.42203742265701294,0.24502085149288177,0.20912589132785797,0.19524820148944855,0.19510120153427124,0.1983250379562378,0.20554037392139435,0.24365435540676117,0.29403072595596313,0.3554367423057556,0.52972412109375,0.579237699508667,0.36303848028182983,0.2775231897830963,0.2647899389266968,0.2587360441684723,0.263175904750824,0.24968616664409637,0.25737449526786804,0.3022902309894562,0.3309363126754761,0.303857684135437,0.3503675162792206,0.3380141854286194,20.328555837787412,17.967767219246063,19.358452478827317,16.863340354766017,18.296627443477114,19.97834627408699,58.83192684997643,5.153418673455491,5.731901732001174,5.3837878617386625,4.403901740217398,3.6960167317612296,4.318936990814426,7.17438465470806,2035.6969034934405,1146.8594651977062,0.12130564563679246,0.10800437009623076,MariamB,English
-1.0,0.30406373739242554,-0.10843784362077713,0.0705796554684639,-0.05268949270248413,0.019089244306087494,-0.06326766312122345,-0.011677621863782406,-0.027045810595154762,-0.03005111776292324,-0.03542735427618027,-0.0064295195043087006,-0.02353079244494438,-0.00949808768928051,-0.017050080001354218,-0.022589847445487976,-0.01345712412148714,0.0,0.1240072101354599,0.09433531016111374,0.058746278285980225,0.03960037976503372,0.04082189127802849,0.04689573869109154,0.0466829314827919,0.04370713606476784,0.03997556492686272,0.026779167354106903,0.031377799808979034,0.021848883479833603,0.027088772505521774,0.02310258336365223,0.02136727049946785,0.01728132739663124,-1.930189563736917e-09,-0.0008598326239734888,0.0003514698182698339,-0.00024813253548927605,0.00028184018447063863,-0.00029880288639105856,-8.549668564228341e-05,-0.00012667643022723496,-0.00024455843959003687,-0.00015677338524255902,-0.0002231609250884503,-0.00013672822387889028,0.00024472936638630927,-1.7881870007840917e-05,3.277818177593872e-05,0.0001253127702511847,5.89495939493645e-05,8.523486805245284e-09,0.025707151740789413,0.018504006788134575,0.010373358614742756,0.007066165562719107,0.008104866370558739,0.0069189113564789295,0.007375843822956085,0.00912262499332428,0.006877249572426081,0.005400680471211672,0.006011441815644503,0.004581136163324118,0.004970856010913849,0.005008844658732414,0.003949877806007862,0.0029803344514220953,0.4230385720729828,0.3277179002761841,0.29674312472343445,0.2650998830795288,0.26867377758026123,0.2907235622406006,0.2517733573913574,0.290595144033432,0.30103638768196106,0.38751840591430664,0.5478515028953552,0.5111114978790283,0.3667547106742859,0.3277290165424347,0.30458977818489075,0.30342698097229004,0.3023642599582672,0.3017467260360718,0.2917925715446472,0.34821903705596924,0.34579893946647644,0.3571813702583313,0.3608902394771576,0.33426719903945923,19.969185830765365,19.094308721452997,19.734020513595645,17.135092247902378,19.581674219272998,19.70713811452623,57.067339274047036,4.770394343556619,6.514446478571608,6.084862036058017,4.596242905531878,4.273522330726225,4.423020355079033,8.483675097639495,1863.148526500546,995.3799333116807,0.10601955506859756,0.08994658935282115,MariamB,English
-1.0,0.29856356978416443,-0.06088633090257645,0.07486534118652344,-0.06284631788730621,0.009376931004226208,-0.056776262819767,0.031340476125478745,-0.02867903932929039,-0.013935966417193413,-0.010847678408026695,-0.03070644661784172,-0.023021172732114792,-0.008786696940660477,-0.021973423659801483,-0.03611224144697189,-0.002334793098270893,0.0,0.135460764169693,0.06544975191354752,0.05921981856226921,0.04465150088071823,0.05340324342250824,0.0539674274623394,0.03721858561038971,0.028687261044979095,0.028761330991983414,0.03182448074221611,0.024239642545580864,0.025130199268460274,0.02329307422041893,0.02262490801513195,0.01884526200592518,0.014565328136086464,-2.5946806925247756e-09,0.00022005000209901482,-0.00019424478523433208,-0.00032441335497424006,-1.4530158978232066e-06,-0.00042970466893166304,-0.00019015750149264932,-1.5501620509894565e-05,0.00011091203487012535,-0.0003445148468017578,3.788818867178634e-05,-0.0003761782427318394,4.0941053157439455e-05,8.929688920034096e-05,0.00013511371798813343,2.410529305052478e-05,-0.00019968092965427786,9.794704602938964e-09,0.021061619743704796,0.014710034243762493,0.011478139087557793,0.009195002727210522,0.008718815632164478,0.010401375591754913,0.006392882205545902,0.004619918297976255,0.0051779113709926605,0.0062119136564433575,0.004129278007894754,0.004547587130218744,0.0042194463312625885,0.004385109059512615,0.0035081091336905956,0.0028856294229626656,0.33723676204681396,0.5187638401985168,0.44947242736816406,0.24685214459896088,0.19840337336063385,0.24234944581985474,0.3240394592285156,0.3112652599811554,0.3053736686706543,0.28036680817604065,0.30732613801956177,0.29857760667800903,0.29628676176071167,0.38165605068206787,0.34054574370384216,0.27233630418777466,0.2456170618534088,0.2913268506526947,0.35848844051361084,0.35438165068626404,0.3472881019115448,0.2781777083873749,0.33978766202926636,0.3102101683616638,19.5883582019863,19.532709087319592,19.07978409705611,19.377595006149388,18.863960272965976,19.091467777153152,58.11549931579608,4.393027841548299,6.086593739267342,5.744041099427725,4.635540124000975,3.772126738725919,3.654657298633215,8.42755605112936,1852.9075517271156,1187.8973260812547,0.09604732325819672,0.09856303850680317,MariamB,English
-1.0,0.22894923388957977,-0.07416176050901413,0.06925155222415924,-0.06872215121984482,0.04210280627012253,-0.0752236545085907,0.025903603062033653,-0.027384106069803238,-0.011664802208542824,-0.027549272403120995,-0.01215946301817894,-0.01775333471596241,-0.005514225456863642,-0.011419747956097126,-0.029951203614473343,1.0656863196345512e-05,0.0,0.12630003690719604,0.06961937993764877,0.05747023969888687,0.052068088203668594,0.05080179497599602,0.05291133373975754,0.02933104895055294,0.0306426789611578,0.02559627778828144,0.03009916841983795,0.022245053201913834,0.016693636775016785,0.01863344945013523,0.01676451414823532,0.016244912520051003,0.013717468827962875,-2.110340568961533e-09,0.0004944870597682893,0.0006344527355395257,6.95391499903053e-05,0.00028959044720977545,-0.00025669371825642884,0.00021004537120461464,-0.00021322483371477574,-0.00016627690638415515,-0.00021714653121307492,-4.690383866545744e-05,-0.0002906471199821681,-8.168302156263962e-05,0.00011076540977228433,-2.0640442016883753e-05,-9.337048686575145e-05,-7.722314330749214e-05,8.891022140744553e-09,0.028607578948140144,0.01453651487827301,0.009074144996702671,0.009705731645226479,0.00959282461553812,0.009895293042063713,0.005974116735160351,0.006012769881635904,0.0050768475048244,0.005853741429746151,0.00448854174464941,0.0031717366073280573,0.0036763246171176434,0.002848547650501132,0.0027704196982085705,0.002570599317550659,0.5024468898773193,0.3758852183818817,0.34607720375061035,0.2847738564014435,0.2562723159790039,0.2734171748161316,0.3105040490627289,0.41870221495628357,0.4889158606529236,0.4613214135169983,0.47310250997543335,0.583788275718689,0.3302967846393585,0.2962470054626465,0.324654221534729,0.27714577317237854,0.2521924674510956,0.2260449379682541,0.2534993290901184,0.3486703932285309,0.37646469473838806,0.2899799048900604,0.3197847306728363,0.3308199942111969,21.526945290231875,15.624033456223623,17.794430193949864,16.255729987592833,17.955045057116944,17.011682639692644,61.09162714858718,5.464809779870441,5.2086254790195845,5.845844961744961,4.443788817990486,4.070557987198395,3.307746945914463,9.121332599618732,2405.281460643904,1112.6501553425687,0.14511393229166666,0.09376720180229942,MariamB,English
-1.0,0.2797497808933258,-0.08432778716087341,0.076847605407238,-0.0374070480465889,0.010118975304067135,-0.04409169778227806,-0.009229113347828388,-0.023708811029791832,-0.011092262342572212,-0.013862508349120617,0.009607093408703804,-0.03797795623540878,-9.108655649470165e-05,-0.01012926921248436,-0.03246578201651573,-0.0002931284543592483,0.0,0.150782972574234,0.11229506134986877,0.08251556009054184,0.059211935847997665,0.055140718817710876,0.05612220615148544,0.049104489386081696,0.04187062010169029,0.04070703312754631,0.035424958914518356,0.03003660775721073,0.0382256917655468,0.030138632282614708,0.023095522075891495,0.03680003434419632,0.020539259538054466,-1.1552958589788886e-09,-0.0002735685557126999,-0.00011253204866079614,8.123533916659653e-05,9.783892892301083e-05,0.0002572170924395323,0.0001058921916410327,0.00013451522681862116,6.648985436186194e-05,2.93307748506777e-05,-1.441087806597352e-05,-0.00014974712394177914,-8.353927842108533e-05,-4.3836702388944104e-05,8.730496119824238e-06,-0.0001946185511769727,-2.5877267034957185e-05,6.6617609206787165e-09,0.027991537004709244,0.022635390982031822,0.015819737687706947,0.011196392588317394,0.011024335399270058,0.00856318511068821,0.00955251231789589,0.006791810505092144,0.007348236162215471,0.005664546508342028,0.005375781562179327,0.006567683070898056,0.00510984705761075,0.0036459823604673147,0.0048742350190877914,0.0036923764273524284,0.4928607940673828,0.3037321865558624,0.21115487813949585,0.2062317579984665,0.20887191593647003,0.21991066634655,0.3046312928199768,0.3336355686187744,0.3060356676578522,0.34176206588745117,0.47664713859558105,0.5508240461349487,0.3510495722293854,0.29337039589881897,0.2636895179748535,0.26616448163986206,0.25829923152923584,0.25603926181793213,0.325799822807312,0.3291989266872406,0.3271562457084656,0.31807786226272583,0.36794793605804443,0.3522387742996216,18.344808931580978,18.238721798736016,19.678368433476695,17.215088810133153,19.18196285252445,20.602300629737456,55.27486821351048,4.304249460931608,6.215302023044387,6.0991739795603,4.242892828063288,4.4108009035850495,5.4003781927368975,8.414797891592906,2208.185036705257,1207.1828343662849,0.11388001824817519,0.09475586058900286,MariamB,English
-1.0,0.27855414152145386,-0.0688721239566803,0.09728754311800003,-0.065519779920578,0.02403441071510315,-0.06746942549943924,0.012357775121927261,-0.02558979205787182,-0.023930875584483147,-0.027990134432911873,-0.022141091525554657,-0.016385216265916824,0.002400362631306052,-0.01588824950158596,-0.03162344545125961,-0.004009157419204712,0.0,0.10989710688591003,0.08572294563055038,0.07034631073474884,0.05104043707251549,0.04462241753935814,0.049972064793109894,0.03665962815284729,0.0283119548112154,0.02897609770298004,0.025341683998703957,0.020979471504688263,0.022258833050727844,0.027667291462421417,0.016901729628443718,0.018298787996172905,0.016439933329820633,-1.7985857247992953e-09,-0.0001915513857966289,0.0004938794882036746,-0.00012588371464516968,0.00019651948241516948,-0.00032047092099674046,-0.00015651917783543468,-0.00024250420392490923,-0.00010766470222733915,-1.821546356950421e-05,-0.0001711182703729719,-9.816353849601e-05,4.057952537550591e-06,-0.00020751864940393716,-0.00019023841014131904,-3.469959847279824e-05,-1.3909578228776809e-05,8.24215540262685e-09,0.02110341191291809,0.01673942618072033,0.012656711973249912,0.00993813294917345,0.00715319998562336,0.008161144331097603,0.006985906977206469,0.005168689414858818,0.0052539752796292305,0.004348542541265488,0.004396252799779177,0.0047518168576061726,0.005384933203458786,0.0028832696843892336,0.0030578263103961945,0.0034160891082137823,0.3978237807750702,0.21728406846523285,0.2125021517276764,0.19178800284862518,0.13614560663700104,0.15017667412757874,0.24013496935367584,0.34953755140304565,0.3851642608642578,0.3888998329639435,0.5179718732833862,0.6572673916816711,0.30892428755760193,0.26030147075653076,0.27454107999801636,0.24514631927013397,0.17966942489147186,0.21481284499168396,0.26823678612709045,0.34236496686935425,0.38723766803741455,0.3456611931324005,0.3313201069831848,0.33965760469436646,20.611812390980937,18.143212115614958,19.148147679462994,17.5764826606878,18.8041205992398,18.376013663869234,58.76362913461866,5.155329891845931,5.632745995328998,5.946508440386888,4.714534459013444,4.321883414966277,4.406525915879119,8.216747982393192,1988.1949333408827,1200.514795937512,0.11167214133522728,0.11695203902106814,MariamB,English
-1.0,0.16552911698818207,-0.059127770364284515,0.0985252857208252,-0.06093231588602066,0.030951041728258133,-0.05982927605509758,0.0208856463432312,-0.03912430629134178,-0.0037859587464481592,-0.034238193184137344,-0.006767422426491976,-0.013629569672048092,0.004297579172998667,-0.014333195053040981,-0.01921343244612217,-0.0017123505240306258,0.0,0.16160187125205994,0.08880098909139633,0.07829803973436356,0.062445756047964096,0.05278787016868591,0.04858545958995819,0.037896160036325455,0.03560000658035278,0.031535472720861435,0.033973999321460724,0.026752637699246407,0.02191903255879879,0.03110279142856598,0.019800666719675064,0.02294224314391613,0.01815621368587017,-2.0034878200902995e-09,-0.0006492127431556582,0.000397827330743894,0.00028022416518069804,0.00023690912348683923,3.633523374446668e-05,0.00010464859224157408,0.00015299602819141,0.00023797473113518208,0.00021234276937320828,0.00025635279598645866,0.00011442347022239119,0.00011156783148180693,-6.067090362193994e-05,-9.520883031655103e-05,-2.023176239163149e-05,5.248956586001441e-05,8.675356433229808e-09,0.031356919556856155,0.018278928473591805,0.015828123316168785,0.012752153910696507,0.009601614437997341,0.007640903815627098,0.006379819940775633,0.005411531776189804,0.0063812038861215115,0.005672904662787914,0.005015670321881771,0.003809603163972497,0.005938272923231125,0.0033101532608270645,0.0037107602693140507,0.0033405006397515535,0.42810526490211487,0.3363114893436432,0.29451948404312134,0.28004488348960876,0.2575673758983612,0.25436824560165405,0.3335879445075989,0.4726064205169678,0.4930809736251831,0.5233549475669861,0.47889015078544617,0.5423262119293213,0.33908116817474365,0.31667560338974,0.3000941574573517,0.2986282706260681,0.2919436991214752,0.2776658535003662,0.27817803621292114,0.36061736941337585,0.3614564538002014,0.3528580963611603,0.2846743166446686,0.36805206537246704,20.53444316177742,17.012620427905336,18.16579849401982,15.848938340661428,17.565961350148033,19.21344769889763,62.170072452379024,5.136190020623538,5.791539827428743,6.3743246442670065,3.8759180220718066,3.3829636503270106,4.947169888879739,8.682688445010823,2938.568524989784,1523.300207855786,0.20458675336234178,0.16343412726977447,MariamB,English
-1.0,0.26623407006263733,-0.09213162958621979,0.09153296053409576,-0.0624624602496624,0.02622094377875328,-0.055330146104097366,-0.010625327005982399,-0.03300704061985016,-0.011404463090002537,-0.02744687721133232,-0.010570441372692585,-0.022374000400304794,-0.009243055246770382,-0.02284979447722435,-0.03696473687887192,-0.010538858361542225,0.0,0.1285753846168518,0.09334653615951538,0.07082311064004898,0.048306770622730255,0.04995230585336685,0.056265298277139664,0.04727891460061073,0.032903775572776794,0.034110091626644135,0.030185945332050323,0.019391244277358055,0.02313891425728798,0.024155162274837494,0.020451610907912254,0.02055232971906662,0.01658584177494049,-1.978444297279225e-09,-0.000663723680190742,0.00047304085455834866,0.00015996261208783835,0.00024319757358171046,-3.603752702474594e-06,-0.00013042427599430084,-0.00015370475011877716,-0.00014355496386997402,-8.251036342699081e-05,-7.393176201730967e-05,-4.516333501669578e-05,0.00014122291759122163,9.618642798159271e-05,-0.0001450244599254802,-0.0001787297078408301,8.325412636622787e-05,8.623838532173522e-09,0.02925260365009308,0.019073329865932465,0.014574018307030201,0.008910611271858215,0.010217245668172836,0.00963941216468811,0.00991114228963852,0.0067129856906831264,0.006756561808288097,0.006451293360441923,0.0039497604593634605,0.004363021347671747,0.004784337244927883,0.003578081028535962,0.004082747269421816,0.0032506652642041445,0.4998263418674469,0.2836030125617981,0.19993117451667786,0.1748947650194168,0.19940176606178284,0.22544415295124054,0.270148903131485,0.28301605582237244,0.35981661081314087,0.4182435870170593,0.4922974705696106,0.5640925765037537,0.3824771046638489,0.30601099133491516,0.2599092423915863,0.2408754527568817,0.2696833312511444,0.25112876296043396,0.30149945616722107,0.3200802206993103,0.3716694712638855,0.3828383684158325,0.3548514246940613,0.3350580930709839,19.75742473213855,19.10866407463984,19.848303839048594,16.769880423248217,19.467867648083875,20.19913021255399,58.017183868592134,4.314143584539187,5.520667652240601,5.9227767624804155,4.0409806535697825,4.345504854400702,5.088505594998236,8.473897781470368,2126.7271719909822,1280.5278057553346,0.1253387451171875,0.12232051990410073,MariamB,English
-1.0,0.2757413983345032,-0.0845329761505127,0.08206356316804886,-0.03792204707860947,0.005428961478173733,-0.05244448408484459,0.020345063880085945,-0.029451997950673103,-0.017580842599272728,-0.01808381825685501,-0.0018720199586823583,-0.020753176882863045,-0.007471003104001284,-0.021767234429717064,-0.021123940125107765,0.00025435537099838257,0.0,0.1273030936717987,0.0733281746506691,0.06128625199198723,0.045148905366659164,0.048009566962718964,0.0400979146361351,0.031196564435958862,0.03639911487698555,0.027968913316726685,0.025370556861162186,0.021998750045895576,0.023190496489405632,0.02050485834479332,0.024532955139875412,0.019328374415636063,0.015260361135005951,-1.7203862778814027e-09,-0.0007649832405149937,9.735835919855163e-05,0.0001368443190585822,0.00032654163078404963,0.00014462560648098588,0.00010184848360950127,2.7290463549434207e-05,0.0001053642263286747,4.494570748647675e-05,6.908196519361809e-05,7.365467899944633e-05,-6.022802335792221e-05,-5.8493333199294284e-05,1.0873413884837646e-05,-5.422317917691544e-05,-0.0001259531854884699,8.069326540294242e-09,0.021224502474069595,0.015575571916997433,0.012290683574974537,0.008917449042201042,0.008174383081495762,0.006927615497261286,0.00603377353399992,0.005622650496661663,0.0052672685123980045,0.004681574180722237,0.0038726311177015305,0.0044330148957669735,0.004451768938452005,0.0040810988284647465,0.002963117090985179,0.0030482658185064793,0.4479984641075134,0.4382917582988739,0.3564669191837311,0.24624109268188477,0.2127215415239334,0.18513180315494537,0.20001819729804993,0.23939312994480133,0.28540757298469543,0.39077988266944885,0.3732835054397583,0.4355964660644531,0.3504706025123596,0.35063210129737854,0.3567924201488495,0.2896263301372528,0.24903765320777893,0.2392963320016861,0.2615740895271301,0.30539223551750183,0.3317108154296875,0.4026540219783783,0.32260388135910034,0.3927134871482849,20.30661875637691,18.685975092763623,20.138319579769703,16.905450044405637,19.386322023153976,19.798755208457624,58.2324939819907,4.770322799115726,5.188826838653615,6.3629470643527455,4.271292321118817,3.9129456093471062,4.996975862242247,7.4012530245902575,1936.8115218498676,995.5206662530036,0.10755456012228261,0.0902838674311333,MariamB,English
-1.0,0.302814781665802,-0.06421876698732376,0.05485434830188751,-0.021000534296035767,0.007818702608346939,-0.044484879821538925,-0.0037886379286646843,-0.008093122392892838,-0.011802807450294495,-0.012785852886736393,-0.0033864183351397514,-0.027075083926320076,-0.006986526772379875,-0.005005307029932737,-0.029329197481274605,-0.0075602722354233265,0.0,0.09479053318500519,0.08959849178791046,0.047305963933467865,0.037796396762132645,0.04068044573068619,0.03947927802801132,0.04051300510764122,0.02439633198082447,0.024422965943813324,0.020793505012989044,0.021877039223909378,0.03084614686667919,0.0214556697756052,0.016948185861110687,0.021157629787921906,0.019404258579015732,-1.7985857247992953e-09,-0.0005537894321605563,0.00040453291148878634,7.84793373895809e-05,0.00015285174595192075,-0.0001992559846257791,9.733622573548928e-05,-0.00015136407455429435,-2.7135035907122074e-06,-0.00014688757073599845,-0.0001114131446229294,-4.961791273672134e-05,0.00025299040134996176,-0.00012040690489811823,-8.408899157075211e-05,0.00015713050379417837,-0.00022452371194958687,8.24215540262685e-09,0.01853853464126587,0.01824294403195381,0.008192827925086021,0.008050946518778801,0.007714020553976297,0.006677336525171995,0.00575591204687953,0.004911242984235287,0.00479166628792882,0.004077625460922718,0.0038275597617030144,0.0063363113440573215,0.0038903835229575634,0.0031577409245073795,0.004472739528864622,0.003947326447814703,0.3700251281261444,0.2768803834915161,0.22803135216236115,0.21301759779453278,0.20600976049900055,0.22777533531188965,0.2678704261779785,0.35220786929130554,0.48985975980758667,0.5418816208839417,0.46659567952156067,0.48630329966545105,0.3503122627735138,0.3115781247615814,0.2662912607192993,0.24114152789115906,0.20339131355285645,0.24302569031715393,0.25515633821487427,0.3407197892665863,0.3988844156265259,0.36782845854759216,0.3022003471851349,0.36161765456199646,20.405354723282922,18.176157424874237,19.570874009162655,16.707221802188883,18.809029500559912,18.352324297254576,57.797035724914075,4.70869521663449,5.219654195854117,6.06195894456723,4.16829612491197,4.380227213240242,4.304869181474016,7.224477378373638,1614.1600844937122,647.1963104361776,0.07522305575284091,0.05115384919149801,MariamB,English
-1.0,0.35342904925346375,-0.1246841624379158,0.07112792879343033,-0.07548139989376068,0.030190255492925644,-0.058729372918605804,0.0004922663792967796,-0.015253359451889992,-0.02183772437274456,-0.008333247154951096,-0.0012243071105331182,-0.036450233310461044,-0.01594660058617592,-0.00958773959428072,-0.04049111157655716,-0.0032955706119537354,0.0,0.1331983506679535,0.10976704955101013,0.05839027464389801,0.05893286317586899,0.04752326011657715,0.05074227228760719,0.03805243968963623,0.036451056599617004,0.03156483173370361,0.03194882348179817,0.02490180917084217,0.027538685128092766,0.024817800149321556,0.018843427300453186,0.022506535053253174,0.01631222851574421,-1.23652765804394e-09,-8.705828804522753e-06,0.0002246572112198919,3.841406578430906e-05,4.9339476390741765e-05,-3.8527476135641336e-05,-0.00018083419126924127,-2.13424937101081e-05,-0.00013584154658019543,-7.573953189421445e-05,-0.00010311534424545243,-0.0001784930209396407,2.7861580747412518e-05,-1.1291755072306842e-05,-1.2710705050267279e-05,-5.051455809734762e-05,-1.4495162758976221e-05,6.884694592201868e-09,0.027335651218891144,0.022944601252675056,0.011381588876247406,0.011173821054399014,0.008342687971889973,0.008929137140512466,0.007310759276151657,0.007544282358139753,0.006021806038916111,0.00632655480876565,0.00456702895462513,0.005757125560194254,0.004845460876822472,0.003302869154140353,0.004681084305047989,0.0029383639339357615,0.6674453616142273,0.3955748379230499,0.2016739696264267,0.20671230554580688,0.26773500442504883,0.24552416801452637,0.3373817801475525,0.44555673003196716,0.2849865257740021,0.225418820977211,0.2954116463661194,0.49169018864631653,0.3051110804080963,0.3019140064716339,0.23262207210063934,0.21910929679870605,0.27063995599746704,0.29135578870773315,0.32340142130851746,0.3516910970211029,0.30610331892967224,0.28640249371528625,0.2912842035293579,0.33616262674331665,19.977651626171138,16.899234774247958,18.691869985650925,17.44889934940958,18.389550818840974,19.909438914483502,56.683277068550616,4.5071954335133215,5.203946972199263,5.370756691024406,4.262904989284602,3.4583329931855786,4.542125277140091,7.751706901515213,1777.3224791110815,927.8560034707667,0.09710884094238281,0.07547641358657094,MariamB,English
-1.0,0.27210476994514465,-0.0896243080496788,0.06642959266901016,-0.052381426095962524,0.029214125126600266,-0.04114558920264244,-0.005461977329105139,-0.0461321584880352,-0.013384094461798668,-0.01300124917179346,0.018288178369402885,-0.02661898173391819,8.949542825575918e-05,-0.029173433780670166,-0.041649188846349716,-0.0023042582906782627,0.0,0.16433922946453094,0.13483422994613647,0.060711394995450974,0.06787760555744171,0.06756805628538132,0.06417223811149597,0.055953700095415115,0.052671048790216446,0.03548663109540939,0.04129285737872124,0.03391764312982559,0.04262436553835869,0.03563106805086136,0.030268274247646332,0.03943302109837532,0.02447459287941456,-1.1185550263803634e-09,-0.0007088457350619137,3.720788299688138e-05,-2.5019127861014567e-05,-0.00022320915013551712,8.450661698589101e-05,-0.00025480269687250257,7.122839451767504e-05,-0.00027814882923848927,-3.4230219171149656e-05,-6.0134865634609014e-05,7.213032949948683e-05,-6.8541394284693524e-06,-6.11334980931133e-05,-2.1386536900536157e-05,-0.0001269966014660895,1.8070541045744903e-05,6.558110499099712e-09,0.03263184428215027,0.02755182981491089,0.01212456077337265,0.011543789878487587,0.012731392867863178,0.010304583236575127,0.010307718999683857,0.008211640641093254,0.006765224039554596,0.006017379462718964,0.0064308978617191315,0.007287968415766954,0.006346939597278833,0.00558883510529995,0.005543652921915054,0.004391125403344631,0.39691123366355896,0.33572283387184143,0.24164684116840363,0.24576929211616516,0.2921386957168579,0.2903245687484741,0.29328203201293945,0.2971796691417694,0.3193163573741913,0.326974093914032,0.4417881369590759,0.4637455344200134,0.35338279604911804,0.36347851157188416,0.2662317156791687,0.2844415009021759,0.33080601692199707,0.3088948130607605,0.2995520532131195,0.30214154720306396,0.34638604521751404,0.30486035346984863,0.34054556488990784,0.32587048411369324,17.93148180826712,18.407202822372895,19.316288684705757,17.16080738788317,18.051130608561692,20.85923721877375,56.908721205119576,4.260259406014261,6.586056235097527,5.596183149087446,3.7775200483094866,4.085731502983815,4.857794235579316,10.004503821146411,2498.9166707750487,1404.6351804672397,0.1373778434187279,0.12559757468356175,MariamB,English
-1.0,0.26672396063804626,-0.06401785463094711,0.08872377127408981,-0.06384802609682083,0.04030255973339081,-0.03849896416068077,0.0016514279413968325,-0.03417213261127472,-0.013756745494902134,-0.011941430158913136,0.0062630209140479565,-0.025797894224524498,0.005796749144792557,-0.023173077031970024,-0.029260821640491486,-0.014781891368329525,0.0,0.16204038262367249,0.13876518607139587,0.08851627260446548,0.07640417665243149,0.0647699311375618,0.07812172174453735,0.05879782512784004,0.04693480581045151,0.048465341329574585,0.038697462528944016,0.03023720718920231,0.03786516934633255,0.033553384244441986,0.028815625235438347,0.03377903252840042,0.022256838157773018,-1.0840790487520735e-09,-0.0001522067323094234,0.00017377056065015495,-0.00010883269715122879,4.1708808566909283e-05,-5.047732702223584e-05,-0.00016481005877722055,-5.4097952670417726e-05,-0.00018918659770861268,-0.00010988039866788313,-7.16651338734664e-05,-0.0001605565776117146,-0.00010489472333574668,-0.0001168646413134411,-6.196246249601245e-05,-7.636797818122432e-05,-4.817676017410122e-05,6.459146550952255e-09,0.03836815431714058,0.02868060953915119,0.01704193651676178,0.011286272667348385,0.012929040938615799,0.013937888666987419,0.012874824926257133,0.007463610265403986,0.009251391515135765,0.006561970338225365,0.005469021387398243,0.005777258425951004,0.004775551147758961,0.0044282348826527596,0.004985257517546415,0.003733965801075101,0.43674346804618835,0.349284291267395,0.3404397964477539,0.2582731544971466,0.2574126422405243,0.28643032908439636,0.2700350880622864,0.23905684053897858,0.24713245034217834,0.27499422430992126,0.4112691879272461,0.4303629398345947,0.3932970464229584,0.331547349691391,0.3712599277496338,0.28661400079727173,0.30190223455429077,0.3235774040222168,0.31150317192077637,0.3018408417701721,0.3204280436038971,0.29369494318962097,0.3685888648033142,0.34430786967277527,17.79687403373088,20.05790314688086,20.609931190407615,17.618429275035975,19.031057751024402,20.16722088668103,56.824901445345844,4.063791534509575,5.830339225511912,5.687907124966931,4.557351565177695,4.06772186593123,4.26097929450951,9.527680851661763,2426.4503519170376,1504.7503291009189,0.1326486247859589,0.13470391262033912,MariamB,English
-1.0,0.2773894667625427,-0.08278115838766098,0.09305629134178162,-0.056002177298069,0.012210242450237274,-0.046379175037145615,-0.0019965567626059055,-0.04085775837302208,-0.008178549818694592,-0.020888542756438255,0.010462842881679535,-0.04001856967806816,-0.005229239817708731,-0.021572988480329514,-0.03521387651562691,-0.007172390352934599,0.0,0.14814117550849915,0.11681943386793137,0.0834977775812149,0.07670241594314575,0.060167379677295685,0.06985609978437424,0.05266899988055229,0.05064826458692551,0.03703131526708603,0.039242226630449295,0.030157331377267838,0.038170699030160904,0.03536593168973923,0.030110284686088562,0.04082572087645531,0.023861318826675415,-9.449285798268647e-10,-8.54548216011608e-06,-2.8714404834317975e-05,0.00012953967961948365,5.071552368463017e-05,1.4799233213125262e-05,-0.000194379550521262,-6.681375816697255e-05,-0.00010257411486236379,-8.785518002696335e-05,-2.327417860215064e-05,-6.671807204838842e-05,-8.75552577781491e-05,-0.00011971374624408782,-5.1255345169920474e-05,-5.172551027499139e-05,-4.187478043604642e-05,6.041264821732284e-09,0.02963007055222988,0.021988458931446075,0.01593869924545288,0.01117292232811451,0.01272283960133791,0.010651533491909504,0.01005059015005827,0.006418244447559118,0.006706676445901394,0.006169156637042761,0.005051920190453529,0.006828970741480589,0.006190752610564232,0.005043657962232828,0.006391860079020262,0.004664354491978884,0.4089985489845276,0.38444432616233826,0.2914164662361145,0.23734720051288605,0.31079626083374023,0.2995419502258301,0.2775779962539673,0.28263071179389954,0.341274619102478,0.36988404393196106,0.3988516330718994,0.4142882525920868,0.3554213047027588,0.3552453815937042,0.31982070207595825,0.2788662016391754,0.34563061594963074,0.33261483907699585,0.3205537497997284,0.29613426327705383,0.35478249192237854,0.3437216877937317,0.35673728585243225,0.3547845780849457,19.18585754478979,18.958094777618758,19.414853626461145,16.94286176776915,18.64914862529693,20.193518571738387,56.86074430761188,4.608805885861446,6.088593393540234,5.70109107117779,4.054776735194706,3.867128315173309,4.468040894285871,8.882221946693969,2148.8909548939605,1248.8775668788942,0.11502302938432836,0.11892268902840482,MariamB,English
-1.0,0.27061963081359863,-0.0923105850815773,0.08235520124435425,-0.07034016400575638,-0.00584771204739809,-0.05018191039562225,-0.015446385368704796,-0.03397092968225479,-0.040863748639822006,-0.030974214896559715,-0.004659374710172415,-0.03217589482665062,-0.007072307635098696,-0.02483232505619526,-0.03627173975110054,-0.008298714645206928,0.0,0.15038593113422394,0.10335403680801392,0.07576598227024078,0.05997791513800621,0.058035459369421005,0.057154327630996704,0.04748343303799629,0.03750235214829445,0.03367575630545616,0.02923240140080452,0.024253342300653458,0.02929222397506237,0.02680949866771698,0.02496645227074623,0.027596665546298027,0.019448110833764076,-9.175393778093621e-10,-0.00011405344412196428,0.0001426994858775288,-0.00011628553329501301,0.00018345164426136762,-4.4455173338064924e-05,3.1903182389214635e-05,-8.11177451396361e-05,-0.0001199965481646359,-5.6387611948593985e-06,-6.50587971904315e-05,-0.00010638742242008448,-0.0001264321181224659,-0.0001396748557453975,-3.573317371774465e-05,3.937006476917304e-05,-0.00011538410763023421,5.95517635204601e-09,0.03160376101732254,0.02118583768606186,0.014636664651334286,0.011198515072464943,0.012026777490973473,0.010933978483080864,0.009650807827711105,0.007552743889391422,0.006876713130623102,0.005274900700896978,0.004502124153077602,0.005256501492112875,0.005386992823332548,0.004125791601836681,0.0048617348074913025,0.0036441937554627657,0.3198610246181488,0.2995232939720154,0.2470754235982895,0.21482044458389282,0.20672035217285156,0.25996094942092896,0.1861875057220459,0.2193213254213333,0.3248525857925415,0.36688485741615295,0.41599491238594055,0.39088401198387146,0.3179585933685303,0.3417808711528778,0.28820711374282837,0.2751261293888092,0.24303001165390015,0.3237890601158142,0.22338153421878815,0.2894919812679291,0.35338419675827026,0.33737650513648987,0.3452765643596649,0.3611905574798584,20.40910423906445,18.411026367067876,20.25358505549676,17.878699064968448,19.318706867944115,21.179152202891405,58.01752133793613,4.304126887167425,5.726270258945271,5.473901164912942,4.349378619987719,4.114094590254188,4.71548955463804,8.0884703658567,2128.425701369133,1331.0099645300643,0.12857365262681159,0.12467641252759495,MariamB,English
-1.0,0.25715920329093933,-0.10452843457460403,0.08680129796266556,-0.05916450172662735,-0.018752889707684517,-0.0952645018696785,0.009313985705375671,0.000621277722530067,-0.016905924305319786,-0.019977929070591927,-0.00022235512733459473,-0.04008827731013298,0.002635390730574727,-0.018475987017154694,-0.035533081740140915,-0.0036078421398997307,0.0,0.13983309268951416,0.10033515840768814,0.07951982319355011,0.055717576295137405,0.07070707529783249,0.05856455862522125,0.04252448305487633,0.043068744242191315,0.03949330002069473,0.029524490237236023,0.02572754956781864,0.03390388935804367,0.029902268201112747,0.02221643552184105,0.022846270352602005,0.01847820170223713,-1.4006684700973437e-09,-0.0009225061512552202,0.0002387446875218302,9.639778727432713e-05,3.84136774300714e-06,0.00020778001635335386,-0.00042602280154824257,0.00024378698435612023,-0.00010990355076501146,1.1293365787423681e-05,-1.9570714357541874e-05,-7.310861110454425e-05,-0.00010803246550494805,7.90070989751257e-05,-0.00020499176753219217,-4.4892349251313135e-05,0.00017936495714820921,7.311703686951887e-09,0.029320821166038513,0.020409995689988136,0.015562056563794613,0.010429472662508488,0.015737658366560936,0.010790200904011726,0.008859613910317421,0.008196413516998291,0.008256488479673862,0.0054952832870185375,0.004585902672261,0.006384401116520166,0.005619383417069912,0.0041772243566811085,0.004742255434393883,0.0031985179521143436,0.38568294048309326,0.5322305560112,0.48485803604125977,0.26868492364883423,0.19727234542369843,0.17831091582775116,0.22615490853786469,0.31015744805336,0.31075695157051086,0.23125047981739044,0.21127310395240784,0.25411608815193176,0.3495367467403412,0.3575119078159332,0.35285207629203796,0.2673109471797943,0.25647714734077454,0.22076398134231567,0.30030563473701477,0.348157674074173,0.3251534700393677,0.27806276082992554,0.2643529772758484,0.2784198224544525,18.86615676273944,17.09485445245676,21.006468765399887,19.38772248191556,19.657068291709777,20.7545028382224,58.85626181256345,4.377514933480589,5.2824472285434325,6.1592664892360816,5.085593319067029,4.055622244685159,4.7204192209761855,8.081512316538317,2358.785871179745,1256.8398679854158,0.14710877004977876,0.1036645817913025,MariamB,English
-1.0,0.26067623496055603,-0.09580972790718079,0.08265887200832367,-0.07555417716503143,-0.018820110708475113,-0.09779921174049377,0.0014837291091680527,-0.01860630512237549,-0.015636803582310677,-0.033583398908376694,-0.009103762917220592,-0.0521516352891922,0.0010513898450881243,-0.02253238670527935,-0.03592049703001976,0.004746438004076481,0.0,0.1448376476764679,0.11327333003282547,0.07429472357034683,0.05763338506221771,0.07058863341808319,0.0670149102807045,0.046717993915081024,0.044007059186697006,0.03616984188556671,0.030000656843185425,0.031942401081323624,0.03472079709172249,0.027861865237355232,0.024197392165660858,0.0280765350908041,0.020879730582237244,-1.3356585837343005e-09,-0.001115368795581162,-8.876171341398731e-05,3.254721741541289e-05,-6.668546120636165e-05,5.986689211567864e-05,-9.974384738598019e-05,7.832823757780716e-05,6.545463838847354e-05,6.601415952900425e-05,-8.92310927156359e-05,-1.1677449265334872e-06,-4.917100341117475e-06,0.0001438203762518242,-0.00022220944811124355,-0.00011474385973997414,9.334130299976096e-05,7.1460855011196145e-09,0.030615396797657013,0.024290405213832855,0.013586766086518764,0.010715464130043983,0.013179515488445759,0.010337038896977901,0.009703128598630428,0.008286362513899803,0.006614071317017078,0.005700771696865559,0.006069037597626448,0.007452172227203846,0.005358774680644274,0.004431146662682295,0.005912702530622482,0.003841743338853121,0.3326907455921173,0.3417968451976776,0.33908841013908386,0.32150202989578247,0.23601391911506653,0.20036843419075012,0.20366288721561432,0.2045196294784546,0.2840692400932312,0.3805028200149536,0.3515833914279938,0.355150431394577,0.32886484265327454,0.3289519250392914,0.32522499561309814,0.35036125779151917,0.27690133452415466,0.245763897895813,0.2650398910045624,0.2623639404773712,0.31450363993644714,0.3625083863735199,0.3294822573661804,0.353636234998703,19.093041203767836,17.890527493345203,20.713934703491883,19.650669102667617,19.641047383826614,21.55587722633013,59.196788746725744,4.43432011247765,5.720232418576052,6.090199146131528,5.134856426917994,4.934050734273119,5.107755818772772,7.874798191065967,2294.398790378824,1394.6901348765794,0.14542540216244726,0.1297770969979318,MariamB,English
-1.0,0.25123390555381775,-0.09236873686313629,0.09368240088224411,-0.06319975852966309,-0.0036312518641352654,-0.08093397319316864,0.0135811110958457,-0.019371524453163147,-0.014879576861858368,-0.023081902414560318,-0.005641359370201826,-0.038389381021261215,-0.0031292049679905176,-0.015047688037157059,-0.03654608502984047,0.0007428918033838272,0.0,0.13026849925518036,0.08849029988050461,0.08135871589183807,0.05478934571146965,0.06140224635601044,0.059700846672058105,0.04193682596087456,0.03518829867243767,0.0359005331993103,0.033018700778484344,0.025536542758345604,0.03366875275969505,0.03234841302037239,0.01975363679230213,0.025348514318466187,0.018989143893122673,-9.534670830646519e-10,-0.00033962843008339405,0.0002250118850497529,0.00014879302761983126,0.00012516924471128732,0.00010075453610625118,0.0002092747308779508,1.0362994544266257e-05,8.073438220890239e-05,5.3341595048550516e-05,3.781095438171178e-05,-1.053546839102637e-05,-3.506732355162967e-06,-1.5364825230790302e-05,3.128961179754697e-05,3.6333058233140036e-05,-1.0636545084707905e-06,6.067827573730256e-09,0.027872681617736816,0.017959291115403175,0.012744050472974777,0.00984872318804264,0.010908936150372028,0.010109999217092991,0.008266417309641838,0.00691219512373209,0.006884189788252115,0.006153016816824675,0.004482768010348082,0.005938079208135605,0.005903723184019327,0.003769651986658573,0.0041863927617669106,0.0035231197252869606,0.498808890581131,0.45276421308517456,0.37048792839050293,0.2622601389884949,0.2031177431344986,0.20307955145835876,0.26179009675979614,0.2769909203052521,0.29489192366600037,0.32968395948410034,0.313642293214798,0.4466523230075836,0.3598262667655945,0.3524632453918457,0.3326588571071625,0.2898434102535248,0.24229052662849426,0.22595930099487305,0.26645469665527344,0.2912348508834839,0.34057652950286865,0.37124595046043396,0.29098838567733765,0.3650510907173157,18.901403699918585,17.074722531071714,19.70480053205866,18.467626309785864,19.32196845948232,19.82393232752428,59.76653391912852,4.4255350491020415,5.217145738098909,6.13940491505034,4.495763130164698,4.201175165801464,4.672681377136295,7.498243574386328,2218.0328293106463,1192.0043725346231,0.13226538968373494,0.1069360153201003,MariamB,English
-1.0,0.2327154129743576,-0.08417942374944687,0.14405404031276703,-0.06907864660024643,0.006464344449341297,-0.0846489742398262,0.0005904784775339067,-0.052319180220365524,-0.020095231011509895,-0.04583466425538063,-0.008368927985429764,-0.04287063330411911,-0.009085574187338352,-0.027614226564764977,-0.02279437892138958,-0.015343564562499523,0.0,0.0681689977645874,0.05545895919203758,0.07684417814016342,0.03980392590165138,0.049152933061122894,0.046343374997377396,0.02397005446255207,0.03169795498251915,0.02046039327979088,0.027463924139738083,0.02216225676238537,0.03482648357748985,0.023404505103826523,0.02596934139728546,0.015487641096115112,0.01702098734676838,-2.8777371596788726e-09,-0.0005503757274709642,0.0012238194467499852,-0.00012391032942105085,0.0003221167717128992,-0.00044304539915174246,-0.00011922534758923575,-0.0002607991627883166,-0.0001259820710401982,-0.00021973390539642423,0.000404894701205194,-0.00021640850172843784,-0.00010832911357283592,0.0002659000747371465,-0.00015514974074903876,0.00012983492342755198,0.00013594652409665287,1.0275575945684068e-08,0.01661621779203415,0.010914276354014874,0.010938101448118687,0.008175576105713844,0.010381902568042278,0.007188735995441675,0.004405008163303137,0.004581366665661335,0.003850763663649559,0.004108837805688381,0.0038105552084743977,0.005088500678539276,0.0045828791335225105,0.003655347041785717,0.0024252303410321474,0.0027966597117483616,0.4863540530204773,0.5810168385505676,0.3701634109020233,0.3028322458267212,0.34665006399154663,0.23657818138599396,0.1756916344165802,0.2408267855644226,0.2943115532398224,0.3311545252799988,0.22247233986854553,0.3069489300251007,0.33930718898773193,0.34144511818885803,0.2987092435359955,0.3008962571620941,0.3758031725883484,0.25955021381378174,0.20792700350284576,0.28928595781326294,0.3577781617641449,0.40904533863067627,0.23036344349384308,0.277314692735672,23.405530537051114,17.772632257973903,19.661654975498212,15.254460747258708,17.667836253164733,19.60256296233537,61.598080514488565,5.529593421047414,6.0084802730880105,4.70642332563512,2.441399292077266,3.242139198201959,4.450458435730015,8.64921791661034,2248.5847041829184,702.8630871988591,0.0955166903409091,0.04995677040756307,MariamB,French
-1.0,0.26038435101509094,-0.07813781499862671,0.1064722090959549,-0.06780021637678146,0.03522837162017822,-0.05862681195139885,0.028558403253555298,-0.052971430122852325,-0.03128954768180847,-0.039976030588150024,-0.021785765886306763,-0.03119334951043129,-0.014538259245455265,-0.014986135065555573,-0.029639270156621933,-0.01219192985445261,0.0,0.09791626781225204,0.08990669995546341,0.06371321529150009,0.04265621677041054,0.04279106482863426,0.040894944220781326,0.035145241767168045,0.03138444200158119,0.0330059789121151,0.0263060349971056,0.021367400884628296,0.02147034741938114,0.024676088243722916,0.020133430138230324,0.01896323449909687,0.014661932364106178,-1.4792106428629381e-09,-0.00042724463855847716,0.00013000884791836143,-7.813531556166708e-05,0.00025572592858225107,-2.718618998187594e-05,0.00011435353371780366,-0.000122949160868302,-5.987882104818709e-06,-2.8187878342578188e-05,1.5343886843766086e-05,-0.000107879466668237,8.457749936496839e-05,-0.00011032263864763081,-0.00013712956570088863,-0.00011132180225104094,-0.00016979436622932553,7.506174348748118e-09,0.02005363069474697,0.016703438013792038,0.012078441679477692,0.009057979099452496,0.008305199444293976,0.008115044794976711,0.006595765706151724,0.0053322408348321915,0.006300167180597782,0.005026181694120169,0.00369795854203403,0.003776859724894166,0.004381017759442329,0.0037727830931544304,0.0035230321809649467,0.0027581907343119383,0.2374982088804245,0.18110176920890808,0.18918544054031372,0.2181328386068344,0.2110995501279831,0.15731573104858398,0.1437682956457138,0.20063453912734985,0.32232463359832764,0.48126164078712463,0.6023740768432617,0.5078634023666382,0.25719699263572693,0.2526669502258301,0.2614932358264923,0.3034919500350952,0.2946363687515259,0.21530486643314362,0.20841634273529053,0.25773513317108154,0.3477056324481964,0.3805170953273773,0.3468037247657776,0.3482706844806671,23.415340288952674,19.196853638205166,20.100112824731518,16.286667295972634,18.523554554031108,18.75277707775137,60.29267607726963,5.148814551140029,5.432366433970187,6.305047326947726,3.28783858299126,3.4093818268559786,3.6842289638390526,7.552452436409316,2085.526241717009,1022.4634423527583,0.10364568122079439,0.0836620904609636,MariamB,French
-1.0,0.21634753048419952,-0.06767057627439499,0.12090256065130234,-0.084129199385643,0.04407739266753197,-0.07067891210317612,0.047553256154060364,-0.05450279638171196,-0.03410020470619202,-0.03652612864971161,-0.015743864700198174,-0.034971147775650024,-0.019603636115789413,-0.014245308004319668,-0.03517566993832588,-0.01815355196595192,0.0,0.13648030161857605,0.08773930370807648,0.08240696042776108,0.0586518831551075,0.05407720431685448,0.05837422236800194,0.04163375869393349,0.03779331594705582,0.042411964386701584,0.027660513296723366,0.021879706531763077,0.02447892725467682,0.019582761451601982,0.019490620121359825,0.022238699719309807,0.016307706013321877,-1.3134899834454927e-09,-0.000499292800668627,0.00027958914870396256,8.443493425147608e-05,0.00026357322349213064,-0.00015085627092048526,0.00019232505292166024,-0.00012640350905712694,-9.327428415417671e-05,-8.583934686612338e-06,2.850165583367925e-05,-4.273889499017969e-05,-5.252146002021618e-05,2.8319243938312866e-05,-6.836372631369159e-05,-2.3480462914449163e-05,9.832968498812988e-05,7.088588382941907e-09,0.030875420197844505,0.01966032199561596,0.015094866044819355,0.011233792640268803,0.010735058225691319,0.010269461199641228,0.008011942729353905,0.006144740153104067,0.008303445763885975,0.005531619302928448,0.00429792795330286,0.004478358197957277,0.0030270747374743223,0.00384247163310647,0.004488655366003513,0.003008362604305148,0.43565624952316284,0.32078614830970764,0.2641755938529968,0.23420657217502594,0.25976911187171936,0.22574901580810547,0.1673659235239029,0.2409641146659851,0.32977449893951416,0.435421347618103,0.403857946395874,0.4418008029460907,0.34936800599098206,0.30264899134635925,0.30208778381347656,0.28646111488342285,0.3488546311855316,0.2824183404445648,0.19764763116836548,0.27977532148361206,0.3206735849380493,0.3771621584892273,0.3191831707954407,0.33343178033828735,22.37850487090754,19.399805384683496,19.612536827461764,16.514091153117946,18.260114495755026,18.83965315138779,63.150736721708974,4.865340175526538,6.231963210247473,6.184388851677825,3.8536105339391473,3.3872060666404646,3.1396510676495883,7.7081947162442335,2651.0112325929654,1479.4759876953435,0.1559096213692946,0.13925723795489017,MariamB,French
-1.0,0.25259703397750854,-0.07232140749692917,0.08828835189342499,-0.05841038003563881,0.04294376075267792,-0.048628613352775574,0.03267505392432213,-0.04779861122369766,-0.022222792729735374,-0.037481680512428284,-0.02200646512210369,-0.02215733379125595,-0.02278982847929001,-0.005493380594998598,-0.03346195071935654,-0.01519795972853899,0.0,0.11645680665969849,0.08278760313987732,0.0654110386967659,0.03662509843707085,0.03754372522234917,0.042413678020238876,0.03155238926410675,0.030679887160658836,0.028528429567813873,0.023164991289377213,0.019697003066539764,0.018707016482949257,0.02360493876039982,0.016818519681692123,0.022392593324184418,0.0182692538946867,-1.2973404572846903e-09,-0.00037537430762313306,0.0002548264164943248,-1.2972347576578613e-05,0.00021069282956887037,-0.00027483332087285817,-7.104144606273621e-05,-0.00024995615240186453,-4.534137769951485e-05,-9.65491562965326e-05,-8.208748477045447e-05,-9.886187399388291e-06,-1.825153776735533e-05,4.603191700880416e-05,-4.8480356781510636e-05,0.000130208907648921,0.00014317587192635983,7.046361716334104e-09,0.023596473038196564,0.01797143742442131,0.010569310747087002,0.007686195895075798,0.00740173039957881,0.008417606353759766,0.005992055404931307,0.0051277815364301205,0.005465153604745865,0.004227424971759319,0.004167620092630386,0.0032908376306295395,0.004401715938001871,0.0029101227410137653,0.004746280610561371,0.0036904336884617805,0.4174988567829132,0.3395453989505768,0.2530306577682495,0.20703719556331635,0.19677773118019104,0.17580865323543549,0.17049221694469452,0.22058846056461334,0.2818000614643097,0.45513081550598145,0.5148907899856567,0.5027414560317993,0.338321328163147,0.32791662216186523,0.28836992383003235,0.24012631177902222,0.2561948895454407,0.22633610665798187,0.20534458756446838,0.28054818511009216,0.30074018239974976,0.4089980721473694,0.34953320026397705,0.3305065929889679,23.79855109741736,18.587737461855653,19.343672582549924,15.90664081585234,17.81921724127324,18.158859746825417,61.30115560108633,4.284389049358526,6.228180744749791,5.275838203707756,3.525180673297334,2.8975618763746143,3.264660284774458,6.735069957043376,2172.5135698691915,1144.6187541803822,0.11244877049180328,0.10175594055089422,MariamB,French
-1.0,0.28258565068244934,-0.08968060463666916,0.10028426349163055,-0.07041267305612564,0.03236418962478638,-0.03940485790371895,0.014848718419671059,-0.0403071753680706,-0.03660662844777107,-0.030195947736501694,-0.011583582498133183,-0.02789934352040291,-0.01698979362845421,-0.017577847465872765,-0.026113595813512802,-0.014321272261440754,0.0,0.11350473016500473,0.07380802929401398,0.07397355139255524,0.04808228835463524,0.04950643330812454,0.041887927800416946,0.03418814018368721,0.025045746937394142,0.03235571086406708,0.023400846868753433,0.02087497152388096,0.02225051075220108,0.019730910658836365,0.019134748727083206,0.018438825383782387,0.018133291974663734,-1.0694293228752372e-09,-0.0007144748233258724,-5.55208207515534e-05,-0.00021744957484770566,-0.0003370557969901711,-0.00010248453327221796,-6.466983177233487e-05,-0.00012369529576972127,7.854262366890907e-05,-5.165302354726009e-05,4.1852348658721894e-05,-7.496429134334903e-06,4.299991996958852e-05,0.00010254858352709562,-9.490535376244225e-06,-1.3264449989947025e-05,1.5886997061898e-05,6.416575715206818e-09,0.021564031019806862,0.015464466996490955,0.013335995376110077,0.010260229930281639,0.01064042653888464,0.007498955354094505,0.006468072533607483,0.004503682255744934,0.006640720646828413,0.0042844368144869804,0.003390760626643896,0.004528144374489784,0.00376573926769197,0.003432180965319276,0.0027442527934908867,0.0030130294617265463,0.1592950075864792,0.1756225824356079,0.21738027036190033,0.2785049080848694,0.24613164365291595,0.15771126747131348,0.14340701699256897,0.20681710541248322,0.3671610653400421,0.550621747970581,0.509591281414032,0.30366355180740356,0.2220037877559662,0.23686419427394867,0.27624455094337463,0.3402835726737976,0.31299349665641785,0.2259673923254013,0.22581464052200317,0.26321476697921753,0.35336434841156006,0.384022057056427,0.36296847462654114,0.307949960231781,22.690491270429288,20.22879441294064,20.73726698932437,17.24740776533396,19.11409499997361,20.212419944696652,59.015438260740325,4.110095657325242,5.904933649995552,5.707618420456887,4.3099116032795886,3.9474611214234185,4.538043073922592,7.04510292716371,1925.1379252981128,1079.3478757952669,0.09800266575168919,0.09515243891326877,MariamB,French
-1.0,0.27974894642829895,-0.08868642151355743,0.10812000185251236,-0.06402567774057388,0.04148286581039429,-0.05265901982784271,0.020952608436346054,-0.049539029598236084,-0.03395308181643486,-0.045165855437517166,-0.02483348362147808,-0.03295749053359032,-0.001884123426862061,-0.02027110569179058,-0.03319152817130089,-0.016962477937340736,0.0,0.09940935671329498,0.07703737169504166,0.07477603107690811,0.05459371954202652,0.047248754650354385,0.03950094059109688,0.03738022968173027,0.03415195271372795,0.03205340355634689,0.029602915048599243,0.02667810022830963,0.024653322994709015,0.02536262944340706,0.025082705542445183,0.018443476408720016,0.019605562090873718,-1.1146165102005057e-09,-0.0001645899174036458,0.0003341697156429291,3.3023152354871854e-05,0.00022359777358360589,-0.0001231538481079042,-1.8939008441520855e-05,-6.025211769156158e-05,-1.0128906978934538e-05,-0.00013918409240432084,7.270766946021467e-05,-7.317915878957137e-05,-1.7564743757247925e-06,-0.00016227952437475324,-8.766236715018749e-05,2.8510998163255863e-05,6.575334282388212e-06,6.5468892529452205e-09,0.020761638879776,0.014376929961144924,0.012595603242516518,0.00948286335915327,0.008357307873666286,0.006919513922184706,0.0068396758288145065,0.0060724434442818165,0.006011758465319872,0.0049524083733558655,0.004485119134187698,0.004439483862370253,0.0053418646566569805,0.004056788980960846,0.003553073387593031,0.00356978178024292,0.35043662786483765,0.2772095501422882,0.15816092491149902,0.14229358732700348,0.18722674250602722,0.18449179828166962,0.12230873107910156,0.15881779789924622,0.24868573248386383,0.4628387689590454,0.5966630578041077,0.4477340281009674,0.34532248973846436,0.3274984359741211,0.219720721244812,0.21109312772750854,0.29022490978240967,0.28062400221824646,0.1935046762228012,0.22847680747509003,0.284474641084671,0.3844234049320221,0.3625892400741577,0.335611492395401,22.504055948810826,20.10066168023555,21.483351081801338,17.10086215534079,18.89604154719206,19.099253964794393,59.837389162574496,4.805402150746921,6.571495161231065,6.32940725519654,4.254522596309258,3.6120595606297736,3.778059792263842,6.418742743943522,1951.041332089718,950.9526335005413,0.10083867462588028,0.0901281938962739,MariamB,French
-1.0,0.2720678746700287,-0.14336097240447998,0.15461230278015137,-0.11207722127437592,0.046457722783088684,-0.08219697326421738,0.024582024663686752,-0.05412084236741066,-0.05000551789999008,-0.07205233722925186,-0.022376561537384987,-0.05787897855043411,-0.0037135968450456858,-0.04194323718547821,-0.02673039771616459,-0.01762334816157818,0.0,0.12537507712841034,0.14676085114479065,0.09633848071098328,0.07417743653059006,0.052941590547561646,0.0571775920689106,0.04174143075942993,0.044827722012996674,0.038310177624225616,0.03509225696325302,0.026707198470830917,0.02952350303530693,0.03257547318935394,0.03481258451938629,0.023143913596868515,0.020919980481266975,-1.2222048928478557e-09,0.0002892783668357879,0.0009298435761593282,-0.0004924798849970102,0.00032322973129339516,-8.473194611724466e-06,0.00017876210040412843,5.0941504014190286e-05,5.1112954679410905e-05,-1.3244680303614587e-05,0.0001723953173495829,-9.66625811997801e-05,4.652556890505366e-05,-3.3647287636995316e-05,2.9615855964948423e-05,5.674624117091298e-05,-1.4038638255442493e-05,6.8459837798684475e-09,0.025082141160964966,0.029307430610060692,0.016887325793504715,0.013770648278295994,0.010840728878974915,0.009583125822246075,0.007300416938960552,0.007450851146131754,0.007067510392516851,0.007225476671010256,0.005627855192869902,0.005622599273920059,0.006217369809746742,0.0070907012559473515,0.004062792751938105,0.003834191709756851,0.34590914845466614,0.25391629338264465,0.2539558410644531,0.23789513111114502,0.23044759035110474,0.16390223801136017,0.1105634942650795,0.13546666502952576,0.20424078404903412,0.38245436549186707,0.4666806161403656,0.42676350474357605,0.36378005146980286,0.3055427670478821,0.32985323667526245,0.32118311524391174,0.3081698417663574,0.2402404248714447,0.1749543994665146,0.21040819585323334,0.2418927103281021,0.3839718997478485,0.3742990791797638,0.35883864760398865,22.319395156034496,20.664457192395197,21.306479045730956,18.688643883900728,19.223463606598298,19.974283339512365,61.42813415818456,4.8465000279453,6.126192779298686,5.700555197926712,4.626548815011911,3.8636371907940092,3.5619166664903914,7.253000010313137,2358.8299128818358,987.8545294682896,0.11094918858590734,0.07758813753250651,MariamB,French
-1.0,0.25611016154289246,-0.07640691846609116,0.12037139385938644,-0.07895849645137787,0.0357825830578804,-0.04768393561244011,0.01250535435974598,-0.032071784138679504,-0.04428393021225929,-0.03618588671088219,-0.0305665023624897,-0.029710540547966957,-0.00952325388789177,-0.012534537352621555,-0.03080102801322937,-0.020615722984075546,0.0,0.12043165415525436,0.08483967930078506,0.08956543356180191,0.0591280534863472,0.04622972011566162,0.04456820338964462,0.0462527759373188,0.03457397595047951,0.0364999994635582,0.028444211930036545,0.023104805499315262,0.02573978900909424,0.023288825526833534,0.019532596692442894,0.02083226665854454,0.016291379928588867,-9.62161350592794e-10,-3.718707012012601e-05,-3.9191967516671866e-05,-9.961575415218249e-05,-6.514578126370907e-05,-0.00015610719856340438,0.00010712139192037284,6.035633123246953e-05,0.00012233678717166185,-0.00010255386587232351,1.837963100115303e-05,-4.2890857002930716e-05,2.6389820050098933e-05,-4.5323420749809884e-07,-6.255038897506893e-05,-2.201128336309921e-05,-2.2167090719449334e-05,6.094744264828478e-09,0.02523157186806202,0.017265278846025467,0.017463933676481247,0.01113156694918871,0.009662480093538761,0.007514809723943472,0.007760670967400074,0.005555600859224796,0.006928671151399612,0.005581563804298639,0.00428094994276762,0.004221396055072546,0.004250961355865002,0.003968851175159216,0.00381371658295393,0.003238887060433626,0.4616566598415375,0.30143848061561584,0.21079879999160767,0.1871529072523117,0.19731026887893677,0.2158665806055069,0.18726709485054016,0.19492127001285553,0.26597392559051514,0.3387519419193268,0.4700958728790283,0.5475519895553589,0.35962390899658203,0.3179222643375397,0.2554585635662079,0.26522520184516907,0.2863024175167084,0.29121530055999756,0.2402660995721817,0.24930733442306519,0.31924065947532654,0.3475111424922943,0.37844979763031006,0.3692026734352112,23.406572055081565,19.517752688799963,20.405938773058768,17.509322900390522,19.125421163578075,19.46290873170721,60.42801327450098,5.279736654603824,6.245051712814135,6.488225306978351,4.220021316862068,3.762714788992643,3.8394945346453286,7.255391288227485,2219.7559287178146,1097.7646329866234,0.11648847121960486,0.10072551065487188,MariamB,French
-1.0,0.22843590378761292,-0.08817576617002487,0.119509257376194,-0.08771553635597229,0.03748936951160431,-0.05760709196329117,0.025899268686771393,-0.04410543665289879,-0.038667939603328705,-0.042669449001550674,-0.03581605851650238,-0.025402747094631195,-0.017716726288199425,-0.020355649292469025,-0.031026989221572876,-0.02510029450058937,0.0,0.13839581608772278,0.11149485409259796,0.08362950384616852,0.0653829351067543,0.050104718655347824,0.044690392911434174,0.03260791674256325,0.03876755014061928,0.038196638226509094,0.02963213063776493,0.030958568677306175,0.02540261670947075,0.024842271581292152,0.025877617299556732,0.0229172483086586,0.019699759781360626,-9.86140391567858e-10,-9.39931342145428e-05,0.0005901064723730087,-0.00016268721083179116,0.00021176871086936444,8.456964860670269e-05,0.00016130279982462525,-6.220207433216274e-05,-0.000138730596518144,3.759042010642588e-05,0.00014104759611655027,-4.788322621607222e-05,-9.783657151274383e-05,-5.7355962781002745e-05,-8.915329090086743e-05,-4.035073288832791e-05,-4.3233805627096444e-05,6.168306310172511e-09,0.02874060533940792,0.02195602096617222,0.015131274238228798,0.012938827276229858,0.009451507590711117,0.008135084994137287,0.005882476456463337,0.006783365271985531,0.0067737288773059845,0.005679972469806671,0.006329426076263189,0.004778544418513775,0.004577190149575472,0.0050423163920640945,0.00429080193862319,0.0033413865603506565,0.2778158187866211,0.2567915916442871,0.25414741039276123,0.22500643134117126,0.2438998520374298,0.2770405113697052,0.20456165075302124,0.22856542468070984,0.3180043399333954,0.4230780601501465,0.45261356234550476,0.3883515000343323,0.30838266015052795,0.3278999924659729,0.3201439678668976,0.2818073034286499,0.30561357736587524,0.3473552167415619,0.255048006772995,0.2906580865383148,0.33058643341064453,0.3928893208503723,0.3720977306365967,0.3604305684566498,22.47269252154518,20.022948346452363,20.271144265465413,18.097487317116997,19.147926894530972,19.02054708056972,61.77314435469795,5.000272153654155,6.40104857433789,6.3053108161508025,4.495547378537473,3.996790546888043,3.4054926894273625,7.2263841548562855,2421.8097024164167,1220.2735135713801,0.13966060650311526,0.12120208724383934,MariamB,French
-1.0,0.2686467468738556,-0.10094882547855377,0.09487347304821014,-0.09737182408571243,0.04839847981929779,-0.07314158231019974,-0.0013408907689154148,-0.07016757875680923,-0.018112516030669212,-0.0461067259311676,-0.02500620111823082,-0.03296114504337311,-0.010457217693328857,-0.0294360164552927,-0.040300656110048294,-0.02549915388226509,0.0,0.1289191097021103,0.09857935458421707,0.08387070894241333,0.04858987778425217,0.044666774570941925,0.052244484424591064,0.045779235661029816,0.038361988961696625,0.03743218258023262,0.029897768050432205,0.024828452616930008,0.025177231058478355,0.024974219501018524,0.02567404881119728,0.023866605013608932,0.018891246989369392,-8.842209187065464e-10,-1.8415732483845204e-05,0.00016893907741177827,-0.00014724477659910917,5.078637695987709e-05,-2.2821221136837266e-05,8.505875302944332e-05,2.1683124941773713e-05,-4.3612628360278904e-05,-8.977354445960373e-05,5.400345253292471e-05,6.002680947858607e-06,1.8389093838777626e-06,2.0717263396363705e-05,-6.347784801619127e-05,-4.013034049421549e-05,-2.6313817215850577e-05,5.848570960864663e-09,0.02719913423061371,0.020445341244339943,0.01554470881819725,0.00936556700617075,0.009204241447150707,0.009631196036934853,0.009545925073325634,0.006805307697504759,0.006690946873277426,0.005567553918808699,0.005147267132997513,0.004492617677897215,0.004921616520732641,0.004837699234485626,0.004777912981808186,0.0035782847553491592,0.5313315987586975,0.48030951619148254,0.37238627672195435,0.2567186951637268,0.2308921366930008,0.2787444591522217,0.24829167127609253,0.20941025018692017,0.2300417572259903,0.23863299190998077,0.2870084345340729,0.3914795219898224,0.3742101788520813,0.33926060795783997,0.3396124839782715,0.3054463267326355,0.26428288221359253,0.32882532477378845,0.29923945665359497,0.24858953058719635,0.2729288935661316,0.280684232711792,0.32742151618003845,0.35259708762168884,22.892822368402435,18.795288334538913,20.337969377440405,17.4022969562356,19.197168912504207,19.667283492969723,62.03381080293279,5.423502470280661,6.102692707195312,5.5929497485874355,4.291963115361919,4.327026015983202,4.052789578955438,6.521060751678479,2367.1529811200166,1178.964624615014,0.13621955743715083,0.11216362302728079,MariamB,French
-1.0,0.24054814875125885,-0.09511687606573105,0.11152321100234985,-0.09185121953487396,0.03867240250110626,-0.10788939893245697,0.016413381323218346,-0.08620085567235947,-0.022453168407082558,-0.05413864925503731,-0.028851933777332306,-0.030323205515742302,-0.011387733742594719,-0.049887049943208694,-0.03850800544023514,-0.022685473784804344,0.0,0.14963573217391968,0.11866326630115509,0.08574655652046204,0.05927715450525284,0.05744142085313797,0.062364235520362854,0.045767854899168015,0.05662195011973381,0.029576951637864113,0.03558941185474396,0.02648509293794632,0.028634315356612206,0.023357631638646126,0.02768171951174736,0.02424926869571209,0.019958488643169403,-2.573586010967688e-09,-0.0010657465318217874,-0.0005785088869743049,-0.001039989059790969,0.0002904479333665222,0.0005717250751331449,0.000870032177772373,9.18871010071598e-05,0.0003529910754878074,0.00011371615255484357,-2.077087265206501e-05,-0.0003950865939259529,-0.00013736597611568868,0.0004662531428039074,7.553204341093078e-05,1.1837434612971265e-05,-4.258374247001484e-05,9.757591179493375e-09,0.0301841888576746,0.024672258645296097,0.018611673265695572,0.012892346829175949,0.011717721819877625,0.013822576031088829,0.009719093330204487,0.011054756119847298,0.005371937528252602,0.007386706303805113,0.00519905099645257,0.006005741190165281,0.004526405595242977,0.005317988805472851,0.005201817490160465,0.004388464614748955,0.3048499822616577,0.28728118538856506,0.27647706866264343,0.216777503490448,0.22756578028202057,0.24256156384944916,0.203598290681839,0.17686870694160461,0.1983027458190918,0.2828748822212219,0.4365614652633667,0.38824865221977234,0.3335418403148651,0.28654542565345764,0.3180665969848633,0.28449198603630066,0.3126507103443146,0.31924012303352356,0.2590273320674896,0.24743415415287018,0.26632145047187805,0.289994478225708,0.3941986560821533,0.3503304719924927,21.54069562005715,19.513206714762713,19.779022146535823,16.277327723715146,19.430737134477553,18.889926414367167,61.60179837126566,5.815700862457417,5.846211854359872,5.793024988511843,4.354951904386491,3.1929017660261776,2.8671870805946766,9.556502308573197,2525.358646205251,1301.2563332080933,0.13564294334349594,0.11814721373133906,MariamB,French
-1.0,0.20655138790607452,-0.08384017646312714,0.0756727010011673,-0.05692793056368828,0.014636949636042118,-0.08154716342687607,0.0030180006287992,-0.033033374696969986,-0.0086293313652277,-0.03338397666811943,-0.009191005490720272,-0.024393701925873756,-0.01671913079917431,-0.02234315127134323,-0.013396806083619595,-0.0102050406858325,0.0,0.12704908847808838,0.08488544821739197,0.05207369849085808,0.04464765638113022,0.049000807106494904,0.06349948793649673,0.02874152362346649,0.03328435495495796,0.024517931044101715,0.03102637268602848,0.026437031105160713,0.025614075362682343,0.017253190279006958,0.023851515725255013,0.02108619548380375,0.02073061652481556,-1.364444335294479e-09,0.00019658138626255095,-1.3957796340946516e-07,-4.015582089778036e-05,0.0001484075328335166,9.692271123640239e-05,3.188517803209834e-05,0.00014728991664014757,8.748834807192907e-05,-3.923782423953526e-05,-0.00012066819181200117,-9.505393245490268e-05,6.660112376266625e-06,0.0001587862934684381,-2.278774445585441e-05,-0.0002787435660138726,-0.00010927701077889651,7.219960185267382e-09,0.02106521651148796,0.015144875273108482,0.00904188584536314,0.00800701230764389,0.008596315048635006,0.009222710505127907,0.005077380686998367,0.00628188531845808,0.004911033436655998,0.004590422846376896,0.005137514788657427,0.0038825306110084057,0.003322278382256627,0.0044573708437383175,0.0038924848195165396,0.003658405039459467,0.521183431148529,0.43739965558052063,0.39141058921813965,0.36174875497817993,0.3850872814655304,0.3312472999095917,0.3160453140735626,0.3319811224937439,0.32954058051109314,0.3273477554321289,0.31251662969589233,0.4081556797027588,0.3278827667236328,0.3306615650653839,0.34980693459510803,0.33139970898628235,0.3337922990322113,0.31744375824928284,0.2961013913154602,0.3071739971637726,0.3145066201686859,0.33474674820899963,0.28020188212394714,0.30153846740722656,22.75750500713765,15.987689345323277,18.328878629605114,16.429541872466768,17.594706969472348,18.91163958265889,61.18648191038717,5.0064570769796335,5.908093806696959,5.1459414958445,3.9533422923076884,3.2804294538234373,3.5594000986821577,6.422252032022404,2475.2393437035385,1191.875348922946,0.16196204876077586,0.12227921443185409,MariamB,French
-1.0,0.260531485080719,-0.08017747104167938,0.11839592456817627,-0.06287416815757751,0.029304353520274162,-0.05569005385041237,0.026916006579995155,-0.05328814312815666,-0.02226843684911728,-0.03972794488072395,-0.017160771414637566,-0.03006351739168167,-0.009068978019058704,-0.017633873969316483,-0.03070538304746151,-0.013092839159071445,0.0,0.08354131132364273,0.10900960862636566,0.06318917125463486,0.05119232460856438,0.03546310216188431,0.050567734986543655,0.03485687077045441,0.03804340213537216,0.03006153739988804,0.034248676151037216,0.021053776144981384,0.02499612420797348,0.02193315699696541,0.025179602205753326,0.02062191814184189,0.014926633797585964,-2.6826363352938642e-09,-0.0004844490613322705,0.0003636465116869658,-0.0003814883530139923,0.00012208332191221416,-4.30559302913025e-05,2.3680218873778358e-05,2.3838294509914704e-05,0.00019251792400609702,-0.00014624316827394068,6.102042971178889e-05,-0.0003465412592049688,-4.227897443342954e-05,-0.00011600740253925323,-0.00019474426517263055,-9.247225534636527e-05,2.6165871531702578e-05,9.947481061090002e-09,0.02110455371439457,0.026283690705895424,0.012383772991597652,0.009779000654816628,0.006857351865619421,0.00812283344566822,0.006667968817055225,0.0074002924375236034,0.0052025942131876945,0.005688589997589588,0.004345934372395277,0.00475419731810689,0.0049378154799342155,0.004492842126637697,0.004342637024819851,0.002702361438423395,0.5307719707489014,0.38825464248657227,0.31614747643470764,0.20880119502544403,0.2529992163181305,0.2961804270744324,0.21473048627376556,0.24101032316684723,0.3008854389190674,0.3493214547634125,0.5032995939254761,0.644661009311676,0.3016420602798462,0.3504789173603058,0.33184927701950073,0.2285163253545761,0.29524919390678406,0.36089298129081726,0.2520211935043335,0.2636345624923706,0.32781049609184265,0.3457121253013611,0.3420407176017761,0.34944233298301697,22.856834195365394,18.5097594682862,18.8640099309267,15.906979608760794,17.563233013180422,18.28236014167682,60.49760853359682,4.656511909438077,6.23899422830913,5.923448674693617,3.5493156543432276,3.5532467229016564,3.763029761623141,7.620609583669413,2057.4056847406578,1026.8766232676633,0.10199284957627118,0.0939572337941225,MariamB,French
-1.0,0.1869237869977951,-0.0796581283211708,0.06885059177875519,-0.06845308840274811,0.036135949194431305,-0.05256969854235649,0.017526093870401382,-0.032909683883190155,-0.010135335847735405,-0.021373599767684937,-0.011934719979763031,-0.015777818858623505,-0.014026032760739326,-0.013894899748265743,-0.016246890649199486,0.0006495047709904611,0.0,0.12817677855491638,0.06404006481170654,0.059609755873680115,0.05302834510803223,0.03803883492946625,0.047419480979442596,0.030267594382166862,0.028463346883654594,0.029768306761980057,0.028727468103170395,0.01819073222577572,0.02577243745326996,0.01979191228747368,0.026517599821090698,0.019714657217264175,0.017287367954850197,-1.5145984466613527e-09,-6.596840103156865e-05,6.599324115086347e-05,-9.717656939756125e-05,3.7598107155645266e-05,8.872084436006844e-05,3.855457907775417e-05,-0.00011988641927018762,9.007894732349087e-06,-1.9781928131124005e-05,-9.970397513825446e-05,-9.76432638708502e-05,-9.896393748931587e-05,6.363367720041424e-05,-9.032356319949031e-05,-0.00014190904039423913,9.758020314620808e-05,7.591900441639154e-09,0.0279050562530756,0.015078597702085972,0.011364893056452274,0.00798762496560812,0.007689788471907377,0.007701820228248835,0.0057489085011184216,0.003920669201761484,0.005814069416373968,0.004824627190828323,0.004088758025318384,0.003855871967971325,0.0040271044708788395,0.0041106524877250195,0.0038183401338756084,0.003425286617130041,0.5342118740081787,0.5641554594039917,0.49854472279548645,0.3934708833694458,0.405285507440567,0.42181167006492615,0.3495843708515167,0.37882000207901,0.4524171054363251,0.5213587284088135,0.5728545188903809,0.4821489751338959,0.28800228238105774,0.3031899034976959,0.29458945989608765,0.2909286618232727,0.31626808643341064,0.3216528296470642,0.26577308773994446,0.27540239691734314,0.2913009226322174,0.342182993888855,0.3892296850681305,0.3247612416744232,23.321701503414577,15.100398096735047,16.576941316121754,15.415788755183613,17.1133414901369,17.566062845902877,61.90829741800696,4.7442413595768045,5.805820372822388,5.254080858603938,3.606463661252815,3.337852461454241,4.229732017243411,7.380459817112218,2731.1295755622,1084.0377233049655,0.1834325470992823,0.11035891335190097,MariamB,French
-1.0,0.25934258103370667,-0.10637868195772171,0.11898130923509598,-0.08561637252569199,-0.006688976660370827,-0.0791725441813469,-0.0011839665239676833,-0.059936027973890305,-0.04616637900471687,-0.029130112379789352,-0.014730865135788918,-0.04034486040472984,-0.0009101185132749379,-0.02480122074484825,-0.01593470387160778,-0.01649157702922821,0.0,0.10976685583591461,0.09935364127159119,0.09251661598682404,0.06108228489756584,0.06138462573289871,0.05052467808127403,0.04088013619184494,0.03637818619608879,0.046150390058755875,0.03390464186668396,0.02328241616487503,0.033124618232250214,0.026365945115685463,0.02556771971285343,0.020988311618566513,0.02250654809176922,-9.36541622031939e-10,3.571025808923878e-05,0.000299104955047369,-0.0002953923831228167,0.00010806389036588371,7.4905119618051685e-06,0.00018945759802591056,6.459620635723695e-05,-3.504219785099849e-05,6.105331976868911e-06,8.487731975037605e-06,-1.6580224837525748e-05,-4.381157486932352e-05,-2.3740971300867386e-05,2.8986345569137484e-05,1.8459748389432207e-05,-1.2291840903344564e-05,6.0150480152287855e-09,0.02247198484838009,0.020901324227452278,0.016339581459760666,0.01177252922207117,0.01096006203442812,0.010597671382129192,0.007728619035333395,0.0058522517792880535,0.00875853095203638,0.006221504416316748,0.004454983398318291,0.006198970600962639,0.004795134998857975,0.004997532814741135,0.0043496256694197655,0.004008498042821884,0.3620162904262543,0.25952649116516113,0.24150575697422028,0.26094603538513184,0.29556804895401,0.2881741225719452,0.1609921157360077,0.15071451663970947,0.1915154755115509,0.2668444812297821,0.44857436418533325,0.49359509348869324,0.3435162305831909,0.3058848977088928,0.30794453620910645,0.3251950144767761,0.33602094650268555,0.3474593162536621,0.21148648858070374,0.21182885766029358,0.2472316473722458,0.3014630675315857,0.3668922781944275,0.3602602183818817,21.713300861810733,18.678479265853444,21.607526338463153,17.273741931681712,19.25178467379083,20.253364157103185,61.0508436461292,4.562434705065735,5.803246343683431,5.974484361618007,4.0488644611808935,3.8105294788974624,4.454687080194407,6.487842975996919,2301.3004387742194,1089.2869470506116,0.12696468195266272,0.1074646462875809,MariamB,French
-1.0,0.2794460654258728,-0.039813339710235596,0.14293867349624634,-0.07913164794445038,0.008511952124536037,-0.07971836626529694,0.018480664119124413,-0.08110903948545456,-0.01855311542749405,-0.044949039816856384,-0.026314126327633858,-0.04095788300037384,-0.0095389224588871,-0.031424473971128464,-0.025901006534695625,-0.020289648324251175,0.0,0.15283647179603577,0.10879871994256973,0.09190666675567627,0.0645442008972168,0.06111077964305878,0.06816098839044571,0.042299967259168625,0.04407845064997673,0.038690149784088135,0.03276888281106949,0.023497045040130615,0.029643956571817398,0.027986591681838036,0.026503736153244972,0.02298201434314251,0.023963313549757004,-1.021132511880296e-09,-0.00012501621677074581,0.0001930522412294522,0.00011443439143477008,6.417449185391888e-05,0.00028348565683700144,0.00024407940509263426,0.00012461298319976777,0.00011392360465833917,0.00012141971092205495,8.942441490944475e-05,2.453950946801342e-05,-1.5304694898077287e-05,7.607446605106816e-05,-4.607192749972455e-06,5.378269179345807e-06,1.6255814898613608e-06,6.273943142787175e-09,0.025262968614697456,0.023209121078252792,0.016236567869782448,0.012307418510317802,0.011695566587150097,0.01160036213696003,0.008495681919157505,0.007614749949425459,0.006574134808033705,0.006165340542793274,0.0044743712060153484,0.005943106021732092,0.0057748970575630665,0.005596258211880922,0.004660687409341335,0.0042864554561674595,0.39639684557914734,0.37541303038597107,0.3011252284049988,0.2671220004558563,0.28741008043289185,0.33196648955345154,0.2819526195526123,0.24055658280849457,0.237411230802536,0.19330143928527832,0.23427936434745789,0.3456343114376068,0.3595432937145233,0.3611542284488678,0.33458811044692993,0.31562960147857666,0.3291308879852295,0.35443636775016785,0.299372136592865,0.2914893329143524,0.3000146150588989,0.25003767013549805,0.27875179052352905,0.34353554248809814,21.08067171507489,18.238317587171885,20.341207437922588,17.90504500005019,19.63362407549539,20.29470355196474,61.86936592526404,4.497485557382303,5.850109093362701,5.1318606768646635,4.001992335926292,4.404299589746673,3.798357401466202,7.327722665080242,2239.5580149168886,1335.7427089496068,0.11833574848790322,0.11884088414020155,MariamB,French
-1.0,0.2479996681213379,-0.09686759114265442,0.10021839290857315,-0.09864579141139984,0.011062993668019772,-0.10574060678482056,-0.0021298183128237724,-0.08679096400737762,-0.01346039678901434,-0.05254993215203285,-0.013556892983615398,-0.06097876653075218,0.005293067544698715,-0.04386616870760918,-0.048566170036792755,-0.015751587226986885,0.0,0.14938399195671082,0.1204473227262497,0.07697250694036484,0.05787527188658714,0.06664005666971207,0.056318603456020355,0.04213864356279373,0.03963342681527138,0.039285603910684586,0.03612881526350975,0.022891050204634666,0.034700363874435425,0.030392276123166084,0.02656560391187668,0.027479859068989754,0.021785607561469078,-9.86140391567858e-10,-0.00039738533087074757,-0.00016430097457487136,0.0005013050395064056,-2.926930392277427e-05,-3.183633089065552e-05,2.8115729946875945e-05,-7.394673593807966e-05,-0.00020367937395349145,-0.00024302443489432335,0.00011344734230078757,-9.327073348686099e-05,-0.00023320532636716962,6.010391371091828e-05,-5.691767728421837e-05,-1.6434960343758576e-05,8.503987191943452e-05,6.168306310172511e-09,0.03093205764889717,0.02444402314722538,0.013035198673605919,0.009175662882626057,0.012448864988982677,0.009912140667438507,0.007835770025849342,0.006845829077064991,0.006949657574295998,0.006356928497552872,0.004767992068082094,0.006996382027864456,0.005333457607775927,0.0047780293971300125,0.005482394248247147,0.003729795338585973,0.43444496393203735,0.34706324338912964,0.31547048687934875,0.3041260838508606,0.2257186323404312,0.19254839420318604,0.22694188356399536,0.19015486538410187,0.1349249929189682,0.178105428814888,0.281355082988739,0.36753717064857483,0.39359697699546814,0.3439812958240509,0.3610883057117462,0.361674427986145,0.305936336517334,0.2828309237957001,0.30911871790885925,0.23778177797794342,0.19748036563396454,0.24791154265403748,0.327152818441391,0.34373435378074646,19.98121622084647,20.532602183607136,20.43514289328926,17.200092714735103,19.70570032267711,20.32133980873554,62.53123246254965,4.188416377799121,5.7841709718606795,5.908450988380315,3.9959159995185836,4.230602631733984,3.9415306266911423,7.5889133888557705,2410.120925614357,1277.2144531081306,0.12766957505841123,0.11566999184781926,MariamB,French
-1.0,0.24163596332073212,-0.02904965914785862,0.12986762821674347,-0.08616084605455399,0.04740702733397484,-0.08233069628477097,0.02569388784468174,-0.08684476464986801,-0.020118670538067818,-0.05422361567616463,-0.017653191462159157,-0.03959318995475769,-0.007652754429727793,-0.03220806643366814,-0.02252659760415554,-0.014492576010525227,0.0,0.17413847148418427,0.13977618515491486,0.11275836080312729,0.075391486287117,0.07037518173456192,0.06859460473060608,0.057716455310583115,0.05045303702354431,0.040832582861185074,0.03378009796142578,0.029126517474651337,0.027648471295833588,0.03223712369799614,0.025356486439704895,0.020262815058231354,0.02444673702120781,-8.243517535255762e-10,-0.000512769038323313,0.00043068951345048845,-0.0003812204522546381,-0.0002292733552167192,0.00031752907671034336,-0.00012647405674215406,9.871027577901259e-05,-2.4116986878652824e-06,9.392759966431186e-05,-9.905241313390434e-06,8.26168525236426e-06,-8.989422349259257e-05,0.00011619552242336795,-6.533106352435425e-05,-7.614140486111864e-05,-7.680646376684308e-06,5.65147084685691e-09,0.03220110759139061,0.025077054277062416,0.01859295554459095,0.01222789753228426,0.013763822615146637,0.01262195035815239,0.01036087516695261,0.009712581522762775,0.007732936646789312,0.00647025415673852,0.004785996861755848,0.004987519700080156,0.005796736106276512,0.004929653834551573,0.003966860007494688,0.004415739793330431,0.356385201215744,0.2523520886898041,0.19812868535518646,0.22682352364063263,0.254648357629776,0.2800895571708679,0.3391195833683014,0.34580501914024353,0.3212842643260956,0.3496614694595337,0.4766162633895874,0.4474131166934967,0.37433579564094543,0.2913234531879425,0.25573045015335083,0.2946019768714905,0.300287663936615,0.29510849714279175,0.3591863811016083,0.3460552394390106,0.330280065536499,0.2983839511871338,0.3601227104663849,0.33882391452789307,19.209391559935785,17.12422153316776,20.264231791743033,16.371327832295307,18.14828180804842,19.819548259863357,62.93157808509744,4.763937973892582,5.92707577231896,5.898095740183792,4.233928166120411,3.8598691968007834,3.449143365551547,7.4225502975816555,2632.469614794281,1671.5144517712447,0.16670099894205728,0.15736858681344762,MariamB,French
-1.0,0.263797789812088,-0.0785672515630722,0.10134920477867126,-0.04513685777783394,0.008663371205329895,-0.07132779806852341,-0.015295187942683697,-0.04624513164162636,-0.008236009627580643,-0.042192038148641586,-0.020433107390999794,-0.007388359867036343,-0.015649056062102318,-0.03326624631881714,-0.016140593215823174,-0.008125262334942818,0.0,0.06254107505083084,0.06195390224456787,0.07385557144880295,0.031945012509822845,0.029277676716446877,0.04615366458892822,0.03387068212032318,0.032640788704156876,0.03694648668169975,0.03213544562458992,0.020807363092899323,0.020557619631290436,0.019265636801719666,0.028565822169184685,0.021493393927812576,0.014785521663725376,-2.4538844289878625e-09,-0.0007710822392255068,0.0007605916471220553,3.0688446713611484e-05,0.00021018674306105822,0.00027517162379808724,0.0003393809893168509,-8.518985123373568e-05,-0.00024522218154743314,-0.00014791380090173334,4.905472451355308e-05,-7.639181421836838e-05,-0.00034958228934556246,-0.0001487475383328274,-0.00020488037262111902,-0.00018229697889182717,8.490517211612314e-05,9.543370538267482e-09,0.012467548251152039,0.011692351661622524,0.011645113117992878,0.004866959061473608,0.004458281677216291,0.006740933284163475,0.005652880296111107,0.005350595805794001,0.0073377531953155994,0.005293130874633789,0.0039576878771185875,0.004162454977631569,0.003640909446403384,0.004208841826766729,0.0031489450484514236,0.002915730234235525,0.5610584020614624,0.5480124354362488,0.39054805040359497,0.2274094521999359,0.18486858904361725,0.13494449853897095,0.10995908081531525,0.15775737166404724,0.2591037452220917,0.3511706292629242,0.2743638753890991,0.38062331080436707,0.3455372452735901,0.3365864157676697,0.3297085464000702,0.2394641935825348,0.22268609702587128,0.1654054969549179,0.12878695130348206,0.19706237316131592,0.2903101444244385,0.3955915868282318,0.29033342003822327,0.31688883900642395,22.716113509175994,17.682848242558315,19.066819520660424,15.726680603903532,19.3527333250308,19.83859241933104,59.19171763767557,4.39306601473491,5.4192288634772305,5.557668831276104,3.407840276890364,3.735059578754586,4.389229755877124,6.680270440337083,1841.8274647211197,480.6680909479089,0.0867210210755814,0.044436169166774404,MariamB,French
-1.0,0.24265220761299133,-0.07870309054851532,0.11607994139194489,-0.09477274864912033,0.06412240862846375,-0.06829214096069336,0.027657149359583855,-0.040945492684841156,-0.010616952553391457,-0.058352865278720856,-0.009460650384426117,-0.023627957329154015,-0.01358938030898571,-0.024053454399108887,-0.02563416212797165,-0.016527317464351654,0.0,0.1237926036119461,0.09744232892990112,0.07943195849657059,0.053868573158979416,0.05864033102989197,0.05387009307742119,0.044377245008945465,0.038178130984306335,0.03160914406180382,0.030988791957497597,0.023586370050907135,0.024683047086000443,0.020182937383651733,0.02281027100980282,0.018282687291502953,0.015964839607477188,-2.4164203971110965e-09,-0.001767542096786201,0.0006509802769869566,-0.00043685175478458405,-0.0002896431542467326,0.00023712129041086882,-0.00027654017321765423,0.00017246782954316586,-4.4396856537787244e-05,-0.00020118850807193667,0.00012758496450260282,-0.00017663037579040974,0.0003049232473131269,-4.885378075414337e-05,7.372806430794299e-05,3.239466968807392e-05,-0.00028055263101123273,9.475018991622619e-09,0.027709849178791046,0.018935268744826317,0.013662994839251041,0.01095518097281456,0.011752699501812458,0.010345539078116417,0.008552055805921555,0.008123410865664482,0.007098425645381212,0.005940265953540802,0.004935039673000574,0.0056277792900800705,0.004174115601927042,0.004254474304616451,0.003760868450626731,0.0027419188991189003,0.5387479662895203,0.3309907615184784,0.19087576866149902,0.23434990644454956,0.223439022898674,0.17903204262256622,0.15668009221553802,0.20564426481723785,0.30440428853034973,0.4003326892852783,0.435008704662323,0.5503334403038025,0.3447721302509308,0.31692180037498474,0.22896558046340942,0.3156258463859558,0.3119964003562927,0.2674340009689331,0.22109471261501312,0.24182480573654175,0.3380897343158722,0.397350937128067,0.35106897354125977,0.36456233263015747,23.515826132276548,20.360547452579564,20.864475522681992,17.32880891831365,18.785635198484226,19.071347063626867,61.55835121591212,4.5459183273825206,6.126002617664878,6.007519829417234,4.188950412510095,3.6136761968028015,3.508684091272861,9.065391558861947,2487.407095939823,1288.0955504630351,0.13559309398854963,0.1190546344266044,MariamB,French
-1.0,0.265449196100235,-0.07290540635585785,0.10983635485172272,-0.0507284514605999,0.04004381597042084,-0.05529595911502838,0.02587033063173294,-0.03105541691184044,-0.019620565697550774,-0.03814088925719261,-0.01891326904296875,-0.024242164567112923,-0.01670200005173683,-0.01159533392637968,-0.027110328897833824,-0.014739627949893475,0.0,0.14367488026618958,0.08870188891887665,0.07509817183017731,0.044491786509752274,0.05447326600551605,0.049549974501132965,0.0368051640689373,0.03555677831172943,0.0345710925757885,0.028238695114850998,0.019911976531147957,0.02080008015036583,0.017080159857869148,0.015527297742664814,0.02032201550900936,0.013915348798036575,-2.277345867440772e-09,-0.0006143861683085561,0.0009220987558364868,1.9151100786984898e-05,0.000424679514253512,0.00011625970364548266,-1.837624040490482e-05,6.78662836435251e-05,-8.677357982378453e-05,-2.5280891350121237e-05,0.0001082434828276746,-1.4599834685213864e-05,-0.00015869711933191866,0.00018834621005225927,-2.9269491278682835e-05,0.000106607869383879,0.00014910908066667616,9.215515461846735e-09,0.030737239867448807,0.019291548058390617,0.015542938373982906,0.009669462218880653,0.011476508341729641,0.00928046926856041,0.007810821756720543,0.005873513873666525,0.00806281715631485,0.00473959743976593,0.003900316311046481,0.00410887785255909,0.003011054825037718,0.0027293525636196136,0.00403083860874176,0.002817817497998476,0.23170748353004456,0.23016539216041565,0.19806300103664398,0.24251791834831238,0.30409273505210876,0.19636809825897217,0.17720715701580048,0.2712761163711548,0.5141840577125549,0.6993968486785889,0.44128403067588806,0.27988627552986145,0.2657267451286316,0.29352670907974243,0.24249209463596344,0.25257182121276855,0.3145299553871155,0.22577913105487823,0.21755573153495789,0.2731729745864868,0.3511187732219696,0.3784223794937134,0.29670393466949463,0.28903940320014954,24.633598847508257,18.194582269600385,19.428790929270747,16.61680932696133,19.00754664794394,18.835199754692027,60.479797072102386,5.681640166026054,6.054731897633168,5.6685626508655265,3.902682658975603,3.7091288890762324,3.855570579055043,7.818042133849016,2242.7668536177002,1409.182727656603,0.12020149505395683,0.11927139015490498,MariamB,French
-1.0,0.20863427221775055,-0.05625998601317406,0.1219133660197258,-0.0711403489112854,0.053176939487457275,-0.07438798993825912,0.0305308997631073,-0.046422235667705536,-0.013056180439889431,-0.054396212100982666,-0.02301422506570816,-0.031242091208696365,-0.006089898757636547,-0.02649371139705181,-0.03428805619478226,-0.0018921701703220606,0.0,0.1193564236164093,0.0854811742901802,0.08551602810621262,0.052721261978149414,0.06180109828710556,0.05683062970638275,0.03686237707734108,0.032945241779088974,0.027965819463133812,0.037296976894140244,0.018403014168143272,0.025606440380215645,0.024614818394184113,0.023553181439638138,0.020569974556565285,0.017596302554011345,-2.573586010967688e-09,-0.001626458135433495,0.0006105546490289271,0.00037627460551448166,0.00016450545808766037,1.864391924755182e-05,0.000320882914820686,0.00012518458242993802,8.890470053302124e-05,0.00013281547580845654,0.00017577600374352187,9.180400957120582e-05,9.252964082406834e-05,9.624940139474347e-05,0.00019384728511795402,4.569676821120083e-05,1.960861118277535e-05,9.757591179493375e-09,0.024814685806632042,0.017610996961593628,0.01732226088643074,0.01102131325751543,0.012978662736713886,0.01125940028578043,0.007416210602968931,0.007039511576294899,0.005786264315247536,0.007088831625878811,0.0034442998003214598,0.00499423872679472,0.00522709172219038,0.004656878765672445,0.004076947458088398,0.003372849663719535,0.5877323746681213,0.40297016501426697,0.2912493944168091,0.22997796535491943,0.24769484996795654,0.26073893904685974,0.19872796535491943,0.2433524876832962,0.357820063829422,0.4935968816280365,0.44468989968299866,0.5271375179290771,0.330348938703537,0.2772350609302521,0.29110845923423767,0.24929337203502655,0.3060571551322937,0.3109595477581024,0.216262087225914,0.24918434023857117,0.33231452107429504,0.4248048663139343,0.3390738070011139,0.30099716782569885,23.571822348388466,18.47295949835763,19.076929323662256,15.657081120192956,17.8431088957376,18.024413953883673,62.38844704043345,4.955734095445823,6.3441124881140505,5.450048495586313,2.8308775861733126,3.048917450937068,3.2859349061863403,8.275897193456242,2601.7010290578496,1212.5344119294632,0.13927130970528456,0.1059520792260439,MariamB,French
-1.0,0.26683372259140015,-0.084122434258461,0.09965070337057114,-0.04755284637212753,0.03226679190993309,-0.05328508839011192,0.02098619006574154,-0.03429209813475609,-0.019224248826503754,-0.04540158063173294,-0.023750025779008865,-0.025100208818912506,-0.007195604033768177,-0.02747921086847782,-0.030742576345801353,-0.009532979689538479,0.0,0.09709334373474121,0.062267474830150604,0.06941170990467072,0.033744845539331436,0.03555389121174812,0.044517599046230316,0.02965661510825157,0.03022441640496254,0.02707173116505146,0.02906092070043087,0.016707031056284904,0.022805150598287582,0.026489244773983955,0.023716049268841743,0.018355248495936394,0.013875463977456093,-1.8842325477663735e-09,-0.0007860881160013378,0.00025984973763115704,0.00032997396192513406,0.00017839169595390558,1.1559481208678335e-05,-0.000117757088446524,6.74811308272183e-05,-0.0001380203029839322,-9.278117795474827e-05,0.00011368909326847643,-7.0388508902397e-05,-8.991309732664376e-05,-0.00026019790675491095,-0.00014753085270058364,-3.4464213968021795e-05,-0.0002236572909168899,8.426544795270274e-09,0.020079266279935837,0.012413553893566132,0.010866457596421242,0.0071878451853990555,0.006620548199862242,0.007526276633143425,0.006266339682042599,0.005007456988096237,0.005339563824236393,0.004743167199194431,0.0032346805091947317,0.0041501582600176334,0.004725201521068811,0.003524638945236802,0.0035976022481918335,0.002593093318864703,0.4658614695072174,0.3885745406150818,0.2752622663974762,0.20533660054206848,0.26186391711235046,0.2532646059989929,0.16201631724834442,0.23553462326526642,0.33516618609428406,0.514061689376831,0.5886932015419006,0.5521631240844727,0.30771684646606445,0.3402029871940613,0.2933858036994934,0.21809719502925873,0.3155374825000763,0.28432801365852356,0.17382657527923584,0.26153630018234253,0.30387982726097107,0.41045790910720825,0.36880484223365784,0.32701435685157776,22.647187972159045,17.79391707695228,18.49022310511181,16.440067904948787,18.265086585125996,18.130781231453742,60.08813794813802,4.358272454208017,6.327908376218951,5.27175756312856,4.106711616113986,3.344310917066526,3.578622644579526,7.353078211328384,2001.8206956472197,974.2119191385743,0.1053466796875,0.08887050508687329,MariamB,French
-1.0,0.28316637873649597,-0.09984143823385239,0.13144822418689728,-0.0708259716629982,0.034642674028873444,-0.053563691675662994,0.025990741327404976,-0.023273173719644547,-0.03304038941860199,-0.04330325126647949,-0.02064480446279049,-0.024558380246162415,-0.01766250841319561,-0.019473139196634293,-0.022801758721470833,-0.0154955442994833,0.0,0.11748266220092773,0.0980774462223053,0.08903121203184128,0.06714209169149399,0.056919440627098083,0.04195491969585419,0.032628946006298065,0.030419737100601196,0.03851163759827614,0.02683352679014206,0.01981993205845356,0.021486956626176834,0.018357452005147934,0.022392848506569862,0.015587549656629562,0.013541938737034798,-1.8842325477663735e-09,-0.0005092352512292564,0.0004583285772241652,5.6179240345954895e-05,0.00037258281372487545,-0.0002076473319903016,8.249098755186424e-05,1.6455638615298085e-05,-3.301124888821505e-05,-9.721097012516111e-05,0.000100524521258194,5.934153887210414e-05,0.0001232548092957586,-1.4257744624046609e-05,-2.7445964860817185e-06,-7.496891612390755e-06,-8.695488941157237e-05,8.426544795270274e-09,0.02444072626531124,0.018356120213866234,0.013023278675973415,0.011792358011007309,0.011195077560842037,0.008822072297334671,0.006334893871098757,0.0063180094584822655,0.006376882083714008,0.005279290955513716,0.00370294158346951,0.0036182187031954527,0.0035539406817406416,0.004099678713828325,0.0026427418924868107,0.0025327287148684263,0.3120533525943756,0.19586145877838135,0.17552921175956726,0.2516932487487793,0.2699197232723236,0.20414407551288605,0.1500612497329712,0.23330938816070557,0.450076162815094,0.5941271781921387,0.5362367033958435,0.5055616497993469,0.27080783247947693,0.20812459290027618,0.2112715244293213,0.3000084161758423,0.3272736668586731,0.23688477277755737,0.1796199381351471,0.2487219274044037,0.3881344497203827,0.40357881784439087,0.2997896671295166,0.35129445791244507,23.908846570962307,19.420997713672776,20.42518065060305,17.221491019802336,19.315439019168046,18.834919379781045,59.29507819933536,5.423068972052669,6.971589818740038,5.940508077251906,3.826549335598188,3.1283485529377852,3.954148373839517,7.680919196008492,2046.122213946169,1121.1848380541014,0.09978666759672619,0.09858797449829267,MariamB,French
-1.0,0.21203652024269104,-0.046316392719745636,0.09139029681682587,-0.07348978519439697,0.047163233160972595,-0.08110137283802032,0.04709133505821228,-0.06000702828168869,-0.02319660782814026,-0.05380892753601074,-0.019244393333792686,-0.03636689484119415,-0.014261748641729355,-0.024098902940750122,-0.02739967405796051,-0.012601458467543125,0.0,0.12295351177453995,0.06206002086400986,0.06601031869649887,0.03742235526442528,0.04305289313197136,0.049851782619953156,0.0430593267083168,0.03898916393518448,0.03578469902276993,0.03270077705383301,0.023876793682575226,0.022851960733532906,0.01584336906671524,0.019714634865522385,0.019801564514636993,0.017083048820495605,-2.19827134273487e-09,-0.0005338930059224367,0.0002930086338892579,-0.00019165061530657113,0.0005613710964098573,-0.00026693136896938086,-0.00015499505389016122,-9.025633335113525e-05,7.361277312156744e-06,1.4439509868680034e-05,-9.755081555340439e-05,3.974522405769676e-05,4.4349682866595685e-05,-0.0001897324837045744,-0.00019104349485132843,-4.06876097258646e-06,-2.482596755726263e-05,9.06370534181633e-09,0.02562757581472397,0.011959230527281761,0.01337435469031334,0.008208975195884705,0.009743792936205864,0.008741139434278011,0.007280983962118626,0.005814353469759226,0.007761949207633734,0.005708937533199787,0.004607588984072208,0.0038611660711467266,0.0028365482576191425,0.002894479548558593,0.003526258748024702,0.00335785117931664,0.39970889687538147,0.33420851826667786,0.313506543636322,0.26771602034568787,0.27963149547576904,0.2061360478401184,0.14652632176876068,0.18608514964580536,0.2926206886768341,0.41391026973724365,0.5759844779968262,0.5231953859329224,0.32628747820854187,0.31548720598220825,0.3268657624721527,0.30244365334510803,0.3371025323867798,0.27231812477111816,0.19559143483638763,0.22287075221538544,0.3016376495361328,0.37362200021743774,0.41122159361839294,0.3471287786960602,22.92954539077023,18.45645136636879,18.94929024952171,16.477076307332652,17.25636883766287,18.16516825164173,63.38197919087376,4.00149551787731,6.205571928850029,5.6881923728823685,3.9157102593581627,2.922144201081647,3.0708147435917654,8.377832204731844,2683.815099173928,1591.3625655358035,0.17341444227430555,0.1686158573221324,MariamB,French
-1.0,0.2958728075027466,-0.04922477900981903,0.12130048871040344,-0.05073041096329689,0.07727990299463272,-0.03492727130651474,0.046021029353141785,-0.010375452227890491,-0.006548313889652491,-0.04054915904998779,-0.014739417470991611,-0.003910450264811516,-0.009874805808067322,-0.028624799102544785,-0.017762551084160805,-0.006086431909352541,0.0,0.14428961277008057,0.08578343689441681,0.08187011629343033,0.04727723076939583,0.0444817952811718,0.05066889896988869,0.038153957575559616,0.03257365897297859,0.03693576529622078,0.038188423961400986,0.02928091213107109,0.02172193117439747,0.02307521365582943,0.03202349692583084,0.025907056406140327,0.01829434558749199,-1.9908872328500138e-09,-0.0008737233001738787,0.0006409083143807948,2.962561666208785e-05,-4.664549487642944e-05,0.00012796699593309313,-8.665245695738122e-05,0.00027669695555232465,-7.258578989421949e-05,4.930185241391882e-05,7.003964128671214e-05,0.00011430987797211856,-5.49389878869988e-05,-3.804156222031452e-05,-2.2130285287857987e-05,9.355171641800553e-05,-1.8219339835923165e-05,8.649482907685524e-09,0.03277866542339325,0.015595750883221626,0.012439596466720104,0.009571238420903683,0.009209558367729187,0.009243105538189411,0.008711944334208965,0.006779858842492104,0.0068392325192689896,0.006952498108148575,0.0054811881855130196,0.004651801194995642,0.004544364288449287,0.00481600034981966,0.004976850934326649,0.00318058580160141,0.5395584106445312,0.3583717346191406,0.2706107795238495,0.19428643584251404,0.14881856739521027,0.1608007550239563,0.28569063544273376,0.40477272868156433,0.3797041177749634,0.45602017641067505,0.41440725326538086,0.4103432297706604,0.37035104632377625,0.2865310609340668,0.29060986638069153,0.21813879907131195,0.19724135100841522,0.19295001029968262,0.30433523654937744,0.4267236590385437,0.36395496129989624,0.37948206067085266,0.3294508159160614,0.29061833024024963,22.95783372482526,17.503304569295615,17.910754601479585,17.75171344738882,18.649978176572603,18.54326764566418,60.87990132316138,3.8200397883635313,5.691730596889781,4.402462329404872,4.2727273922367255,3.5795803310588825,3.0241027519938344,7.394578283682704,2040.505129273119,1261.0188619458627,0.10644224154874214,0.12274332331110838,MariamB,German
-1.0,0.2865411639213562,-0.1080629900097847,0.07723047584295273,-0.11689924448728561,0.04905364289879799,-0.08719637244939804,0.011351591907441616,-0.06962905824184418,-0.017390189692378044,-0.059137195348739624,-0.06208357587456703,-0.036666225641965866,-0.0011395919136703014,-0.034197110682725906,-0.033660877496004105,-0.007313987240195274,0.0,0.15253068506717682,0.1365058422088623,0.0927601084113121,0.07116353511810303,0.05701734498143196,0.06646876782178879,0.04554959386587143,0.038848020136356354,0.04151364043354988,0.04195515066385269,0.03387945145368576,0.03285021707415581,0.02836683765053749,0.03129497542977333,0.02426234260201454,0.021024128422141075,-1.0344806122830619e-09,-0.0007392539991997182,0.00022875424474477768,-5.045681609772146e-05,-0.00018539985467214137,0.00018470044597052038,-0.0004114207113161683,6.77411153446883e-05,-0.0001501564693171531,7.097985508153215e-05,-5.2441373554756865e-06,1.984698246815242e-05,3.375141022843309e-05,9.283190593123436e-05,-0.0001114303813665174,-1.1086366612289567e-05,0.00016226395382545888,6.313722877848704e-09,0.028913697227835655,0.023537518456578255,0.015068301931023598,0.012580722570419312,0.009985552169382572,0.013402932323515415,0.009081568568944931,0.00638625118881464,0.007467997260391712,0.008041155524551868,0.0063740769401192665,0.00621540704742074,0.005365373566746712,0.006308260839432478,0.004359562415629625,0.0038268002681434155,0.42114049196243286,0.3455241322517395,0.2879478633403778,0.2708722651004791,0.20277036726474762,0.1567280888557434,0.18587934970855713,0.2382732480764389,0.2655044198036194,0.30253738164901733,0.3648570775985718,0.4058886766433716,0.37218356132507324,0.3318931758403778,0.3123907744884491,0.32571834325790405,0.2755136787891388,0.21747279167175293,0.25729432702064514,0.28965649008750916,0.3088938891887665,0.3405318558216095,0.3354565501213074,0.33865129947662354,20.446253716779513,18.77231050768357,19.65052621221305,19.402518027463017,19.77402947021017,20.15555456548171,61.84784085133341,4.9404097160318345,5.8137424037363115,5.771933885222783,4.973108788068793,4.567807843975358,3.4356497441552323,7.6229334243543265,2434.7919731984002,1417.7023779693197,0.14593864889705882,0.12668937112984033,MariamB,German
-1.0,0.28287604451179504,-0.10938411206007004,0.07482748478651047,-0.09066235274076462,0.03176123648881912,-0.0805489644408226,-0.003208587411791086,-0.04302158206701279,-0.026879409328103065,-0.0556630976498127,-0.052730873227119446,-0.03094486892223358,-0.014588438905775547,-0.030296124517917633,-0.02358957752585411,-0.008301087655127048,0.0,0.1338919848203659,0.12625649571418762,0.07141745090484619,0.04920681565999985,0.04201304540038109,0.053593311458826065,0.042361777275800705,0.035963576287031174,0.033019427210092545,0.034794509410858154,0.030582286417484283,0.02470017597079277,0.021006885915994644,0.028841650113463402,0.0220614243298769,0.022710666060447693,-1.6748734621430117e-09,-0.0005017616786062717,0.000706332444678992,-0.00020627409685403109,0.00020773957658093423,-0.0003006222832482308,0.0002021452964982018,-5.825543848914094e-05,-0.0002434173657093197,-8.298407192341983e-05,3.801573984674178e-05,5.788706039311364e-05,-0.0001447286776965484,-9.779635001905262e-05,1.2028627679683268e-05,-6.96295392117463e-05,4.8214519665634725e-06,7.966659332225845e-09,0.026392361149191856,0.026684492826461792,0.011723499745130539,0.009533659555017948,0.008330662734806538,0.010202190838754177,0.008757010102272034,0.005810046102851629,0.007072560954838991,0.005951543338596821,0.00585724925622344,0.004174266010522842,0.004176873713731766,0.00553633738309145,0.004220249131321907,0.003961437847465277,0.41556158661842346,0.3522656559944153,0.25567564368247986,0.24251636862754822,0.2087167352437973,0.22071333229541779,0.24562968313694,0.25648587942123413,0.34824591875076294,0.3471517860889435,0.4154466986656189,0.4134572744369507,0.38275831937789917,0.33667469024658203,0.2707425057888031,0.30451539158821106,0.2541586756706238,0.2607221007347107,0.30045706033706665,0.2721390128135681,0.36142343282699585,0.3075387179851532,0.35937997698783875,0.3320654332637787,20.697713178379317,18.399713731674076,19.19970553954549,18.91625276142405,19.86829322123938,18.841740810213405,60.21228344726068,5.497110932164582,5.788299465605348,5.911966438698441,4.367603331329285,4.276509064083476,3.5097844794512354,8.639019251281672,2180.509370875727,1075.7444893402014,0.11560123181216932,0.07730016949725796,MariamB,German
-1.0,0.23740099370479584,-0.1054825633764267,0.10189303010702133,-0.1148715540766716,0.032408278435468674,-0.07886824011802673,0.01097078900784254,-0.07684262096881866,-0.007759924046695232,-0.05689099803566933,-0.018815699964761734,-0.03685326874256134,-0.012199425138533115,-0.042951036244630814,-0.04017111286520958,-0.018640292808413506,0.0,0.16488251090049744,0.11040341109037399,0.10184447467327118,0.062104903161525726,0.06370672583580017,0.04761320352554321,0.04726426303386688,0.0511237308382988,0.04449407383799553,0.035853058099746704,0.033605240285396576,0.03225117176771164,0.030601399019360542,0.032394323498010635,0.02540399506688118,0.019838742911815643,-1.2662043635813802e-09,-0.0010432446142658591,-0.00019898428581655025,-6.201088399393484e-05,-0.0001394657010678202,8.46692782943137e-05,-0.00035220314748585224,0.0005649600643664598,-0.00018607046513352543,9.31944086914882e-05,3.0631243134848773e-05,0.00018752711184788495,-9.849361231317744e-05,5.8451503718970343e-05,-3.5668417694978416e-05,0.00013753374514635652,-2.0270608729333617e-06,6.9641226119188104e-09,0.03479895368218422,0.024623196572065353,0.014986327849328518,0.009677918627858162,0.013679149560630322,0.00867914967238903,0.009060060605406761,0.006362315732985735,0.00785095989704132,0.005955010652542114,0.005790733266621828,0.0052164769731462,0.005041785072535276,0.005827455781400204,0.00441925460472703,0.003172139870002866,0.334926575422287,0.39252999424934387,0.4300783574581146,0.3575918674468994,0.2955242097377777,0.3084120750427246,0.2732197940349579,0.27895185351371765,0.2792178988456726,0.3627170920372009,0.43098995089530945,0.41388610005378723,0.31336697936058044,0.3568996787071228,0.36592164635658264,0.33399006724357605,0.3096717894077301,0.3219842314720154,0.27454492449760437,0.30412688851356506,0.2789883315563202,0.3250710666179657,0.350750207901001,0.3486374318599701,21.53694298022225,18.37503129132776,18.926127700283608,16.83001419721661,19.119822097019735,19.822340994042218,62.469870048386,4.527800682550778,6.348712864088257,5.753198632247418,4.113308455363677,4.304301903300567,4.078381443790821,7.879021304963382,2643.7378028620883,1437.3707626430378,0.167708984375,0.14362070071539376,MariamB,German
-1.0,0.2764357626438141,-0.11623763293027878,0.07803814858198166,-0.0998622477054596,0.03585321456193924,-0.07041574269533157,-0.010068432427942753,-0.053981974720954895,-0.02611771784722805,-0.04477887600660324,-0.03148577734827995,-0.032791513949632645,-0.015767144039273262,-0.04291939735412598,-0.03769359737634659,-0.024882236495614052,0.0,0.14019593596458435,0.13843786716461182,0.0735902488231659,0.05551068112254143,0.0548890084028244,0.05627800151705742,0.044515211135149,0.04167557880282402,0.03644698113203049,0.029155757278203964,0.025903768837451935,0.02740124799311161,0.029935088008642197,0.03348469361662865,0.026288514956831932,0.023281455039978027,-1.5292322963489369e-09,-0.0011695472057908773,-0.00045934141962789,0.00044779572635889053,-0.00010704313172027469,-0.0003254890616517514,-0.00042376670171506703,0.00025025231298059225,-0.00026707915822044015,-0.00014030766033101827,8.439135126536712e-05,-3.443338073338964e-06,-3.897130591212772e-05,2.352154660911765e-05,2.065601438516751e-05,-5.269612302072346e-06,-3.5339995520189404e-05,7.627021680889357e-09,0.02989138476550579,0.029860148206353188,0.013079947791993618,0.01042911410331726,0.010680180974304676,0.010732104070484638,0.009521299041807652,0.006510470062494278,0.006568171549588442,0.006026552990078926,0.004452161956578493,0.0052466304041445255,0.005828944034874439,0.005838189274072647,0.005319719202816486,0.004096182528883219,0.4259766936302185,0.4587416648864746,0.3201298117637634,0.24241165816783905,0.2991185188293457,0.2636229991912842,0.20355522632598877,0.24637369811534882,0.2789056897163391,0.32182732224464417,0.2910366356372833,0.36864784359931946,0.3601738214492798,0.3787481486797333,0.31295421719551086,0.3021879494190216,0.3699902296066284,0.3129584789276123,0.2381400614976883,0.2880012094974518,0.30973294377326965,0.34974876046180725,0.2878289222717285,0.32654398679733276,20.697118088698794,19.617846212511825,19.493011248878375,18.494327892385613,19.95201117592214,19.674810819284655,60.64730590948064,4.436581483363334,6.122424227029196,5.64776880279088,4.513443854865158,4.931434462437996,3.9063583952450345,8.240702115688647,2245.440587448662,1207.2758900437457,0.12775041515700483,0.1126330414529057,MariamB,German
-1.0,0.24602071940898895,-0.09385571628808975,0.09968939423561096,-0.10616131126880646,0.03516974300146103,-0.08557447791099548,0.016516005620360374,-0.07742476463317871,-0.03413781151175499,-0.05303650721907616,-0.021430930122733116,-0.038398392498493195,-0.020515836775302887,-0.043644629418849945,-0.03821035474538803,-0.014745093882083893,0.0,0.14794448018074036,0.11725597083568573,0.08206206560134888,0.053821951150894165,0.06803341954946518,0.06228267773985863,0.04229387640953064,0.03959495201706886,0.04002287611365318,0.03196430206298828,0.027055272832512856,0.022978587076067924,0.02529151737689972,0.030704926699399948,0.02804732136428356,0.024512477219104767,-1.895515522321034e-09,0.0004110720765311271,-0.0008206372731365263,0.00027776535716839135,-0.00012133243581047282,-0.0001687956537352875,3.83176447940059e-05,-0.0001791016256902367,0.00024474383099004626,-5.616766429739073e-05,0.00014940758410375565,9.646423859521747e-05,-1.376461295876652e-05,0.00021710951114073396,0.00016009151295293123,0.00016553148452658206,-0.00013142410898581147,8.450471433718576e-09,0.034709490835666656,0.02599281445145607,0.015091150999069214,0.011264017783105373,0.013870803639292717,0.012482958845794201,0.009564434178173542,0.007882051169872284,0.008125155232846737,0.006592138204723597,0.006022758781909943,0.004607202485203743,0.004564287140965462,0.006162775680422783,0.0056258621625602245,0.004753300454467535,0.3368203043937683,0.46498313546180725,0.3133963942527771,0.20111607015132904,0.21872402727603912,0.27430182695388794,0.2332199215888977,0.25437289476394653,0.21308711171150208,0.1971992403268814,0.25029075145721436,0.2334928959608078,0.3565562963485718,0.41883590817451477,0.3263546824455261,0.26844900846481323,0.2833251357078552,0.3341110348701477,0.2836596667766571,0.3504609763622284,0.28631114959716797,0.2647746503353119,0.33647865056991577,0.30290764570236206,21.061270420317292,21.446437315289717,19.920260350460737,18.037953461899846,19.57009988471785,19.663232674151743,61.71282477879923,4.394609690094833,5.988325769997964,5.21949592141537,4.335202919104448,4.102010520311139,3.708291387425366,9.014942261612068,2488.6087893502877,1409.3692294858304,0.13407852264221556,0.11995938851764548,MariamB,German
-1.0,0.23148681223392487,-0.07870196551084518,0.07552509009838104,-0.07592622190713882,-0.045052316039800644,-0.07296498864889145,0.035577356815338135,-0.06926331669092178,-0.005295625422149897,-0.04142240807414055,-0.010645688511431217,-0.033715035766363144,-0.009711324237287045,-0.012520692311227322,-0.039765652269124985,-0.0048973471857607365,0.0,0.12227412313222885,0.08322795480489731,0.08024731278419495,0.058304209262132645,0.0695493072271347,0.047601182013750076,0.03410801291465759,0.04619676619768143,0.027795549482107162,0.03227560222148895,0.0219949409365654,0.04053345322608948,0.02389427274465561,0.024539794772863388,0.03358480706810951,0.02244928851723671,-1.0447230858190437e-09,-0.0005112524959258735,-0.00031670936732552946,-2.971559479192365e-05,-8.616507693659514e-05,0.00012442865408957005,3.101568290730938e-05,0.00025247663143090904,0.00012670439900830388,0.00012188870459794998,0.00010588604345684871,0.00016342056915163994,0.0002177567657781765,3.860237848130055e-05,-7.614241621922702e-05,0.00018982218171004206,0.00010850103717530146,6.344058611773562e-09,0.025011371821165085,0.017283445224165916,0.013151808641850948,0.008537924848496914,0.013528062961995602,0.007855705916881561,0.006174379959702492,0.006244003307074308,0.005096757784485817,0.0053475601598620415,0.004268111195415258,0.006910121999680996,0.0040229856967926025,0.004558068700134754,0.0053519452922046185,0.003854339709505439,0.4087992012500763,0.39127054810523987,0.30474746227264404,0.25752928853034973,0.3032069206237793,0.2749682664871216,0.27687257528305054,0.2866048216819763,0.35939958691596985,0.3554239571094513,0.30588027834892273,0.34595510363578796,0.3579363524913788,0.34406518936157227,0.31020763516426086,0.268014132976532,0.3289002776145935,0.2941044867038727,0.2880510985851288,0.2868695557117462,0.35835638642311096,0.3757990896701813,0.34697574377059937,0.3288234770298004,21.925459725088412,17.854287481662023,20.303562553012302,18.51264923601455,18.896415807036558,19.93895895191999,62.97416578780584,4.822802527516857,5.905300096546772,6.112057982877016,4.9038741991742585,3.935658086353229,4.50666464023905,6.562210528954047,2391.6869236611838,1064.0643748305758,0.14012060385726072,0.10408139784557208,MariamB,German
-1.0,0.22559016942977905,-0.0881689190864563,0.10870587825775146,-0.08278735727071762,-0.05198227986693382,-0.13501738011837006,0.05041223764419556,-0.05444905534386635,-0.021540839225053787,-0.06198382377624512,-0.002679096069186926,-0.05536605417728424,0.017134547233581543,-0.058137375861406326,-0.04508259519934654,-0.004032442811876535,0.0,0.13282544910907745,0.08586864173412323,0.07246755063533783,0.06119818240404129,0.07191149890422821,0.061342719942331314,0.03986003249883652,0.033278319984674454,0.03132759407162666,0.027259400114417076,0.02728382870554924,0.03744921833276749,0.02996467426419258,0.03166000172495842,0.028922945261001587,0.024958888068795204,-2.19827134273487e-09,-0.0006954846903681755,0.0009235349716618657,-0.001211612718179822,0.0008567313198000193,0.0011211329838261008,0.0014827344566583633,-0.0003027350176125765,0.0006939070299267769,0.00016283061995636672,0.0003350299084559083,-0.00011815383186331019,0.0006116407457739115,-0.0006114530842751265,9.871160727925599e-05,0.00019294091907795519,-0.00018874285160563886,9.06370534181633e-09,0.029678137972950935,0.019859198480844498,0.012894058600068092,0.009581804275512695,0.016458841040730476,0.012272532097995281,0.008540580980479717,0.006217838730663061,0.005552386399358511,0.005296806804835796,0.005392919760197401,0.006487983278930187,0.006796731613576412,0.006748805288225412,0.005420404952019453,0.0046805269084870815,0.30270183086395264,0.2933797240257263,0.4479310214519501,0.4872235059738159,0.2846303880214691,0.19038549065589905,0.20686471462249756,0.15653981268405914,0.09307575970888138,0.11634288728237152,0.1408269852399826,0.24811702966690063,0.35187864303588867,0.3098459541797638,0.39175933599472046,0.4005577564239502,0.30723080039024353,0.2739142179489136,0.2900163233280182,0.2384272664785385,0.15439338982105255,0.19278523325920105,0.20505422353744507,0.32233569025993347,20.943473603634644,20.29474897999461,21.924324793925557,20.373496923300124,21.200322890873526,21.850589320506,62.783066033797795,3.8302598716520713,5.560745469815399,6.099398396931764,5.32917946604547,4.467642422381885,4.490247367245037,7.460717905800913,2509.2263511091182,1336.1432849803502,0.15913560655381945,0.12442792895620995,MariamB,German
-1.0,0.2551822364330292,-0.08436990529298782,0.0719967931509018,-0.05444445461034775,-0.01957288570702076,-0.09902877360582352,0.015906373038887978,-0.03824042156338692,-0.02158821001648903,-0.041634418070316315,-0.016256293281912804,-0.04498472809791565,0.0027631004340946674,-0.02993413805961609,-0.03357253968715668,-0.002164149424061179,0.0,0.12691070139408112,0.0867404043674469,0.06654244661331177,0.039778679609298706,0.06315304338932037,0.062227677553892136,0.04024524241685867,0.03776489943265915,0.024450691416859627,0.023621320724487305,0.025382574647665024,0.03135751560330391,0.026053108274936676,0.027753910049796104,0.02768513187766075,0.01860329695045948,-1.0803791195002077e-09,-0.0001933806634042412,0.00031382497400045395,6.105032662162557e-05,0.00016559500363655388,-3.872318484354764e-05,5.024548954679631e-05,-0.00011913733760593459,-9.151388803729787e-05,-3.127932359348051e-05,6.526331708300859e-05,2.228072662546765e-05,-6.988270615693182e-05,2.7670172130456194e-05,5.8859433920588344e-05,-9.507869435765315e-06,-5.9362697356846184e-05,6.448424016980425e-09,0.02580735832452774,0.015497972257435322,0.011066258884966373,0.007982431910932064,0.011826576665043831,0.0096582667902112,0.00741971330717206,0.006774670444428921,0.004893283825367689,0.004302386660128832,0.005079049617052078,0.004877517465502024,0.004604744259268045,0.004613844677805901,0.004780676681548357,0.0030452271457761526,0.3675774335861206,0.3907904624938965,0.30376502871513367,0.29443225264549255,0.27470308542251587,0.25069281458854675,0.2675042748451233,0.1923881471157074,0.23929965496063232,0.3992721438407898,0.38651517033576965,0.3864350914955139,0.334646075963974,0.3738046884536743,0.30340656638145447,0.30974292755126953,0.30529865622520447,0.2760956883430481,0.29148855805397034,0.2226186841726303,0.2823474407196045,0.39989277720451355,0.33205363154411316,0.35446324944496155,21.786630104871264,17.912764278306817,19.729664768430293,17.86441207707732,18.873056938243412,19.933623733221932,61.11137679217523,4.868787571974533,5.706801833419413,5.962529310646428,5.098985595863046,3.977523968002712,4.594881109177718,7.552444800518106,2262.746450826899,1292.9667121147547,0.13868354042235495,0.12745137871930676,MariamB,German
-1.0,0.2613334655761719,-0.1028498187661171,0.05671493336558342,-0.07627332210540771,0.021389199420809746,-0.035548027604818344,-0.015582040883600712,-0.036552008241415024,-0.012978827580809593,-0.042499274015426636,-0.013905631378293037,-0.025261007249355316,-0.006301612593233585,-0.02447972074151039,-0.029566295444965363,-0.008975563570857048,0.0,0.12776745855808258,0.1059846505522728,0.06572288274765015,0.05239640176296234,0.042804498225450516,0.06069555878639221,0.041889388114213943,0.03476982191205025,0.028020545840263367,0.03571395203471184,0.023609738796949387,0.02954697795212269,0.026341432705521584,0.030751407146453857,0.025135088711977005,0.022450938820838928,-2.398114151702657e-09,-0.0003898249997291714,0.0009693176252767444,-6.384526932379231e-05,0.0006856682593934238,3.075004133279435e-05,0.00017916450451593846,-2.3244343537953682e-05,2.649813177413307e-05,-0.00010929548443527892,5.366204641177319e-05,-0.00013627487351186574,0.0001042767908074893,-0.0002658725716173649,-6.039053914719261e-05,0.00017660953744780272,-0.00031760914134792984,9.441385451225415e-09,0.025356721132993698,0.0237960796803236,0.011961795389652252,0.01013481430709362,0.008264455012977123,0.011361157521605492,0.008199752308428288,0.007095107343047857,0.005966995842754841,0.0063218832947313786,0.00465181190520525,0.005773976910859346,0.005594724789261818,0.005973506718873978,0.0049559734761714935,0.004400483798235655,0.4891664981842041,0.36946868896484375,0.21825267374515533,0.2295684516429901,0.2602555453777313,0.21309630572795868,0.16065099835395813,0.2803070843219757,0.41597166657447815,0.45011067390441895,0.3815741539001465,0.3847055733203888,0.33795490860939026,0.30896615982055664,0.26360058784484863,0.28724297881126404,0.2764575481414795,0.24996934831142426,0.18601740896701813,0.26310789585113525,0.38352829217910767,0.43988656997680664,0.33927488327026367,0.30307379364967346,22.01471577663991,17.63912477608064,18.292287010459376,17.899685938288634,18.87080118426449,21.480945744090604,59.024942068429375,4.383114115405212,5.501575723605591,5.653293417343583,5.43860312865327,4.542215966486969,5.852575952891478,9.478348310770754,2304.769168494891,1333.9800088301415,0.14711322206439395,0.13538245273921007,MariamB,German
-1.0,0.21787802875041962,-0.09601884335279465,0.028404701501131058,-0.08455575257539749,0.04425075650215149,-0.11784813553094864,0.02041374333202839,-0.04951499029994011,0.0016871647676452994,-0.06252162158489227,-0.012299871072173119,-0.03604055568575859,-0.005594464484602213,-0.03356723487377167,-0.027124546468257904,-0.008280395530164242,0.0,0.1350678950548172,0.09421103447675705,0.05562407523393631,0.04302555322647095,0.046182677149772644,0.05748704448342323,0.042477451264858246,0.037083689123392105,0.02679506689310074,0.03113604709506035,0.0254389438778162,0.026009002700448036,0.023387925699353218,0.030384421348571777,0.02709362283349037,0.02429398149251938,-2.5946806925247756e-09,-0.0008085857261903584,0.001328110694885254,0.0002506971650291234,0.00034829703508876264,-0.000311062962282449,0.00035205110907554626,-0.000358055520337075,-0.00019079788762610406,-0.0002441789547447115,6.43062376184389e-05,-0.00017739796021487564,0.0002150486398022622,0.0003458748396951705,1.0435697959110257e-06,0.00017726093938108534,5.6757395213935524e-05,9.794704602938964e-09,0.033057887107133865,0.022194286808371544,0.009833344258368015,0.0062671080231666565,0.009956956841051579,0.008527226746082306,0.008765934035182,0.006761681288480759,0.00440863985568285,0.0043663885444402695,0.00517280213534832,0.004616915713995695,0.0031760521233081818,0.005010674241930246,0.005331452935934067,0.005073855631053448,0.3432536721229553,0.31904545426368713,0.29283377528190613,0.33241006731987,0.30508705973625183,0.33063337206840515,0.3217284679412842,0.29065605998039246,0.3791715204715729,0.474234938621521,0.4383939206600189,0.36459359526634216,0.3221226632595062,0.29591789841651917,0.30368903279304504,0.3414277136325836,0.29956620931625366,0.3136022388935089,0.3216978907585144,0.24892768263816833,0.342937707901001,0.37521544098854065,0.3482951819896698,0.3234252333641052,21.238929030433017,16.495445890950823,18.616162735023703,17.123103045655828,19.708603730045045,18.312082258441908,62.66204824657704,4.718970919372664,4.615506441713722,5.119199119658076,4.326413355675972,4.235453472462116,3.1288088828093863,8.98616012570059,2870.9684965623337,1641.3911924716128,0.20467389216188525,0.1554554947226116,MariamB,German
-1.0,0.3106164336204529,-0.04892376437783241,0.07190018892288208,-0.06208205968141556,0.07745674252510071,-0.036822013556957245,0.04291297495365143,-0.016055669635534286,0.026142751798033714,-0.0172448568046093,-0.03005659207701683,-0.01368126180022955,-0.0026281075552105904,-0.03155821934342384,-0.030052445828914642,0.009715273045003414,0.0,0.15743383765220642,0.11424989253282547,0.05947239324450493,0.05261103808879852,0.047516100108623505,0.06384797394275665,0.046014197170734406,0.04145524650812149,0.028757812455296516,0.032529279589653015,0.03742053732275963,0.02652948722243309,0.03141855075955391,0.037346597760915756,0.027973005548119545,0.022458115592598915,-1.966155682708859e-09,-0.0009657575865276158,-1.3190073389068857e-07,-6.75414121360518e-05,-8.187246567104012e-05,0.00039795023621991277,-0.00012555468128994107,-3.08036724163685e-05,-0.0002778871566988528,0.0001842721103457734,0.00023926002904772758,-0.0003256826603319496,0.00013655611837748438,1.978277214220725e-05,-0.0002710050903260708,4.131515743210912e-05,-9.381319978274405e-05,8.598418865801705e-09,0.03579806163907051,0.027784379199147224,0.012056238949298859,0.007534427102655172,0.010006322525441647,0.011488774791359901,0.010131658054888248,0.007388933561742306,0.005370249506086111,0.006192557513713837,0.006834461819380522,0.004690822679549456,0.00639395322650671,0.006352993659675121,0.005491906311362982,0.004409273155033588,0.390074759721756,0.24427743256092072,0.24980692565441132,0.1998366117477417,0.15225592255592346,0.23499466478824615,0.4694671630859375,0.6269853711128235,0.5647322535514832,0.4900560975074768,0.3996839225292206,0.45941710472106934,0.31301939487457275,0.25105419754981995,0.2731654644012451,0.2009103149175644,0.17460331320762634,0.19969019293785095,0.3262374699115753,0.3762657046318054,0.3633880317211151,0.3273467421531677,0.2782982587814331,0.3225194811820984,23.559564667032383,17.209027429911945,17.766248255754824,17.77672085565073,18.451978130452424,18.59096250592436,61.5115294094163,5.005643182734139,5.6263620900902955,5.218027872258249,4.207702473695168,4.063644848138495,3.5826108602647695,8.256158587618549,2226.688981176568,1450.2288598742568,0.11710561432453416,0.13320450482946275,MariamB,German
-1.0,0.2785949409008026,-0.1300279051065445,0.08813262730836868,-0.08754824101924896,0.016964176669716835,-0.0676538273692131,0.01579519920051098,-0.05475514009594917,-0.04018722474575043,-0.04501241445541382,-0.028160830959677696,-0.027802512049674988,-0.012952450662851334,-0.03114769607782364,-0.034485410898923874,-0.012003524228930473,0.0,0.1154090166091919,0.13557206094264984,0.06736856698989868,0.05444109067320824,0.04080451652407646,0.05767842009663582,0.043313246220350266,0.042793869972229004,0.03396196663379669,0.0340304896235466,0.027077309787273407,0.028429388999938965,0.024921918287873268,0.022817611694335938,0.024385573342442513,0.018657231703400612,-1.7684418374130928e-09,-0.00019050018454436213,0.000342638639267534,7.388204539893195e-05,0.00038761316682212055,-9.175929153570905e-05,7.198832463473082e-05,-0.00022568058921024203,5.739487096434459e-05,-0.00013296963879838586,-0.00017599863349460065,-0.0002839586522895843,-6.724388367729262e-05,-2.6114232696272666e-06,-2.761820360319689e-05,7.477577310055494e-05,-5.693288767361082e-05,8.176055388275927e-09,0.02493569813668728,0.02733493782579899,0.01216312125325203,0.011078216135501862,0.007657833397388458,0.009974957443773746,0.00798807479441166,0.0059755523689091206,0.006303503178060055,0.006052104756236076,0.005421494599431753,0.004866807255893946,0.003965618088841438,0.003375752829015255,0.004640983883291483,0.003143359674140811,0.4220674932003021,0.5202600359916687,0.39755797386169434,0.21821801364421844,0.2496974915266037,0.24952305853366852,0.143422931432724,0.14119556546211243,0.26484376192092896,0.27663540840148926,0.3074551522731781,0.34387683868408203,0.33991026878356934,0.368872731924057,0.35772719979286194,0.26576662063598633,0.31541430950164795,0.31485435366630554,0.19691874086856842,0.18569603562355042,0.32288658618927,0.3246934711933136,0.37450292706489563,0.33053338527679443,21.397156594487477,20.028889922270345,20.352493142267598,18.75962994669366,19.46796379032987,19.213065780128314,60.0677673974427,4.472325604909481,6.136798122289907,6.0511884855528475,5.157079372809994,4.231374281090449,3.679507156570346,7.965003408780367,2161.328743984571,1138.1993969460586,0.1160663626047486,0.10568786823276755,MariamB,German
-1.0,0.29321861267089844,-0.09106947481632233,0.06295124441385269,-0.09073074162006378,0.017742514610290527,-0.043628402054309845,-0.004440716002136469,-0.054149772971868515,-0.04131324216723442,-0.03159637004137039,-0.026716990396380424,-0.03139607980847359,-0.01895108073949814,-0.03454071655869484,-0.03214481845498085,-0.011662956327199936,0.0,0.12883946299552917,0.10219632834196091,0.06717055290937424,0.06614270806312561,0.04227272421121597,0.054268162697553635,0.0484815388917923,0.03367532044649124,0.039118003100156784,0.02743510715663433,0.023680305108428,0.026093844324350357,0.019763270393013954,0.027780769392848015,0.021023813635110855,0.017569316551089287,-2.398114151702657e-09,-0.00019886161317117512,0.0004482235526666045,-0.0008832390303723514,5.237859659246169e-05,1.2099460946046747e-05,0.00031505804508924484,9.012917871586978e-05,-9.631978173274547e-05,-0.00010956767073366791,-5.540027268580161e-05,-0.00033994653495028615,5.7522658607922494e-05,-0.00019582353706937283,-0.00011401790106901899,-0.00014785154780838639,-0.00021056568948552012,9.441385451225415e-09,0.024946726858615875,0.021165361627936363,0.01219571940600872,0.013995291665196419,0.009275329299271107,0.01160724088549614,0.01020839437842369,0.0053825899958610535,0.007102562580257654,0.005114621948450804,0.004389796406030655,0.005567531567066908,0.004140278324484825,0.005092737730592489,0.0036710414569824934,0.0038658177945762873,0.44872093200683594,0.32743674516677856,0.2673691213130951,0.26301440596580505,0.36468270421028137,0.246700718998909,0.23712784051895142,0.23295199871063232,0.22688984870910645,0.2981320917606354,0.32189130783081055,0.4652439057826996,0.33316925168037415,0.33028367161750793,0.29890909790992737,0.2626499533653259,0.3678116202354431,0.2456444352865219,0.2675551772117615,0.24684056639671326,0.2792854905128479,0.38297590613365173,0.30719926953315735,0.35147425532341003,20.884091774576678,18.731351430822922,18.97359260714252,17.758911576006277,18.01318573892663,19.552158623749442,58.15369227600164,4.654986753145943,5.984127663138485,5.509694134405318,4.55688921283601,3.3475605688080816,4.290445616160405,8.62319797326601,2008.917135101728,1266.211188838029,0.11037375710227272,0.106963298360059,MariamB,German
-1.0,0.2187119871377945,-0.08110526949167252,0.1019163429737091,-0.08231464773416519,0.03638052940368652,-0.09512794762849808,0.03533855080604553,-0.06183292716741562,-0.020104125142097473,-0.052951909601688385,-0.014359495602548122,-0.023834463208913803,-0.026027962565422058,-0.023172849789261818,-0.025777893140912056,-0.004024665802717209,0.0,0.1276303082704544,0.0732058510184288,0.0724499449133873,0.04976269602775574,0.04248940572142601,0.056684862822294235,0.0357750803232193,0.038771938532590866,0.029991399496793747,0.033423878252506256,0.019669990986585617,0.022170865908265114,0.019983438774943352,0.02381916157901287,0.020359139889478683,0.01583009772002697,-2.2136439348230397e-09,-0.0013585106935352087,-6.709377885272261e-06,-4.245570016792044e-05,-0.00022355029068421572,-0.00016063597286120057,-0.0004304005124140531,0.00032708971411921084,-0.00011202588939340785,-0.00015579344471916556,-0.00014622390153817832,-6.671009759884328e-05,7.897196337580681e-05,-8.319222251884639e-05,-0.0002211728278780356,-5.59456275368575e-05,2.286090875713853e-06,9.09347086519574e-09,0.02948373183608055,0.015446281991899014,0.013922427780926228,0.009832549840211868,0.008262229152023792,0.008608702570199966,0.0070058261044323444,0.006696360185742378,0.005255714990198612,0.005078729707747698,0.004162629600614309,0.0041312528774142265,0.0032316246069967747,0.0034189866855740547,0.003589518368244171,0.002950458787381649,0.44950979948043823,0.3877887725830078,0.2594844400882721,0.20038464665412903,0.24748769402503967,0.19639427959918976,0.2184913009405136,0.30672192573547363,0.37291011214256287,0.45688480138778687,0.4968509376049042,0.5197985172271729,0.3351559042930603,0.33414098620414734,0.28864437341690063,0.21976403892040253,0.2914927303791046,0.20784907042980194,0.2430126667022705,0.29839789867401123,0.35681307315826416,0.3828275203704834,0.3239976763725281,0.3332456350326538,21.99555912958781,17.44904752755603,18.98944359917173,15.968767263616854,17.415302207052836,17.735554317212586,62.92258793623822,4.603313304315802,6.294437123729416,5.672844821386648,3.6969425413495265,2.807847387275584,2.517892371579457,8.973692068018776,2563.6628547454343,1295.210009197639,0.15826458697552448,0.12480079499623929,MariamB,German
-1.0,0.19999539852142334,-0.08919298648834229,0.09633947163820267,-0.10832816362380981,0.03948840871453285,-0.09786807000637054,0.03255311772227287,-0.057171259075403214,-0.029036685824394226,-0.04894639924168587,-0.016480110585689545,-0.024510178714990616,-0.018148383125662804,-0.03528667613863945,-0.026776017621159554,-0.011909483931958675,0.0,0.16748467087745667,0.09774848818778992,0.05398576706647873,0.05418120697140694,0.05301359295845032,0.053010549396276474,0.03694356977939606,0.037539683282375336,0.04167066887021065,0.02906189113855362,0.030934730544686317,0.026172876358032227,0.01969924382865429,0.023550603538751602,0.02306511625647545,0.020531445741653442,-2.573586010967688e-09,-0.0015748280566185713,0.0006530795944854617,-0.0001742046297295019,-0.0003213159507140517,-0.00017986104649025947,-0.0005006995052099228,0.0001860682386904955,-0.0001552265603095293,0.00034170507569797337,-9.37069853534922e-05,0.00016811778186820447,-0.0001545302220620215,-0.00011502570851007476,-0.0001173669079435058,-0.0001233288348885253,-8.702463674126193e-06,9.757591179493375e-09,0.0328255258500576,0.01899002119898796,0.009278464131057262,0.008291181176900864,0.011292270384728909,0.00912512093782425,0.007538214325904846,0.005210309289395809,0.008468291722238064,0.005108843557536602,0.005207114387303591,0.0038553352933377028,0.0029670018702745438,0.003894201712682843,0.004217705223709345,0.0032038483768701553,0.36126744747161865,0.3685488700866699,0.4088630676269531,0.30584684014320374,0.2576971650123596,0.2511937618255615,0.23167391121387482,0.28509148955345154,0.27085620164871216,0.3112073838710785,0.3209429085254669,0.31482425332069397,0.3483325242996216,0.3048061728477478,0.35916686058044434,0.2897627055644989,0.2969744801521301,0.3205678164958954,0.2679746448993683,0.3426703214645386,0.31485483050346375,0.3761850595474243,0.34160277247428894,0.2967730760574341,21.77370746910911,18.806980680399455,19.673044776470512,17.347061090351406,19.246607983694812,19.157899108949554,62.694284223238725,4.571160889461039,6.91039115610999,5.360790827712023,4.556864158284552,4.047298832394564,3.0639444569883683,9.478108844228606,2884.171770924343,1604.7296385922814,0.17798447027439024,0.16385927055689153,MariamB,German
-1.0,0.29917728900909424,-0.08954393863677979,0.07909572869539261,-0.08191083371639252,0.029051395133137703,-0.06773951649665833,0.01837271824479103,-0.056967172771692276,-0.03051145188510418,-0.05607093498110771,-0.025738727301359177,-0.03582089766860008,-0.009127228520810604,-0.045399293303489685,-0.036061789840459824,-0.011629537679255009,0.0,0.13310721516609192,0.093988798558712,0.0841643214225769,0.06314058601856232,0.04577350243926048,0.06123502552509308,0.037605561316013336,0.0455511137843132,0.03281161189079285,0.039266496896743774,0.029532434418797493,0.03009163960814476,0.035084739327430725,0.034976519644260406,0.02042006514966488,0.015968168154358864,-2.637925655690765e-09,7.861908670747653e-05,0.000717415357939899,-0.0003566574596334249,0.00013556603516917676,5.708138269255869e-05,0.0002049151371465996,-0.0002053526259260252,7.39012539270334e-05,-0.00023561179114039987,-0.00012013968080282211,3.306654252810404e-05,0.00013944697275292128,0.0001998317748075351,-0.000255858147284016,-0.00017952271446119994,2.2856580471852794e-05,9.87021486764661e-09,0.030181458219885826,0.02273762784898281,0.01566244475543499,0.014153891243040562,0.010087753646075726,0.009667790494859219,0.007329783868044615,0.008960005827248096,0.007047784514725208,0.0065225111320614815,0.006314774509519339,0.005821505095809698,0.00579598406329751,0.007191083859652281,0.003966303076595068,0.0031374564860016108,0.3160528838634491,0.2198353260755539,0.2257383167743683,0.27574023604393005,0.3302147090435028,0.20749302208423615,0.14165396988391876,0.21358834207057953,0.3178462088108063,0.322338730096817,0.3809460401535034,0.4620439410209656,0.30984166264533997,0.28225934505462646,0.3039708733558655,0.2904866337776184,0.3729676604270935,0.25248557329177856,0.18613001704216003,0.2763645052909851,0.3843924105167389,0.33711546659469604,0.344225138425827,0.3672989308834076,22.245277313913995,19.92870473538199,19.300438316258692,18.365814262075258,18.590093568857746,18.6323348508598,60.70288409954334,5.0827087702020926,5.6325247592870635,5.098666499305651,4.503040346692551,3.9784560258410533,3.2052790279155126,9.32129960968563,2057.8658480833824,1052.7252144184663,0.0994140625,0.08073120278692789,MariamB,German
-1.0,0.2380259782075882,-0.10836220532655716,0.08672382682561874,-0.10170026123523712,0.040195390582084656,-0.09524935483932495,0.008045854978263378,-0.05798109248280525,-0.018881991505622864,-0.03027919866144657,-0.017413480207324028,-0.03247494250535965,-0.005827725864946842,-0.02323509007692337,-0.030274175107479095,-0.007941529154777527,0.0,0.18344339728355408,0.1255469173192978,0.05838485062122345,0.05805514007806778,0.03780880570411682,0.05666642636060715,0.044047266244888306,0.03460454195737839,0.03443674370646477,0.03297897428274155,0.028203211724758148,0.02325708232820034,0.02039962261915207,0.0219002403318882,0.023288488388061523,0.016604894772171974,-2.705564883243028e-09,-0.0017933646449819207,0.0003886954509653151,-0.0003515343414619565,-0.0007081005605868995,0.0005303188227117062,-0.0010712075745686889,0.0005349756102077663,-0.0005668670637533069,0.00015077351417858154,-0.00023077244986779988,-0.00013827125076204538,-0.0002931517956312746,-7.921341602923349e-05,-0.0004775051202159375,-0.00013698147085960954,2.1520550944842398e-05,9.986795390659609e-09,0.038894496858119965,0.028192991390824318,0.008956607431173325,0.011016112752258778,0.0069047072902321815,0.01105013769119978,0.009809116832911968,0.00752874044701457,0.00693417526781559,0.00713724922388792,0.0057601029984653,0.004792757332324982,0.0038200384005904198,0.004490206018090248,0.004449411761015654,0.003404565853998065,0.4256650507450104,0.3905978500843048,0.413580060005188,0.23090830445289612,0.1867123395204544,0.26325488090515137,0.28026196360588074,0.289307177066803,0.29844725131988525,0.30439087748527527,0.30378928780555725,0.38457566499710083,0.33961933851242065,0.30623701214790344,0.3874598443508148,0.24737931787967682,0.2047583907842636,0.31168797612190247,0.3173070251941681,0.30311453342437744,0.3168652355670929,0.3547671437263489,0.30680298805236816,0.33519452810287476,22.059914914252357,17.526281957179304,18.981940234866315,16.56039126595934,17.535322835222036,18.704518100709127,60.465267938245916,4.592486138192104,6.256895760244814,5.380419121746682,4.122822226757703,3.172366937789189,2.946443482229669,9.089063575383898,2673.7533167625706,1565.7005035489628,0.18542167467948717,0.15630687954914244,MariamB,German
-1.0,0.29098787903785706,-0.057332172989845276,0.07790608704090118,-0.05307428166270256,0.08991791307926178,-0.057386819273233414,0.04546587914228439,-0.01669752411544323,0.01786099560558796,-0.029442738741636276,-0.024437865242362022,-0.006541138514876366,-0.006470360793173313,-0.020259158685803413,-0.0161052905023098,-0.006113070994615555,0.0,0.1652372032403946,0.12431377172470093,0.08718712627887726,0.04511278122663498,0.03738918527960777,0.062150515615940094,0.04503890872001648,0.03469625487923622,0.026960931718349457,0.030550137162208557,0.03479289263486862,0.029839500784873962,0.024621853604912758,0.037037529051303864,0.020171605050563812,0.020449219271540642,-2.728888670588958e-09,-0.000478415924590081,-0.00034373061498627067,-0.00014598632697016,0.00035826853127218783,-0.0003948997473344207,2.6469471777090803e-05,-0.00017169599595945328,0.0004231317725498229,-0.00014813068264629692,-5.070336919743568e-05,-0.00013346724153961986,-5.6512781156925485e-05,0.00035633498919196427,-0.00018746979185380042,-0.0001945736730704084,-0.00011023169645341113,1.0026576902077977e-08,0.040024541318416595,0.027244359254837036,0.015919717028737068,0.006944972090423107,0.008199292235076427,0.01161094382405281,0.009904938749969006,0.006594222504645586,0.005701539106667042,0.006481643300503492,0.006106523796916008,0.005285133607685566,0.004543990362435579,0.005825987085700035,0.004034682177007198,0.003408996621146798,0.4549506604671478,0.29268836975097656,0.26571595668792725,0.23626010119915009,0.2393275648355484,0.20101815462112427,0.3343817889690399,0.5803331732749939,0.5833709836006165,0.5051410794258118,0.4485745131969452,0.4198760390281677,0.31702399253845215,0.25041836500167847,0.30298563838005066,0.2065889686346054,0.2631479501724243,0.15360328555107117,0.24127672612667084,0.3980066776275635,0.36419877409935,0.36127981543540955,0.3095857799053192,0.2664932906627655,23.358200542778185,16.17461144122964,16.6825005724586,16.976925745083996,19.01384790795641,17.982986340939377,62.02589158291618,4.25624411121862,5.12692166585143,4.445658349386129,4.005504018447145,4.205349565975264,2.912644190714197,9.236505705476493,2369.659486986906,1337.68796000352,0.12936927532327586,0.13164728487729835,MariamB,German
-1.0,0.20902737975120544,-0.05014336109161377,0.10698075592517853,-0.058943524956703186,0.07438847422599792,-0.04386001080274582,0.03584272786974907,-0.027711955830454826,0.010939334519207478,-0.043345604091882706,-0.01266501471400261,-0.006496843416243792,-0.0173246618360281,-0.01218381803482771,-0.01933986134827137,-0.003829912282526493,0.0,0.15306386351585388,0.079304538667202,0.07052333652973175,0.0697953924536705,0.03760089725255966,0.051163479685783386,0.029677901417016983,0.03721507638692856,0.03194275125861168,0.03923637419939041,0.028876088559627533,0.017693454399704933,0.019125530496239662,0.03606431186199188,0.01692543737590313,0.0169806070625782,-1.7985857247992953e-09,-0.00011395493493182585,-0.0006280458183027804,-8.113741205306724e-05,0.00020753592252731323,-0.0003242234524805099,-0.0002444938581902534,-0.00026795919984579086,-0.00025582575472071767,-5.848176442668773e-05,-6.356479570968077e-05,-0.00012222204532008618,0.00014141376595944166,-0.00010086472320836037,-0.00012644553498830646,3.445969559834339e-05,7.340753654716536e-05,8.24215540262685e-09,0.03336664289236069,0.01634221151471138,0.014176988042891026,0.009676891379058361,0.005997232627123594,0.00817845854908228,0.005323681049048901,0.006186833139508963,0.005670677870512009,0.005024949554353952,0.005795290227979422,0.0032415101304650307,0.0036456366069614887,0.004805055912584066,0.003054167376831174,0.0029511137399822474,0.5436812043190002,0.40665876865386963,0.41834938526153564,0.4050784111022949,0.2988174259662628,0.27400699257850647,0.4325982928276062,0.6196350455284119,0.6065388321876526,0.5799576044082642,0.5188136100769043,0.5159438848495483,0.3267976641654968,0.2689098119735718,0.2976592183113098,0.29202234745025635,0.24428871273994446,0.20817770063877106,0.2671121656894684,0.3630141317844391,0.34348562359809875,0.3220502734184265,0.2774035632610321,0.28488436341285706,24.33539336969069,14.278394597214849,16.444198463512887,15.97272479843041,17.495929521556175,17.401691011104248,64.69391157828674,4.75181408719399,4.689622160963236,4.0828288346104475,3.544393289003415,2.870439237192183,2.353336663314708,7.804939226796574,2697.8783245819777,1047.237835986785,0.16136030717329544,0.11332885671875076,MariamB,German
-1.0,0.3062908947467804,-0.05196770280599594,0.1465669572353363,-0.050736214965581894,0.05000363290309906,-0.01815233752131462,0.030755814164876938,-0.015659691765904427,-0.01887163706123829,-0.03156418725848198,-0.016188208013772964,-0.01765851117670536,-0.016581986099481583,-0.0221414677798748,-0.021610742434859276,-0.01911906525492668,0.0,0.13156616687774658,0.09667444974184036,0.09689943492412567,0.04123388230800629,0.05152278393507004,0.04786150902509689,0.03680730238556862,0.045027997344732285,0.044611021876335144,0.03322683274745941,0.024268601089715958,0.025124257430434227,0.0195082426071167,0.023989789187908173,0.019055644050240517,0.018891997635364532,-2.4164203971110965e-09,-0.0010460098274052143,0.0011496265651658177,-0.00012740066449623555,4.083927706233226e-05,2.1550547899096273e-05,0.0003168763651046902,2.0204432075843215e-05,-0.0004677533288486302,-0.00020491069881245494,5.822187813464552e-05,4.006277958978899e-05,3.8183541619218886e-05,-0.0001602381671546027,0.0002399745280854404,-7.43475102353841e-05,0.00011494589125504717,9.475018991622619e-09,0.028668303042650223,0.023563258349895477,0.01770743913948536,0.007547283079475164,0.009309380315244198,0.008159846998751163,0.006460794247686863,0.00654725544154644,0.007831353694200516,0.006133082788437605,0.004878324456512928,0.0050631375052034855,0.0035267441999167204,0.004447676241397858,0.003390065860003233,0.003948816563934088,0.5833281874656677,0.4516048729419708,0.34588682651519775,0.2965228855609894,0.25836560130119324,0.24014663696289062,0.30108824372291565,0.4112997353076935,0.4205493927001953,0.41363683342933655,0.39250171184539795,0.4426083266735077,0.38513606786727905,0.32972297072410583,0.3139084577560425,0.2794380486011505,0.26771244406700134,0.25437453389167786,0.26190799474716187,0.35032913088798523,0.3314579427242279,0.3192603886127472,0.32064881920814514,0.30542242527008057,21.542117767955975,16.102967762647317,16.745909759161886,16.646037660565206,17.561664461750894,19.484652523210105,59.478425409273086,5.41963354514229,4.620020876403054,4.023546874171397,3.3903834760572176,2.999491120301668,4.224961006576651,7.905044509575234,2046.2327465594765,1232.1215674856699,0.10319134661259542,0.10578431836601526,MariamB,German
-1.0,0.2853457033634186,-0.06558581441640854,0.1346854865550995,-0.04859352111816406,0.057072632014751434,-0.057654984295368195,0.015861066058278084,-0.015241282992064953,0.002127503277733922,-0.033831436187028885,-0.023869656026363373,-0.01877039670944214,0.003187089692801237,-0.03565405309200287,-0.016896748915314674,-0.003060351824387908,0.0,0.1503131091594696,0.11177781224250793,0.11270050704479218,0.06636257469654083,0.049966491758823395,0.07602600008249283,0.037320513278245926,0.053930532187223434,0.03574072942137718,0.043831758201122284,0.03426939994096756,0.022197609767317772,0.027905691415071487,0.04109536111354828,0.02775065042078495,0.019793692976236343,-2.637925655690765e-09,-5.618197246803902e-05,-0.0006645843968726695,8.326845272677019e-05,-0.00020592569489963353,0.0011202589375898242,-0.00027325903647579253,-1.3001511433685664e-05,-0.00028031886904500425,0.0002096580428769812,0.00011922272824449465,-2.696452065720223e-05,-1.734232864691876e-05,-0.0003315955400466919,0.00019031445845030248,-0.0005330276908352971,0.0001310794468736276,9.87021486764661e-09,0.02869768813252449,0.019252970814704895,0.018834859132766724,0.009631500579416752,0.01059152465313673,0.00995485857129097,0.0076069156639277935,0.008557314984500408,0.006339448969811201,0.007585475221276283,0.004858084954321384,0.0032614620868116617,0.005000191740691662,0.006616666447371244,0.004888490308076143,0.004297982435673475,0.3577767014503479,0.30448541045188904,0.364164263010025,0.31153610348701477,0.23810987174510956,0.27558621764183044,0.5233056545257568,0.5444924831390381,0.491254061460495,0.43600207567214966,0.3708103895187378,0.44043609499931335,0.2821485698223114,0.25345975160598755,0.300066739320755,0.25063639879226685,0.2549069821834564,0.24648357927799225,0.3999338150024414,0.39812925457954407,0.32812443375587463,0.31539762020111084,0.27711787819862366,0.32226499915122986,20.95256323201967,16.12820746691915,16.314178922053692,14.726536520206166,17.138817402797734,17.121592124197694,55.21194945573278,4.961550986333258,4.412673382569636,5.151085576354228,4.018882211102376,4.310184434017391,4.5893633606214825,10.86711778563651,2536.7184190418457,1012.8406562687519,0.11417643229166667,0.09265120814391727,MariamB,German
-1.0,0.2454775869846344,-0.07544005662202835,0.034952349960803986,-0.07973571121692657,0.044988252222537994,-0.07521908730268478,0.011894653551280499,-0.034536659717559814,-0.009956576861441135,-0.04013312980532646,-0.03939594700932503,-0.02644643746316433,-0.010243366472423077,-0.01805925741791725,-0.016477661207318306,-0.013900896534323692,0.0,0.14305479824543,0.07124041020870209,0.04567941278219223,0.043876610696315765,0.035120900720357895,0.051270708441734314,0.033030979335308075,0.028966577723622322,0.02790345437824726,0.029497656971216202,0.026755565777420998,0.02538646012544632,0.022738270461559296,0.0240629930049181,0.016646793112158775,0.01249188557267189,-2.042265023760592e-09,-0.0012613452272489667,1.3574044714914635e-05,6.970996037125587e-05,-0.00024002112331800163,-0.0001652180653763935,0.0005122855654917657,-0.000356786185875535,-0.00021941524755675346,1.427480765414657e-05,0.00012579876056406647,0.00013311643851920962,0.0001354469859506935,9.373173816129565e-05,0.00010509599087527022,0.00013924538507126272,0.00024574517738074064,8.754388325371565e-09,0.028995085507631302,0.016407782211899757,0.009664912708103657,0.00947804655879736,0.006506797857582569,0.009369059465825558,0.007623007521033287,0.004924649838358164,0.004752738866955042,0.005539481062442064,0.004651249386370182,0.0042012883350253105,0.0038334205746650696,0.0032167041208595037,0.0033944202587008476,0.0026327772065997124,0.5047787427902222,0.3586350679397583,0.29837682843208313,0.3686901032924652,0.3885849714279175,0.2727503776550293,0.24946027994155884,0.3493417501449585,0.45781758427619934,0.5213633179664612,0.47034701704978943,0.5567224025726318,0.35200241208076477,0.3150046765804291,0.2456628382205963,0.2867230474948883,0.3487914204597473,0.2488444298505783,0.20586428046226501,0.28644874691963196,0.3443099558353424,0.3533783257007599,0.27905043959617615,0.3165307343006134,21.579350116189467,15.081348255184533,16.421339264400903,16.852682815093427,17.874551094084104,17.35586699599926,61.46199354856714,4.947436041617928,5.05684957179064,5.158119719725755,4.132798909047908,3.305709386704629,3.3706296550013883,7.441508701869828,2328.2298919456057,1266.547485917846,0.14690020161290324,0.1184214971200102,MariamB,German
-1.0,0.2899831235408783,-0.19308330118656158,0.08579687029123306,-0.10054000467061996,0.021381434053182602,-0.050684429705142975,-0.022680960595607758,-0.02945020981132984,-0.03545735031366348,-0.0630582943558693,-0.0788092166185379,-0.033022645860910416,-0.011432817205786705,-0.04539545252919197,-0.0173324067145586,-0.017036037519574165,0.0,0.17401878535747528,0.13589729368686676,0.09269215166568756,0.06348957866430283,0.05483772233128548,0.06250730901956558,0.050939399749040604,0.03611944243311882,0.04250800609588623,0.03846284747123718,0.03670312464237213,0.02020452544093132,0.027308359742164612,0.025753382593393326,0.026171864941716194,0.016126643866300583,-3.517233837513345e-09,-0.0009347369195893407,0.0008247102377936244,0.0015999191673472524,0.00013295412645675242,-0.0005754419253207743,-0.0011645485647022724,0.00031038670567795634,-5.946226519881748e-05,-0.0011052504414692521,0.00012257721391506493,0.0007553975447081029,0.00034050887916237116,-0.0007486557587981224,0.00019508760306052864,0.0013935097958892584,-9.800226689549163e-05,1.126064308465402e-08,0.03828940540552139,0.032178498804569244,0.011558184400200844,0.013099980540573597,0.012136382050812244,0.008861331269145012,0.011888128705322742,0.00719351414591074,0.009119165129959583,0.007600030861794949,0.00823255255818367,0.00425064517185092,0.005948432721197605,0.0043932474218308926,0.004715399816632271,0.003367468947544694,0.25652652978897095,0.2503584623336792,0.4956173002719879,0.3224215507507324,0.11111670732498169,0.09796057641506195,0.1274712234735489,0.1734769642353058,0.20376300811767578,0.2510954737663269,0.3213125765323639,0.35455048084259033,0.3000624477863312,0.28002795577049255,0.40696707367897034,0.3192937970161438,0.17666973173618317,0.14549262821674347,0.17450015246868134,0.2513965666294098,0.2570705711841583,0.3124374449253082,0.3472558856010437,0.38170045614242554,19.276857815847077,20.501278856925193,20.387898996021708,22.243827679914567,22.80391392049686,21.034737314053977,55.83466942783791,4.266426930400546,6.128076293993026,6.4266319729605375,5.491236663197868,4.754941875123438,4.386957952997238,9.598902888266775,1980.0960620476997,1045.3518298214008,0.11367730034722222,0.10190764624903555,MariamB,German
-1.0,0.27274951338768005,-0.04649753496050835,0.16087661683559418,-0.07061618566513062,0.056329138576984406,-0.059800077229738235,0.03425869345664978,-0.04710504412651062,0.0009501294698566198,-0.03145790100097656,-0.05318038910627365,-0.029471764340996742,0.0004332999815233052,-0.03242398425936699,-0.020619606599211693,-0.0064440579153597355,0.0,0.13661831617355347,0.0921296551823616,0.1209045797586441,0.06580865383148193,0.06275926530361176,0.05522030219435692,0.04459086060523987,0.0443609282374382,0.032403089106082916,0.03726523369550705,0.03357457369565964,0.024351606145501137,0.0251599308103323,0.02970695309340954,0.02174217440187931,0.019461436197161674,-1.574881003385542e-09,-0.00047478711348958313,0.0004182435804978013,-5.473852434079163e-05,0.0002479995891917497,0.00010399201710242778,0.0001679204433457926,-0.0001068056226358749,8.532972060493194e-06,4.295363396522589e-05,0.00011662938049994409,0.0003072258841712028,0.00015812646597623825,-2.3314070858759806e-05,-3.982746784458868e-05,0.00010076141188619658,9.555001452099532e-05,7.735375007200673e-09,0.028694001957774162,0.019588833674788475,0.01847296766936779,0.011587928049266338,0.012454019859433174,0.009649110026657581,0.010172160342335701,0.007744215428829193,0.006600446533411741,0.006682827603071928,0.0058615063317120075,0.004252930171787739,0.004196725320070982,0.005077718291431665,0.004156272392719984,0.003393803955987096,0.37316393852233887,0.4250822067260742,0.40822118520736694,0.32436075806617737,0.29956215620040894,0.26041194796562195,0.22475206851959229,0.27462226152420044,0.3796558678150177,0.37892428040504456,0.3035111427307129,0.3288830816745758,0.3186124265193939,0.3423549234867096,0.3378565311431885,0.3156626522541046,0.30858081579208374,0.3001886308193207,0.24787992238998413,0.2806278467178345,0.364616334438324,0.3656030595302582,0.29936933517456055,0.3250008523464203,19.212391162075605,17.326782635443287,19.848048125387947,18.360152631724024,19.88121397451334,20.466394780469855,61.473941245220416,4.417964768419491,6.325393948643401,5.696959122651921,4.855280558379982,4.212779125536763,4.527828982600392,6.891496340860188,2229.6918968801206,1195.3500503054452,0.11838269589552239,0.10093862145290973,MariamB,German
-1.0,0.25317999720573425,0.08404014259576797,0.042055416852235794,0.07828722149133682,0.035914480686187744,0.0255912933498621,0.013144425116479397,0.015024019405245781,0.02814011089503765,0.011433103121817112,0.010047497227787971,0.024963680654764175,0.018060436472296715,0.002845780225470662,0.027631087228655815,-0.018226265907287598,0.0,0.1042862981557846,0.06680957227945328,0.041685640811920166,0.047614213079214096,0.04120147228240967,0.032330114394426346,0.038012657314538956,0.022624114528298378,0.023511474952101707,0.021786879748106003,0.017961978912353516,0.029796460643410683,0.0198564063757658,0.01523183286190033,0.02691810205578804,0.032871443778276443,-1.3189628278453824e-09,0.00023450324079021811,4.5841807150281966e-05,0.000266868359176442,0.0001938495406648144,0.0002524671726860106,6.57681084703654e-05,5.327888356987387e-05,7.059945346554741e-05,7.351976091740653e-05,4.32721026299987e-05,9.864578896667808e-05,4.521186201600358e-05,1.019986029859865e-05,4.507934863795526e-05,5.392793900682591e-05,-1.3785013834421989e-05,7.102832988437058e-09,0.0200607031583786,0.012097133323550224,0.007949880324304104,0.008423770777881145,0.009193063713610172,0.006298641208559275,0.006128055043518543,0.004340603481978178,0.005402415990829468,0.003882047953084111,0.0036610763054341078,0.0037457195576280355,0.0038384953513741493,0.00266219861805439,0.004804437980055809,0.004932438023388386,0.6543734073638916,0.6203364729881287,0.5765790939331055,0.5988110303878784,0.5788618326187134,0.5629503130912781,0.5675652027130127,0.6093988418579102,0.5599427819252014,0.5579586625099182,0.5601856708526611,0.6158440113067627,0.2567940950393677,0.2614017128944397,0.26682382822036743,0.2955309748649597,0.30759409070014954,0.32173940539360046,0.30345994234085083,0.3209168016910553,0.2887527346611023,0.29718756675720215,0.25876951217651367,0.25825539231300354,15.102618857518484,13.632748261051983,14.68555611566369,14.435405478392086,17.359988227298143,17.234821534089058,43.0604340161772,4.03142644963211,4.359229934069327,4.773801633201016,3.0381175715795106,3.11808496712849,2.854715791376139,4.118328463251905,1771.14988256561,1064.9968399774657,0.05065511067708333,0.05505528964880265,MWalaa,Arabic
-1.0,0.22398510575294495,0.08945050090551376,0.036026086658239365,0.0421186238527298,0.02375883050262928,0.019362807273864746,0.015012199059128761,0.009256545454263687,0.007599054370075464,0.0005327993421815336,0.0011134629603475332,0.025449683889746666,0.02354172058403492,-0.0006649178103543818,0.031340695917606354,-0.011995736509561539,0.0,0.12937167286872864,0.07518529146909714,0.041693344712257385,0.05523836612701416,0.046292744576931,0.02846134454011917,0.03141731023788452,0.0337720550596714,0.030923709273338318,0.022851543501019478,0.024144718423485756,0.02994387410581112,0.023910706862807274,0.018789278343319893,0.03162866830825806,0.028673535212874413,-1.7392915996339298e-09,0.0007353558321483433,9.53043854678981e-05,-0.00015201677160803229,0.00023039572988636792,5.1713588618440554e-05,2.434619455016218e-05,0.0001642808347241953,3.7485989423657884e-07,-3.867706982418895e-05,-3.446592381806113e-05,-1.0936063290500897e-06,-0.0001238336699316278,-0.00011211938544875011,-5.673449413734488e-05,3.1855448469286785e-05,-6.295078492257744e-05,8.111517679765257e-09,0.024585800245404243,0.01174189429730177,0.007802748586982489,0.00985023844987154,0.009459223598241806,0.005006816238164902,0.005504373461008072,0.005280352663248777,0.004163667093962431,0.0031927945092320442,0.0033383623231202364,0.004882716573774815,0.0039712958969175816,0.0034411647357046604,0.004727485124021769,0.0046340590342879295,0.6368860006332397,0.5931459069252014,0.5427223443984985,0.606225848197937,0.5809661746025085,0.5272651314735413,0.49242472648620605,0.5238131284713745,0.5199621319770813,0.5818354487419128,0.5615270137786865,0.5301249027252197,0.3296593725681305,0.3096461892127991,0.2872076630592346,0.3163088858127594,0.3140580952167511,0.31860169768333435,0.3283078968524933,0.34518224000930786,0.3257708251476288,0.3351583778858185,0.2954156994819641,0.2867651581764221,16.01032260503658,13.029587481746105,15.893442085322192,15.463771443888943,15.750262986835233,16.83978571270423,43.10682758753521,3.845917110472748,4.407954940181661,5.120375844977061,4.191659952010126,2.443468541671252,3.1819837609253345,4.710645524637764,2160.884075556588,1295.393502021399,0.08254904275412088,0.10787299239734664,MWalaa,Arabic
-1.0,0.2608663737773895,0.056141648441553116,0.04102550446987152,0.07702649384737015,0.01977352611720562,0.0030377788934856653,0.0003926435310859233,0.007244058419018984,0.01675521582365036,0.0091467360034585,0.0057929460890591145,0.0365096777677536,0.010292354971170425,-0.003147121984511614,0.03555027395486832,-0.025354407727718353,0.0,0.1335085928440094,0.07090943306684494,0.060040902346372604,0.05573918670415878,0.041003357619047165,0.04376218467950821,0.05230344459414482,0.03448808193206787,0.03150319308042526,0.035340566188097,0.0192069374024868,0.042546238750219345,0.019588906317949295,0.02129228413105011,0.04091903939843178,0.04770294949412346,-9.563476677243443e-10,0.0001530604058643803,8.449565939372405e-06,1.0344568181608338e-05,0.00010286845645168796,6.22975203441456e-05,1.5289941075025126e-05,-5.463793422677554e-05,-5.1917231758125126e-05,-1.5978569081198657e-06,-1.4441645362239797e-05,2.9201883080531843e-05,-3.394428131286986e-05,-1.812720938687562e-06,3.0350525776157156e-05,4.992446702090092e-05,8.665508357807994e-05,6.07675954000797e-09,0.020195618271827698,0.011924179270863533,0.012816857546567917,0.010349510237574577,0.006029740907251835,0.0073252408765256405,0.00772879458963871,0.005326591897755861,0.006110239773988724,0.006971011869609356,0.003365915734320879,0.007238214835524559,0.003767631482332945,0.004158101975917816,0.006955462973564863,0.007589810527861118,0.5868049263954163,0.5042650103569031,0.5179773569107056,0.541630208492279,0.5652556419372559,0.5190308690071106,0.5048767924308777,0.5004169344902039,0.5269132256507874,0.5116346478462219,0.5166545510292053,0.5903834104537964,0.3109785318374634,0.29427048563957214,0.3155287802219391,0.316628098487854,0.33989855647087097,0.3332652747631073,0.34338369965553284,0.33403530716896057,0.34410959482192993,0.32384517788887024,0.29897576570510864,0.3059338629245758,15.363244001498453,13.975669110628285,16.064902285733403,14.09147312584162,17.21888327430032,17.75053603304117,43.52027758969236,3.535373875303799,4.706103271231954,5.003551792861658,2.7971260529566244,3.3989004611577576,4.019564526147915,3.821525478763763,2169.5258871944075,1090.3026663139447,0.07372161773036254,0.0881929651195517,MWalaa,Arabic
-1.0,0.2931123673915863,0.07040873914957047,0.022863859310746193,0.05023137107491493,0.02887321636080742,0.026654766872525215,-0.0020679300650954247,-0.008245045319199562,-0.002090263180434704,0.002874234924092889,-0.013132061809301376,0.036101605743169785,0.025182073935866356,0.0008744128281250596,0.03322746232151985,-0.018838368356227875,0.0,0.1655186265707016,0.07774418592453003,0.05762544646859169,0.07486893981695175,0.04717233404517174,0.03389165177941322,0.047000933438539505,0.05383741855621338,0.04091687127947807,0.03188112750649452,0.03519606962800026,0.03828469291329384,0.03322755545377731,0.027741195634007454,0.030094359070062637,0.036015383899211884,-8.992928623996477e-10,0.0001083877868950367,3.5119199310429394e-05,-1.6700862033758312e-05,1.5118857845664024e-05,4.871564306085929e-05,5.920023249927908e-05,5.420707384473644e-05,-3.259858567616902e-05,3.448308780207299e-05,2.0565725208143704e-05,-3.558142270776443e-05,-2.881372165575158e-05,2.7715688702301122e-05,2.7051475626649335e-05,2.3108732420951128e-05,-3.457885395619087e-05,5.8970575089745125e-09,0.030182382091879845,0.01473857369273901,0.009522088803350925,0.013284311629831791,0.009470946155488491,0.006150439381599426,0.008107866160571575,0.010036755353212357,0.005674310494214296,0.005845213774591684,0.005229942966252565,0.0066114566288888454,0.00647745281457901,0.004912831820547581,0.005384508054703474,0.007314945571124554,0.4973164498806,0.4393743574619293,0.4231779873371124,0.4149685800075531,0.41677477955818176,0.3984118700027466,0.4128771126270294,0.4397205114364624,0.45069530606269836,0.5034258961677551,0.5299561619758606,0.5117791295051575,0.28812381625175476,0.2768959403038025,0.28702718019485474,0.336237370967865,0.3443793058395386,0.34727615118026733,0.34301018714904785,0.3399107754230499,0.32325059175491333,0.3286993205547333,0.3209911584854126,0.2977314293384552,16.221544943131004,14.780067594080151,17.70624333538071,15.8050596933406,17.22821878725873,18.280723038279618,44.32832345271676,3.828692992597339,4.640152065445844,5.584351107372275,4.014867115283618,3.0463065649191368,3.4108552291679004,3.6015331327989175,2315.2877899463306,1356.6737603827569,0.08976606889204546,0.11386019380515626,MWalaa,Arabic
-1.0,0.28285208344459534,0.07222407311201096,0.041822630912065506,0.07356896251440048,0.015431961975991726,0.00507194921374321,-0.019865022972226143,0.0022909636609256268,-0.001458395621739328,-0.0077455961145460606,-0.007219439838081598,0.04502274841070175,0.01993556320667267,-0.011663486249744892,0.05095812678337097,-0.026962565258145332,0.0,0.15847128629684448,0.08193238824605942,0.06983346492052078,0.055929034948349,0.0481722354888916,0.05076746270060539,0.0471639484167099,0.04382538050413132,0.03605068847537041,0.037910863757133484,0.02907625585794449,0.03418726846575737,0.028259312734007835,0.0308064054697752,0.039477378129959106,0.04461926221847534,-1.031110974381022e-09,2.67948598775547e-05,0.00014446175191551447,-8.459413220407441e-05,3.146872768411413e-05,9.746815339894965e-05,5.5718657677061856e-05,6.434316333070456e-07,1.8452454241923988e-05,-3.6189132515573874e-05,3.495732380542904e-05,4.992782123736106e-05,3.709560405695811e-05,6.583461527043255e-06,-4.278673077351414e-05,6.585528171854094e-05,1.864872501755599e-05,6.303707777988166e-09,0.030828312039375305,0.01684807799756527,0.014166801236569881,0.011049183085560799,0.010634624399244785,0.009190279059112072,0.008184046484529972,0.008850532583892345,0.0061037600971758366,0.006994484458118677,0.0049057696014642715,0.005932057276368141,0.005407201126217842,0.0061410218477249146,0.007130227517336607,0.007948454469442368,0.4715917110443115,0.4757367968559265,0.4301297962665558,0.4434746503829956,0.43197154998779297,0.3790828585624695,0.34863585233688354,0.3734804689884186,0.4619269371032715,0.5244979858398438,0.5057294368743896,0.47616374492645264,0.3134955167770386,0.32381317019462585,0.31407564878463745,0.3213796615600586,0.33628636598587036,0.3179749846458435,0.315816193819046,0.3068806827068329,0.33702850341796875,0.3259083032608032,0.2920622229576111,0.3073292672634125,16.095008633415528,14.744927692098019,17.869654791613602,15.198720998173028,17.935298758435408,19.123140361510785,44.97874203379984,3.7970854398039053,5.271401023033947,5.389619135080803,3.15578667852785,3.372669605924331,3.8157483381233464,4.29369825220138,2499.0354810575204,1324.9881382338965,0.09623434955211727,0.09559263812632662,MWalaa,Arabic
-1.0,0.2852891981601715,0.03650987893342972,0.04113974794745445,0.0766051858663559,0.0302785225212574,0.013837705366313457,-0.026350190863013268,0.008461670950055122,-0.0020434691105037928,-0.0031641062814742327,0.004710937850177288,0.029583722352981567,0.022763052955269814,-0.005056190304458141,0.03830603510141373,-0.02544623427093029,0.0,0.16619795560836792,0.09244701266288757,0.07314135879278183,0.061635084450244904,0.04741063341498375,0.03417698293924332,0.06388188898563385,0.04411059990525246,0.03598210960626602,0.04041317477822304,0.034339454025030136,0.02833859622478485,0.02853643149137497,0.02765224687755108,0.03140401467680931,0.03886624425649643,-1.0481824297414732e-09,0.00013544449757318944,-6.648557700827951e-06,-9.863392187980935e-05,-6.640650553890737e-06,-5.4368072596844286e-05,1.315372901444789e-05,-1.118211275752401e-05,-1.9245075236540288e-05,-1.8077056665788405e-05,4.179341033250239e-07,5.206283094594255e-05,2.6119869289686903e-05,-1.932005943672266e-05,-2.7201687771594152e-05,4.2213273445668165e-06,-4.29634892498143e-05,6.354268222708015e-09,0.035130564123392105,0.019171515479683876,0.013983831740915775,0.010643127374351025,0.009252016432583332,0.005999922286719084,0.011558298021554947,0.007515097036957741,0.006400559563189745,0.0081961490213871,0.0063228909857571125,0.0054513453505933285,0.005446790251880884,0.005436877254396677,0.00548204081133008,0.007320896722376347,0.5352943539619446,0.47421273589134216,0.43761950731277466,0.38411760330200195,0.3779747486114502,0.37234991788864136,0.4136030077934265,0.4307973086833954,0.463681161403656,0.4598196744918823,0.4691775441169739,0.5144814252853394,0.3118870258331299,0.30843812227249146,0.3279317021369934,0.3041473627090454,0.3154716491699219,0.3193702697753906,0.32373571395874023,0.32255545258522034,0.3492683470249176,0.333423376083374,0.3138032853603363,0.316646933555603,15.75768616687789,15.496875595388039,17.72986376881002,14.734479543821344,18.298710936970416,18.50078646757455,44.74885992020874,3.810676829485469,4.864077252348361,5.392477132803678,2.9945194118297462,3.3418600259594613,3.3219736909100135,4.246331298739836,2443.0200574778723,1180.435374435583,0.09389228062913907,0.08654468846810005,MWalaa,Arabic
-1.0,0.3015354573726654,0.10036236047744751,0.06021528318524361,0.086168572306633,0.03382309526205063,0.025900142267346382,-0.0010188828455284238,0.0045524160377681255,0.013644149526953697,-0.0018081361195072532,-0.0009695834014564753,0.05668820068240166,0.023272493854165077,-0.005119462963193655,0.05324524641036987,-0.02371670864522457,0.0,0.1827768236398697,0.09887858480215073,0.07194970548152924,0.06181010976433754,0.05442459136247635,0.04511040449142456,0.05589553713798523,0.04576590284705162,0.03902091830968857,0.04937157407402992,0.03567787632346153,0.04331124201416969,0.03568628057837486,0.026915118098258972,0.04546074569225311,0.038121555000543594,-9.506038178841436e-10,0.00041135927313007414,5.67322458664421e-05,-3.0513394449371845e-05,0.00014528573956340551,5.698575478163548e-06,4.942754458170384e-05,7.490672578569502e-05,1.2619868357433006e-05,2.9301600079634227e-05,2.9802770313835936e-06,8.758979674894363e-06,4.939511200063862e-06,2.1561840185313486e-05,-4.407651431392878e-05,-5.127856638864614e-06,-5.1236893341410905e-06,6.058934687303008e-09,0.03571100905537605,0.019516514614224434,0.015166295692324638,0.012444375082850456,0.011438046582043171,0.007318140473216772,0.010123571380972862,0.008336919359862804,0.007515090983361006,0.009632070548832417,0.006882766727358103,0.007286710664629936,0.006238904315978289,0.0048107304610311985,0.007055424619466066,0.007151664234697819,0.5513692498207092,0.5299235582351685,0.5027483701705933,0.4899759888648987,0.46769046783447266,0.4591526687145233,0.4162398874759674,0.4198181927204132,0.4517633616924286,0.4971991777420044,0.48807623982429504,0.5226688981056213,0.3303844928741455,0.33492568135261536,0.3268949091434479,0.32143890857696533,0.3183964490890503,0.33826354146003723,0.31563904881477356,0.31606143712997437,0.32827162742614746,0.33674100041389465,0.30118444561958313,0.3059455156326294,14.326718603262512,14.834779727173782,18.09329639321365,15.384251167308944,17.650788076135736,19.382228752024556,44.8941974301685,3.5844413339818004,4.647582607064382,5.940736558696704,3.78739613487074,3.4396840944445497,3.6803564864799396,4.244839392242345,1979.4511925401373,1362.011571604471,0.07038728181306306,0.08181043543209164,MWalaa,Arabic
-1.0,0.2956089377403259,0.055843550711870193,0.044396091252565384,0.07469743490219116,0.024650754407048225,0.016178516671061516,-0.01247401349246502,-0.004652655217796564,6.70723820803687e-05,-0.0008101045968942344,-0.013367222622036934,0.044546857476234436,0.02843007817864418,-0.005198806058615446,0.04365910589694977,-0.018227525055408478,0.0,0.15271572768688202,0.08178930729627609,0.06284977495670319,0.07037552446126938,0.04445740580558777,0.04452386870980263,0.0503658801317215,0.047999970614910126,0.041389916092157364,0.040477246046066284,0.03573867678642273,0.03902324289083481,0.031684696674346924,0.024990281090140343,0.03991851210594177,0.037995412945747375,-9.393207323071806e-10,0.00031657610088586807,-0.00013761746231466532,-4.796613211510703e-05,-1.1444490155554377e-05,-5.90467025176622e-05,-3.9489485061494634e-05,8.941625310399104e-06,-5.1055510994046926e-05,2.055094455499784e-06,-2.9520548196160235e-05,2.531243080738932e-05,2.514239270112739e-07,2.4012259018491022e-05,-5.993301601847634e-05,-1.2393576980684884e-05,-1.7316793673671782e-05,6.023748611028168e-09,0.028774337843060493,0.013813723810017109,0.012893241830170155,0.011771541088819504,0.009212568402290344,0.00767845194786787,0.009108532220125198,0.007794681005179882,0.007829372771084309,0.006385220680385828,0.005910031031817198,0.006487147882580757,0.0053961435332894325,0.004723540507256985,0.006832396611571312,0.006298196502029896,0.5536574721336365,0.5199602842330933,0.47413888573646545,0.45300090312957764,0.4000243544578552,0.38620707392692566,0.37596628069877625,0.44529053568840027,0.45980706810951233,0.5050240159034729,0.5091480612754822,0.5166608095169067,0.3261871933937073,0.3283568024635315,0.3199674189090729,0.329510360956192,0.3011285364627838,0.31447380781173706,0.32578131556510925,0.34806105494499207,0.32964643836021423,0.319146066904068,0.3161703050136566,0.3135722279548645,14.729500160967103,14.956500966084672,18.503924932387903,15.409407211369253,17.84757033798251,18.611400981061912,43.96177414226333,3.679939898846516,4.937470569941847,5.691508621501266,3.832129364523986,3.4550189391328945,3.369389673946461,4.247896703309273,2280.843822553827,1076.7487515089285,0.07672825482195846,0.06992377496878176,MWalaa,Arabic
-1.0,0.26685041189193726,0.09893668442964554,0.05005732178688049,0.07250361144542694,0.01967991143465042,0.025386717170476913,0.0008605593466199934,0.0031103326473385096,0.007019589189440012,-0.006083136424422264,-0.013668963685631752,0.043391305953264236,0.03693609684705734,0.00123763014562428,0.03981303051114082,-0.019144434481859207,0.0,0.15443454682826996,0.09932510554790497,0.07356814295053482,0.07822424918413162,0.048692427575588226,0.05160897970199585,0.046405140310525894,0.03403288871049881,0.03990921750664711,0.03542933240532875,0.03404805436730385,0.038637567311525345,0.03707945719361305,0.02729129232466221,0.03416307643055916,0.037372738122940063,-8.866977152521827e-10,4.398803866934031e-05,4.806772153642669e-07,-2.1226902390480973e-05,6.19720813119784e-05,-6.262719125516014e-06,3.5967896110378206e-05,1.5630273992428556e-05,-4.315367732488085e-06,1.3200122339185327e-05,1.2745386811729986e-05,-1.944968789757695e-05,1.2976047401025426e-05,3.615320019889623e-05,-2.17285687540425e-05,8.387595698877703e-06,-9.831573152041528e-06,5.856569895712482e-09,0.029923908412456512,0.017408018931746483,0.012575470842421055,0.012150580994784832,0.009002151899039745,0.008569725789129734,0.008064516820013523,0.005918276496231556,0.0073160030879080296,0.006285429932177067,0.005705776158720255,0.006574414204806089,0.006740905810147524,0.005492622964084148,0.005512034520506859,0.006104161497205496,0.5148636698722839,0.45225080847740173,0.46395471692085266,0.43144115805625916,0.4234756827354431,0.37939924001693726,0.3967721164226532,0.42135533690452576,0.47004109621047974,0.5343243479728699,0.5816881060600281,0.5554551482200623,0.3261261582374573,0.306118905544281,0.33390554785728455,0.3205682337284088,0.3334326148033142,0.3231728672981262,0.31953662633895874,0.32389089465141296,0.3244277536869049,0.31351274251937866,0.3036140501499176,0.29635289311408997,14.51293182119908,14.33621240016154,17.922556515853778,15.685428746107098,17.195728776136583,18.443005163797356,43.78826740793894,3.82518296427913,4.56544195256143,5.545458209467068,3.8184256355148753,3.198291183383111,3.1761610992904363,3.86347539359243,2477.673756857795,1439.149540477428,0.10271686799719888,0.10989381597029547,MWalaa,Arabic
-1.0,0.2732769846916199,0.07144984602928162,0.055203601717948914,0.08057557046413422,0.026747927069664,0.011296148411929607,-0.002384277293458581,-0.01101003959774971,-0.005732134450227022,9.252056770492345e-06,-0.02681819349527359,0.03813167288899422,0.01785615086555481,-0.014385296031832695,0.04304081201553345,-0.019462140277028084,0.0,0.146116703748703,0.09660425782203674,0.08367963135242462,0.06714021414518356,0.04757358506321907,0.05116962641477585,0.056139860302209854,0.046938635408878326,0.04201472923159599,0.04056549072265625,0.04087303951382637,0.03798923268914223,0.03249628469347954,0.034372348338365555,0.036002445966005325,0.03977702558040619,-8.744505120006352e-10,0.0001547754800412804,-4.576817445922643e-05,-7.376056601060554e-05,0.0001353709667455405,-4.378000085125677e-05,-4.89780941279605e-05,3.341348929097876e-05,-2.8933471185155213e-05,-4.1035185859072953e-05,-3.498771911836229e-05,2.358347956032958e-06,2.8298518373048864e-06,1.5897849152679555e-05,1.735299883875996e-05,3.4670763852773234e-05,-1.4484895416444488e-07,5.816903403399465e-09,0.02910551428794861,0.01951339840888977,0.01594916544854641,0.011048544198274612,0.008512315340340137,0.00953686237335205,0.010537068359553814,0.008655929006636143,0.00726214749738574,0.007947536185383797,0.005838961340487003,0.006754420232027769,0.007014356553554535,0.006073665805160999,0.006010819226503372,0.007162940222769976,0.5011810064315796,0.5030713677406311,0.42334219813346863,0.41464710235595703,0.4581588804721832,0.47396931052207947,0.44393566250801086,0.4199189245700836,0.389601469039917,0.4192746877670288,0.4188542664051056,0.4433806240558624,0.34352239966392517,0.3474264144897461,0.3262440264225006,0.3528013527393341,0.35603949427604675,0.36838868260383606,0.371947705745697,0.347964882850647,0.3234783411026001,0.3279886543750763,0.3263164758682251,0.3315688371658325,16.730738382549077,15.966107975815426,18.480188027225214,15.108318429812332,17.43548329881739,19.149368252110627,45.07152302228737,3.8347441363350874,5.677989038095809,5.737521799080361,3.705347292224841,2.981695830997977,3.627128114224646,4.708405709884205,2430.0641950316312,1175.343812005089,0.08384139761740332,0.08169466927034245,MWalaa,Arabic
-1.0,0.2997637093067169,0.05044770985841751,0.04237407073378563,0.06902017444372177,0.009116111323237419,0.005555309355258942,-0.015078208409249783,-0.008664705790579319,0.00457698805257678,-0.003075125627219677,-0.025504350662231445,0.038120489567518234,0.026283307000994682,-0.009507432579994202,0.02750527672469616,-0.037888143211603165,0.0,0.14497482776641846,0.09296515583992004,0.07056202739477158,0.09108570963144302,0.05503956973552704,0.05783984810113907,0.05930155888199806,0.0409940741956234,0.03829537704586983,0.039671313017606735,0.0398581400513649,0.04037729278206825,0.032388314604759216,0.03348279744386673,0.035310227423906326,0.04834691807627678,-9.506038178841436e-10,9.353677887702361e-05,-5.585465260082856e-05,-9.006289474200457e-05,2.785496872093063e-05,-6.908245995873585e-05,-1.2866705219494179e-05,5.78270191908814e-06,-9.427610348211601e-05,-2.3925201730889967e-06,-4.992960748495534e-05,-3.399917113711126e-05,-8.31385204946855e-06,6.155039500299608e-06,2.4699385903659277e-05,1.9239245375501923e-05,2.3786436941009015e-05,6.058934687303008e-09,0.028819523751735687,0.017216386273503304,0.013430490158498287,0.012842020019888878,0.01016597542911768,0.008976646699011326,0.010407308116555214,0.008261878043413162,0.006339264567941427,0.007456991821527481,0.006546936929225922,0.007802814710885286,0.006057155784219503,0.006641076412051916,0.006877152249217033,0.008066104725003242,0.5284753441810608,0.38964638113975525,0.3576449155807495,0.36912402510643005,0.38448527455329895,0.3475908935070038,0.3700108826160431,0.3854180872440338,0.39902016520500183,0.41933536529541016,0.4668387174606323,0.5143554210662842,0.35627004504203796,0.30340391397476196,0.3230155408382416,0.32660093903541565,0.3385009765625,0.3357818126678467,0.34986332058906555,0.3442749083042145,0.3305183947086334,0.30899521708488464,0.31883707642555237,0.31037503480911255,16.59614804579463,16.24923688565962,17.95918797516644,15.668354827367684,18.140135327600856,19.7176994321167,44.450902559150435,3.9269513497809334,5.363546445164224,5.768059488910291,3.995951761153989,3.350836518862541,3.7258418461008698,4.1949682786094975,2358.5551485841024,1064.3395007165554,0.08328054617117117,0.08455807058374305,MWalaa,Arabic
-1.0,0.2997637093067169,0.05044770985841751,0.04237407073378563,0.06902017444372177,0.009116111323237419,0.005555309355258942,-0.015078208409249783,-0.008664705790579319,0.00457698805257678,-0.003075125627219677,-0.025504350662231445,0.038120489567518234,0.026283307000994682,-0.009507432579994202,0.02750527672469616,-0.037888143211603165,0.0,0.14497482776641846,0.09296515583992004,0.07056202739477158,0.09108570963144302,0.05503956973552704,0.05783984810113907,0.05930155888199806,0.0409940741956234,0.03829537704586983,0.039671313017606735,0.0398581400513649,0.04037729278206825,0.032388314604759216,0.03348279744386673,0.035310227423906326,0.04834691807627678,-9.506038178841436e-10,9.353677887702361e-05,-5.585465260082856e-05,-9.006289474200457e-05,2.785496872093063e-05,-6.908245995873585e-05,-1.2866705219494179e-05,5.78270191908814e-06,-9.427610348211601e-05,-2.3925201730889967e-06,-4.992960748495534e-05,-3.399917113711126e-05,-8.31385204946855e-06,6.155039500299608e-06,2.4699385903659277e-05,1.9239245375501923e-05,2.3786436941009015e-05,6.058934687303008e-09,0.028819523751735687,0.017216386273503304,0.013430490158498287,0.012842020019888878,0.01016597542911768,0.008976646699011326,0.010407308116555214,0.008261878043413162,0.006339264567941427,0.007456991821527481,0.006546936929225922,0.007802814710885286,0.006057155784219503,0.006641076412051916,0.006877152249217033,0.008066104725003242,0.5284753441810608,0.38964638113975525,0.3576449155807495,0.36912402510643005,0.38448527455329895,0.3475908935070038,0.3700108826160431,0.3854180872440338,0.39902016520500183,0.41933536529541016,0.4668387174606323,0.5143554210662842,0.35627004504203796,0.30340391397476196,0.3230155408382416,0.32660093903541565,0.3385009765625,0.3357818126678467,0.34986332058906555,0.3442749083042145,0.3305183947086334,0.30899521708488464,0.31883707642555237,0.31037503480911255,16.59614804579463,16.24923688565962,17.95918797516644,15.668354827367684,18.140135327600856,19.7176994321167,44.450902559150435,3.9269513497809334,5.363546445164224,5.768059488910291,3.995951761153989,3.350836518862541,3.7258418461008698,4.1949682786094975,2358.5551485841024,1064.3395007165554,0.08328054617117117,0.08455807058374305,MWalaa,Arabic
-1.0,0.29803186655044556,0.08392514288425446,0.03393387049436569,0.05232968553900719,0.01681315340101719,0.019533617421984673,-0.007743592839688063,0.000570939329918474,-0.0023894673213362694,-0.0016336834523826838,-0.005864968989044428,0.04306256026029587,0.03594156354665756,-0.006352363619953394,0.044576261192560196,-0.02880258858203888,0.0,0.1843094527721405,0.11451509594917297,0.05761052295565605,0.08594111353158951,0.05751975253224373,0.05118623003363609,0.049447160214185715,0.04972849786281586,0.03955257311463356,0.040850039571523666,0.04272999241948128,0.04029648005962372,0.0334455743432045,0.030860844999551773,0.03652791306376457,0.04277971386909485,-1.1427836454913631e-09,-1.1079954674642067e-05,0.00012334433267824352,0.00022388847719412297,9.221128857461736e-05,8.658129081595689e-05,4.75211490993388e-05,7.256856770254672e-05,6.792635394958779e-05,4.205158620607108e-05,3.5958491935161874e-05,4.029029241792159e-06,8.158324817486573e-06,-8.251040526374709e-06,-6.488680810434744e-05,1.7465694327256642e-05,3.7080098991282284e-05,6.626667214959525e-09,0.03912841156125069,0.024598458781838417,0.012384656816720963,0.01499849185347557,0.012469904497265816,0.009469682350754738,0.009564152918756008,0.00999424047768116,0.007012979593127966,0.008353602141141891,0.0071537126787006855,0.007264172658324242,0.005863128695636988,0.005713343154639006,0.00627460703253746,0.008125045336782932,0.5173598527908325,0.513206422328949,0.49733108282089233,0.47270339727401733,0.4155771732330322,0.34012001752853394,0.3091781437397003,0.3751717209815979,0.4000639021396637,0.45838862657546997,0.5107788443565369,0.5120394825935364,0.3087315261363983,0.303697794675827,0.30736538767814636,0.3249704837799072,0.3232620358467102,0.3029617369174957,0.2966271638870239,0.32826173305511475,0.32024309039115906,0.32424864172935486,0.310025155544281,0.2941443920135498,15.49189023817483,15.242978477613864,18.410674149335335,15.978015649950082,17.30490810600655,19.23060888556672,44.86153604787791,4.066510443662518,5.117254319774683,5.355266527282778,3.6771351105861725,2.875053373212373,3.596331292837319,4.285335689206756,2636.3035940379623,1549.7128878960152,0.11927635661101083,0.11891706492553987,MWalaa,Arabic
-1.0,0.2654872238636017,0.08973991125822067,0.038910917937755585,0.08712989836931229,0.038558658212423325,0.017743827775120735,0.0053155985660851,-0.004455093294382095,0.01155573595315218,0.0008158194250427186,-0.005367598030716181,0.04750779643654823,0.02225855365395546,0.0022223617415875196,0.0456019751727581,-0.025973210111260414,0.0,0.18119975924491882,0.11483302712440491,0.07381900399923325,0.06220909208059311,0.05910038203001022,0.0511823445558548,0.05999228358268738,0.04824358597397804,0.04094267264008522,0.042524971067905426,0.03350851684808731,0.03965700790286064,0.031103307381272316,0.02622149884700775,0.039273809641599655,0.035877395421266556,-9.28302268388137e-10,7.609651947859675e-05,0.00019809092918876559,-0.00014477076183538884,0.00010406123328721151,0.00010448681132402271,-6.0616384871536866e-05,0.00010080407082568854,4.5065437006996945e-05,-9.846062312135473e-06,3.04012319247704e-05,-1.0708210538723506e-05,1.940653419296723e-05,-9.10117887542583e-06,5.720804983866401e-05,1.6556719856453128e-05,2.178131944674533e-05,5.989168716524773e-09,0.03471904993057251,0.023164095357060432,0.01403020229190588,0.011867282912135124,0.011333802714943886,0.00953670497983694,0.010857723653316498,0.008629515767097473,0.007208679802715778,0.00714044040068984,0.0049438695423305035,0.00701962411403656,0.005595263093709946,0.0052218372002244,0.00691831624135375,0.006199127994477749,0.5072177052497864,0.43093228340148926,0.4436303675174713,0.47065433859825134,0.4316675662994385,0.40394583344459534,0.43743833899497986,0.4678139388561249,0.5290601253509521,0.5416343212127686,0.5626822113990784,0.5401268601417542,0.3022611737251282,0.26517120003700256,0.2885148823261261,0.3299044072628021,0.33455991744995117,0.31582507491111755,0.33267125487327576,0.34444448351860046,0.34508275985717773,0.3146280348300934,0.31639599800109863,0.30233290791511536,14.762835990338482,14.816896141206444,17.65812129232534,15.091618487002654,17.081471712444262,19.60044191467293,44.931700853699816,3.8408557553159883,4.489098389262605,5.62808303913579,3.5923725838354987,3.0875154075331075,3.008071845985609,3.4457163580023713,2691.41649208377,1369.2732149570722,0.1095611482771261,0.1114160222501484,MWalaa,Arabic
-1.0,0.32073789834976196,0.07124228030443192,0.017909251153469086,0.05332212522625923,0.01712612435221672,0.014318076893687248,-0.007127812132239342,-0.021949995309114456,-3.808960900641978e-05,0.0017764389049261808,-0.017623603343963623,0.04467175528407097,0.017576318234205246,-0.013562090694904327,0.037373095750808716,-0.031949516385793686,0.0,0.1759786307811737,0.11185009777545929,0.08535045385360718,0.07891730964183807,0.05160645768046379,0.05744960531592369,0.05084189027547836,0.061655040830373764,0.04527375102043152,0.044291041791439056,0.0401606559753418,0.03738022595643997,0.036636896431446075,0.031041964888572693,0.03480200842022896,0.041950203478336334,-1.1900416208021625e-09,0.0003123930946458131,0.0004470472049433738,-0.00011646237544482574,-2.757590209512273e-06,-0.0002478102978784591,6.458432471845299e-05,5.0876682507805526e-05,3.5238685086369514e-05,0.00017777833272702992,-5.7320601626997814e-05,2.243846029159613e-05,-1.9239836547058076e-05,1.77268357219873e-05,0.0001094565523089841,-1.821941441448871e-05,-0.00013207719894126058,6.758138049178797e-09,0.03240750730037689,0.021407857537269592,0.015526079572737217,0.014261925593018532,0.011041653342545033,0.010212560184299946,0.009004371240735054,0.010832798667252064,0.008259018883109093,0.00790455099195242,0.0073730917647480965,0.006677468307316303,0.007057814858853817,0.006640475708991289,0.006457864306867123,0.0066892532631754875,0.45170363783836365,0.426876038312912,0.4105139672756195,0.42749011516571045,0.4209829568862915,0.3906748294830322,0.42750313878059387,0.3950452506542206,0.3763645887374878,0.400146484375,0.44486260414123535,0.45904532074928284,0.3036206364631653,0.30638524889945984,0.3069015145301819,0.31925275921821594,0.31052273511886597,0.30990052223205566,0.34385231137275696,0.32834646105766296,0.3130876123905182,0.29590195417404175,0.3160964250564575,0.30950838327407837,15.191060592409379,15.92561484467942,17.531498321952483,15.489228057495168,18.019776193119284,19.60400082427967,44.46807357437658,3.8631597396646216,4.638005824219529,5.365644373690668,3.8786347179676985,3.098210275761101,3.3320472943669017,4.162269594025148,2710.4001469595128,1138.849785748734,0.10930524553571429,0.09308786526146745,MWalaa,Arabic
-1.0,0.30867981910705566,0.08087662607431412,0.025843022391200066,0.04822838306427002,0.007219639141112566,0.03638312593102455,-0.00267891981638968,-0.010233409702777863,0.007471931632608175,-0.01866583712399006,-0.0066981143318116665,0.0475795716047287,0.026255089789628983,-0.0017450201557949185,0.04214148595929146,-0.031587667763233185,0.0,0.16764385998249054,0.09960776567459106,0.06243906915187836,0.08125721663236618,0.05673816427588463,0.05014656111598015,0.045617520809173584,0.045544397085905075,0.03671964257955551,0.038277752697467804,0.03371036425232887,0.04225931689143181,0.04023114964365959,0.02849167212843895,0.03203664720058441,0.0400150828063488,-1.1345916428595615e-09,0.00010443529754411429,-0.00013368407962843776,-0.00010763652971945703,-1.4896194443281274e-05,-9.638002666179091e-05,4.990633897250518e-06,3.709839074872434e-05,-3.7504792999243364e-05,5.5063937907107174e-05,2.0854522517765872e-05,4.6031243982724845e-05,-2.2573549358639866e-05,-2.5617206119932234e-05,-5.476342994370498e-05,-3.15461729769595e-05,-1.9142331439070404e-05,6.603576796493371e-09,0.03381885215640068,0.018738197162747383,0.011490119621157646,0.01349530927836895,0.011885249055922031,0.00858452171087265,0.008141173049807549,0.008677282370626926,0.0066026984713971615,0.006800295319408178,0.0060729701071977615,0.006714713294059038,0.0072145224548876286,0.005409022327512503,0.005620794836431742,0.007818198762834072,0.5205100774765015,0.5181106925010681,0.45165130496025085,0.43932557106018066,0.39927512407302856,0.33047592639923096,0.3419056236743927,0.3729029595851898,0.3858192265033722,0.43960583209991455,0.4666736125946045,0.5160648226737976,0.307233989238739,0.3156796097755432,0.3110312521457672,0.33675605058670044,0.3248865604400635,0.3138982057571411,0.3219786584377289,0.31899580359458923,0.3170875310897827,0.31728923320770264,0.28660106658935547,0.3156430125236511,15.386699185607768,15.133284874770773,18.107645649004123,16.564378480579773,17.219114017692775,19.33062907671769,44.81367001121335,3.8378674946555082,5.133403789864697,5.540357794759398,4.766023131476763,3.2715219148365318,3.574082951578767,4.313796224651646,2352.0941721424174,1293.6260143870586,0.09323721718189965,0.10344558567024821,MWalaa,Arabic
-1.0,0.2660302221775055,0.05174821987748146,0.01700519025325775,0.06542602926492691,0.03441507741808891,0.032315291464328766,0.008478834293782711,0.0009578156750649214,0.012717324309051037,0.008569404482841492,0.009600496850907803,0.033237993717193604,0.006163459736853838,-0.0057593779638409615,0.029801713302731514,-0.008631657809019089,0.0,0.14957287907600403,0.07024247944355011,0.06256815791130066,0.042704347521066666,0.03326326981186867,0.02883044071495533,0.03951729089021683,0.03681964427232742,0.03190689533948898,0.029998181387782097,0.028901470825076103,0.03452687710523605,0.019074486568570137,0.025081370025873184,0.029006237164139748,0.025580093264579773,-1.34702582421653e-09,0.0003784699074458331,0.00011332419671816751,-5.030115062254481e-05,0.00016734884411562234,3.294511770945974e-05,4.418217940838076e-06,2.1178473616600968e-05,-3.9106544136302546e-05,-5.827004133607261e-05,-3.1915955332806334e-05,8.244210221164394e-06,1.4787055988563225e-05,8.97837890079245e-05,5.8043657190864906e-05,6.875701365061104e-05,3.7159719795454293e-05,7.17536252636819e-09,0.030544644221663475,0.014092196710407734,0.012497849762439728,0.007222241256386042,0.007820986211299896,0.004762370139360428,0.006695298943668604,0.0064126416109502316,0.005610124208033085,0.00590638630092144,0.005844345781952143,0.005322768818587065,0.0033307033590972424,0.0049344622530043125,0.005280449986457825,0.003951080143451691,0.5284886956214905,0.5053860545158386,0.5751312971115112,0.6121653318405151,0.6201286315917969,0.5887492299079895,0.5778977870941162,0.5460584759712219,0.5526507496833801,0.5855436325073242,0.6024026870727539,0.5688892602920532,0.26963841915130615,0.24492092430591583,0.28697600960731506,0.28537148237228394,0.3312433362007141,0.34135282039642334,0.32240545749664307,0.3156187832355499,0.3353150486946106,0.28915637731552124,0.2655227780342102,0.2760607898235321,16.718528497967604,12.99451344105563,15.246861493037416,14.684520579751654,16.90400086489251,17.727011838870666,43.320701674932785,4.748697648938885,4.432166401483359,4.870979762604129,3.434539781749433,3.1147413775049424,3.4942189645449044,3.913736560646517,2122.78908893641,1269.139513982162,0.0727289727393617,0.09076628156988949,MWalaa,Arabic
-1.0,0.3273748755455017,0.05112910643219948,0.05866314843297005,0.0861058235168457,0.013170503079891205,0.019791727885603905,-0.019554205238819122,-0.009558327496051788,0.01580578275024891,-0.005087672267109156,-0.018027568235993385,0.06552734971046448,0.01493377611041069,0.006643497385084629,0.03760833665728569,-0.0362594872713089,0.0,0.1393895000219345,0.10534403473138809,0.05416933819651604,0.0773383378982544,0.04838500916957855,0.05848162621259689,0.05467075854539871,0.0463271401822567,0.030062131583690643,0.03777672350406647,0.034114401787519455,0.05251326039433479,0.03730977699160576,0.03306648135185242,0.0353480726480484,0.04258100315928459,-1.1185550263803634e-09,0.0004430296830832958,-0.00022321126016322523,-0.0001250837231054902,4.0680853999219835e-05,-0.00017375420429743826,-5.966859316686168e-05,-0.00015994060959201306,-7.219664985314012e-05,6.963296618778259e-05,-3.8669830246362835e-05,-2.0978017346351407e-05,7.901830394985154e-05,-5.274558861856349e-05,9.111283361562528e-06,9.04463668121025e-05,-7.172316691139713e-05,6.558110499099712e-09,0.027984054759144783,0.021916015073657036,0.0110525107011199,0.012688074260950089,0.00937556941062212,0.009624216705560684,0.009709685109555721,0.008078578859567642,0.005103377625346184,0.006603674963116646,0.0054117185063660145,0.009264173917472363,0.006262009032070637,0.005808594170957804,0.006328367628157139,0.008119521662592888,0.4461629390716553,0.41814664006233215,0.4244595766067505,0.39214596152305603,0.33459073305130005,0.3030066192150116,0.32799866795539856,0.3846092224121094,0.4639029800891876,0.5372690558433533,0.52329421043396,0.44326549768447876,0.32172638177871704,0.315418004989624,0.3221147060394287,0.318698912858963,0.32709863781929016,0.3185175359249115,0.32986724376678467,0.3629622757434845,0.3383386433124542,0.3107529580593109,0.3309878706932068,0.31008005142211914,14.586410225885256,16.18646929902071,19.287025702104327,15.819834837697753,18.184710949265575,20.88381157340876,44.28829229716322,3.737213789763348,5.322645238774087,5.556420860400983,4.234491485927076,3.2310033216614658,4.422092136812113,4.1972266769545366,2004.0299315098443,1143.1963952525755,0.07189121852915194,0.08515788101707375,MWalaa,Arabic
-1.0,0.29852136969566345,0.05984460934996605,0.035606708377599716,0.06843831390142441,-0.004180354531854391,0.025009717792272568,-0.020124154165387154,-0.027378864586353302,0.013660931028425694,-0.007846789434552193,-0.02233067899942398,0.05672270804643631,0.027688955888152122,-0.005094718188047409,0.0455443300306797,-0.033376097679138184,0.0,0.17526118457317352,0.11656078696250916,0.0694086104631424,0.08094743639230728,0.06829327344894409,0.04856176674365997,0.05834268033504486,0.04948924109339714,0.03403180465102196,0.04350253567099571,0.0464254654943943,0.04207773134112358,0.03435223177075386,0.03685486316680908,0.03465498611330986,0.044330302625894547,-1.0178491383072696e-09,6.151822162792087e-05,4.6970759285613894e-05,-8.106311724986881e-05,0.00010025379015132785,-4.5121912989998236e-05,-4.4088857976021245e-05,1.4669306438008789e-05,-3.136085797450505e-05,7.041850039968267e-05,1.8722794266068377e-05,2.8190648663439788e-05,-3.829122942988761e-05,-1.6059619156294502e-05,-7.775820995448157e-05,6.399641279131174e-06,-2.7589367164182477e-06,6.264115448573193e-09,0.03504302352666855,0.02040509693324566,0.012575705535709858,0.011881121434271336,0.012640798464417458,0.007664804346859455,0.009888255037367344,0.008461222052574158,0.005927083548158407,0.0077831638045609,0.00708475336432457,0.007222307380288839,0.00588764064013958,0.00673515722155571,0.00592515803873539,0.006576922722160816,0.5181897282600403,0.43339964747428894,0.41266128420829773,0.39541465044021606,0.3486585021018982,0.3198404014110565,0.3483046889305115,0.3724692165851593,0.37001779675483704,0.3732062876224518,0.397882878780365,0.4491393566131592,0.3408646285533905,0.3056603670120239,0.31569045782089233,0.3160208761692047,0.3217414617538452,0.32732442021369934,0.3328534960746765,0.3496657907962799,0.3237987756729126,0.3145539164543152,0.3035733699798584,0.31366240978240967,17.047414858338612,15.916776024670853,19.558603369635858,16.71989918781201,18.51787425593936,20.85939093102305,44.34173996626317,3.790789881318208,5.202571614372508,5.771736909623473,4.350934019750884,3.6527492410015903,3.9293284748736363,3.919850768548977,2644.7291814683813,1395.4677011107099,0.11440539590032155,0.12392991582125987,MWalaa,Arabic
-1.0,0.2711583375930786,0.10209251195192337,0.036206185817718506,0.03939962014555931,-0.0002948255860246718,0.029618948698043823,-0.00939777959138155,-0.011867152526974678,-0.002795377979055047,-0.017430437728762627,-0.016606830060482025,0.043729450553655624,0.030929790809750557,-0.004827409517019987,0.04483013227581978,-0.021414004266262054,0.0,0.16224147379398346,0.08732403069734573,0.06788791716098785,0.09033457934856415,0.06552783399820328,0.04778319597244263,0.05224135145545006,0.0430845245718956,0.04472700133919716,0.040215395390987396,0.03487535938620567,0.03761252015829086,0.03678496554493904,0.02656123973429203,0.03422049432992935,0.035141631960868835,-1.0244372017353953e-09,0.00016054829757194966,2.1715162802138366e-05,-6.391877104761079e-05,2.4136179490596987e-05,-8.69593714014627e-06,2.7048808988183737e-05,2.1267995180096477e-05,1.3424427379504777e-05,7.412046397803351e-05,-2.481836600054521e-05,-6.171298991830554e-06,-2.1910011128056794e-05,5.2121729822829366e-05,-6.113202834967524e-05,3.587997071008431e-06,1.3033958566666115e-05,6.283817910457401e-09,0.030782144516706467,0.015516034327447414,0.013921699486672878,0.017791301012039185,0.01206556148827076,0.008719481527805328,0.009010011330246925,0.007687764707952738,0.006773415952920914,0.007260559592396021,0.006318397354334593,0.006726034916937351,0.007449316792190075,0.0048807403072714806,0.006056940648704767,0.005748400464653969,0.5161758065223694,0.4229606091976166,0.4093220829963684,0.3469257652759552,0.2902359068393707,0.30238768458366394,0.38566020131111145,0.4026387929916382,0.43055567145347595,0.47732865810394287,0.5204242467880249,0.5611662864685059,0.310079425573349,0.3038325905799866,0.3241048753261566,0.3090376555919647,0.27996671199798584,0.297473669052124,0.33953967690467834,0.33800074458122253,0.34120452404022217,0.3275197446346283,0.33382275700569153,0.32480478286743164,15.138571284778672,15.162586010277538,18.881779235147587,16.68875455160292,17.293410496799428,19.3467898835168,44.420106293175536,3.523671776259515,4.809688492147913,5.901789393291611,4.717548761984943,3.0499923952468135,3.2374220733591303,3.9491136999138106,2731.4808951655364,1344.820668781791,0.10867497218851133,0.10492844488451665,MWalaa,Arabic
-1.0,0.30696722865104675,0.047403424978256226,0.0343250073492527,0.06593259423971176,-0.0025732258800417185,0.014209269545972347,-0.025100886821746826,-0.007720740046352148,-0.004148659761995077,-0.004010658711194992,-0.028087515383958817,0.04607732966542244,0.0204190444201231,-0.006790390703827143,0.03459795191884041,-0.03502345830202103,0.0,0.137332022190094,0.09606633335351944,0.07111436873674393,0.0719597339630127,0.05406662076711655,0.046834200620651245,0.06142574921250343,0.04668591171503067,0.03493515029549599,0.04294644296169281,0.0413367934525013,0.04135168343782425,0.029765047132968903,0.03368997573852539,0.03560204803943634,0.046323347836732864,-9.255879396263822e-10,0.0003038184659089893,0.00014422627282328904,0.00019969791173934937,0.00017949542962014675,8.865405106917024e-05,2.62334942817688e-05,0.00011648279178189114,6.132023554528132e-05,6.427049083868042e-05,1.0722910701588262e-05,-1.4172637747833505e-05,-4.8135396355064586e-05,-4.472789805731736e-05,-4.74355829283013e-06,1.519000215921551e-05,1.4180067410052288e-05,5.980615558343061e-09,0.0257071852684021,0.018364502117037773,0.014371123164892197,0.014084376394748688,0.010474787093698978,0.00864516943693161,0.010725228115916252,0.007509980350732803,0.006029979325830936,0.0077341957949101925,0.006542032118886709,0.007673365995287895,0.005195346660912037,0.006899475120007992,0.006386122666299343,0.007034206297248602,0.47083166241645813,0.4896124303340912,0.46331319212913513,0.4268221855163574,0.36468279361724854,0.34055274724960327,0.33006951212882996,0.35789239406585693,0.4096163809299469,0.45953047275543213,0.48316892981529236,0.4750376343727112,0.3340604305267334,0.32810068130493164,0.32236048579216003,0.3376102149486542,0.3085821866989136,0.3300155699253082,0.3119545578956604,0.3134714663028717,0.3278099000453949,0.31373676657676697,0.30823779106140137,0.33448681235313416,16.102250505135853,15.322963944430436,18.76735949599438,15.603535358800984,17.783578588019836,19.159201690008107,44.09173579341015,3.963916058798375,4.737452750105433,5.397237490909718,3.815181299259401,3.803629951010577,3.9275194966648534,3.419759830937898,2529.9084997509844,1144.1421743587475,0.10666660955774854,0.0854751127071676,MWalaa,Arabic
-1.0,0.34302228689193726,0.050620291382074356,0.022736113518476486,0.04838917404413223,0.016532331705093384,0.01513761654496193,-0.029078084975481033,-0.011145947501063347,-0.0020572359208017588,-0.003701962763443589,-0.021578853949904442,0.04548466578125954,0.02369723655283451,-0.012074866332113743,0.05303095653653145,-0.03508170694112778,0.0,0.17006494104862213,0.11545975506305695,0.08164035528898239,0.07581790536642075,0.048647183924913406,0.049142997711896896,0.06337600201368332,0.05760477855801582,0.038577768951654434,0.04519619420170784,0.05048394575715065,0.034091778099536896,0.03619514778256416,0.026873504742980003,0.03746563568711281,0.04853644594550133,-1.2561550688516832e-09,0.0005381177179515362,0.00025429154629819095,5.138276537763886e-05,0.00010708979971241206,-7.898434705566615e-05,0.00017627677880227566,0.00017694037524051964,0.00014169586938805878,-4.7851441195234656e-05,-9.529199451208115e-05,0.00015725742559880018,4.149736923864111e-05,-8.979604172054678e-05,8.095811790553853e-05,-6.624541856581345e-05,-2.15851887332974e-05,6.937343144386432e-09,0.03604758903384209,0.021137412637472153,0.01805582456290722,0.013528074137866497,0.009386949241161346,0.009005346335470676,0.01180448941886425,0.010510999709367752,0.007280276156961918,0.008846119046211243,0.007338278461247683,0.006762516684830189,0.006526522804051638,0.005610449239611626,0.007211875636130571,0.008465454913675785,0.4533916115760803,0.4944303631782532,0.4078610837459564,0.36222419142723083,0.3050319254398346,0.3080432713031769,0.32996419072151184,0.3742641806602478,0.36407795548439026,0.4310290515422821,0.433564692735672,0.4045332968235016,0.2925410568714142,0.31258395314216614,0.29683852195739746,0.3231136202812195,0.3039236068725586,0.33603066205978394,0.3439328372478485,0.3522225320339203,0.3028262257575989,0.32406681776046753,0.31661853194236755,0.3028196096420288,16.673983000630486,16.129671529440166,18.767441479121224,16.35816118345486,18.978236243675326,19.76270079090443,44.07877532081999,4.2735002662351835,4.912702588811231,5.7637038145159005,4.019317809811723,3.8179884560349544,3.4313475452911257,4.225412577967969,2371.8340866022263,1255.0200215440968,0.09738885788690477,0.09201613372752786,MWalaa,Arabic
-1.0,0.303702712059021,0.018672220408916473,0.026365019381046295,0.10180141776800156,0.011733037419617176,-0.02939463220536709,-0.012760855257511139,0.012775130569934845,-0.02138209156692028,-0.005162644200026989,-0.009199554100632668,0.03669241815805435,0.02868504449725151,0.0101936599239707,0.052925143390893936,-0.06522052735090256,0.0,0.17522220313549042,0.12075109779834747,0.09771035611629486,0.07903258502483368,0.06520933657884598,0.06835967302322388,0.07559917122125626,0.05549754202365875,0.05110648274421692,0.040945328772068024,0.033641714602708817,0.04515204206109047,0.04022388905286789,0.03785908594727516,0.04314042627811432,0.05614710971713066,-1.126516324667648e-09,0.0004060325736645609,0.00020955751824658364,-0.0002285255613969639,-8.238552254624665e-05,-3.3298924790869933e-06,9.700583177618682e-05,-9.500006854068488e-06,1.6375248378608376e-05,-2.2719976186635904e-05,-4.586221984936856e-05,9.94373913272284e-05,-0.00014751330309081823,-9.63484708336182e-05,0.00015438365517184138,-0.0001397772430209443,8.050588076002896e-05,6.580726630289746e-09,0.03447332978248596,0.023883624002337456,0.018172355368733406,0.014326917007565498,0.011808397248387337,0.012836568988859653,0.013666840270161629,0.01117643341422081,0.009495925158262253,0.0076814373023808,0.006175517570227385,0.008565343916416168,0.007502979598939419,0.0069129676558077335,0.007848139852285385,0.010379654355347157,0.3835042417049408,0.41741302609443665,0.42523038387298584,0.4309566020965576,0.4126795828342438,0.3871273398399353,0.3872288465499878,0.3934914469718933,0.37333032488822937,0.37305307388305664,0.3646169602870941,0.3544089198112488,0.2948910892009735,0.312947541475296,0.3123331069946289,0.3270008862018585,0.32877281308174133,0.331062376499176,0.3291592597961426,0.33461901545524597,0.33308717608451843,0.33631598949432373,0.3193848729133606,0.2825157940387726,15.963276278497988,17.396258965344924,19.920789242904952,16.88096428746055,19.089217668280714,18.82408604740673,44.160464866688145,4.427631617351412,5.548329046790154,6.4444133387113505,3.9665074950723005,3.7421093706129533,3.1427518864003825,3.776278838684114,2780.5886586369415,1197.8613984928722,0.11870968638790036,0.10744711197634688,MWalaa,Arabic
-1.0,0.29254230856895447,0.060229163616895676,0.03327952325344086,0.07407655566930771,0.016246674582362175,-0.01059819757938385,-0.01320435106754303,-0.010819002985954285,-0.009223731234669685,-0.008009076118469238,-0.03290092200040817,0.045504022389650345,0.034138090908527374,-0.0012431630166247487,0.03337261080741882,-0.02186804823577404,0.0,0.13668157160282135,0.10234801471233368,0.09178127348423004,0.09699732065200806,0.05890227481722832,0.07234103232622147,0.055233318358659744,0.06096121668815613,0.04601141810417175,0.049304939806461334,0.0438847616314888,0.04227645695209503,0.04170643538236618,0.029032232239842415,0.03673284128308296,0.04200175777077675,-1.0658285365394704e-09,4.08880841860082e-05,-5.687531302100979e-05,0.00010790314991027117,-9.135766595136374e-05,-6.6530924414109904e-06,5.0740985898301005e-05,-3.5702654713531956e-05,-4.249974153935909e-05,1.9086304746451788e-05,4.595628524839412e-06,-1.721161970635876e-05,5.576947660301812e-05,7.111990271368995e-05,-1.4412169548450038e-05,1.1838333193736617e-05,4.360471166364732e-07,6.406064123609667e-09,0.026341989636421204,0.02188991941511631,0.018048476427793503,0.013051626272499561,0.011382423341274261,0.010892199352383614,0.010386072099208832,0.011072698049247265,0.007904527708888054,0.009678572416305542,0.0077592418529093266,0.00796549767255783,0.007477410137653351,0.005721141584217548,0.006994910072535276,0.0071250516921281815,0.41063737869262695,0.4212356507778168,0.3934142589569092,0.3612881898880005,0.3443448543548584,0.3663727343082428,0.3824465572834015,0.39947569370269775,0.40363815426826477,0.44294682145118713,0.46532195806503296,0.414617121219635,0.32637864351272583,0.34066328406333923,0.3408336937427521,0.3212360739707947,0.3209376335144043,0.33374741673469543,0.3136279881000519,0.3262311816215515,0.3192494809627533,0.3498057425022125,0.3433893024921417,0.3349757492542267,15.601227710977655,16.894413712112158,19.51081904945224,16.031318452463886,18.622656071676065,18.20970355328537,45.06986596315634,3.8389703179923087,5.486608254422068,5.990537172918992,3.9802836344808608,3.281445226449845,2.7580434480440186,4.674559226718503,2700.089566971285,1063.7239100818044,0.10150660248316498,0.08443956507047298,MWalaa,Arabic
-1.0,0.2874844968318939,0.04657062515616417,0.036023274064064026,0.07628705352544785,0.002021689433604479,0.00606761546805501,0.006983380299061537,0.017131289467215538,0.02760523185133934,-0.010803780518472195,-0.0009147195378318429,0.02960997261106968,0.015182612463831902,0.010496363043785095,0.029238110408186913,-0.03614746034145355,0.0,0.12478970736265182,0.10667899250984192,0.05461447685956955,0.07479509711265564,0.049944885075092316,0.04411381483078003,0.04890231043100357,0.042958177626132965,0.030239496380090714,0.03718189522624016,0.028924576938152313,0.031670842319726944,0.027755385264754295,0.02896515652537346,0.027728665620088577,0.04312345013022423,-8.842209187065464e-10,0.0002591174852568656,-3.999469481641427e-05,-7.82531569711864e-05,7.844646461308002e-05,2.115784809575416e-05,-4.1481421249045525e-06,-1.0403643500467297e-05,-5.4848969739396125e-06,-4.035441634187009e-06,1.2778370361843372e-08,1.5574532881146297e-05,-3.151658529532142e-05,-1.0214132089458872e-05,-2.1473448214237578e-05,3.835970346699469e-05,2.5428935259697028e-05,5.848570960864663e-09,0.02266060747206211,0.01976461336016655,0.01180268358439207,0.013581085950136185,0.009618782438337803,0.008591665886342525,0.00943650584667921,0.007937682792544365,0.00562187097966671,0.006240739952772856,0.004548993427306414,0.006041619926691055,0.005031696520745754,0.005928287748247385,0.004912833217531443,0.007062484975904226,0.5420918464660645,0.563086748123169,0.4837026298046112,0.5002644062042236,0.5194560885429382,0.4881758391857147,0.39944785833358765,0.38844048976898193,0.39785492420196533,0.4944111406803131,0.5013994574546814,0.4938538670539856,0.3251728117465973,0.3256767988204956,0.2867387533187866,0.3217398524284363,0.3322618901729584,0.3553708791732788,0.32478973269462585,0.32118120789527893,0.3051946759223938,0.3286561667919159,0.3005535304546356,0.30395448207855225,16.099938140597477,14.878231609547365,16.722257098864368,15.874721672635438,17.66083608374889,17.899157293832562,44.11717541014697,4.015536267281568,5.109241052615967,5.1281639505385685,3.6566048361540746,3.485114411152182,3.252991748723521,3.4318476295176046,2314.1723516364596,1090.0232204998226,0.08072052854399442,0.0764930872870742,MWalaa,Arabic
-1.0,0.26451539993286133,0.08326771855354309,0.02312621846795082,0.07432375103235245,-0.000602268090005964,-0.0019363707397133112,-0.007313066627830267,0.03020835667848587,0.024027537554502487,-0.011086340993642807,-0.006986506748944521,0.032675355672836304,0.011603843420743942,0.022001439705491066,0.03054671362042427,-0.032723672688007355,0.0,0.1888321340084076,0.10882659256458282,0.07045835256576538,0.08410965651273727,0.06764402240514755,0.054025132209062576,0.05021414905786514,0.04834338277578354,0.03193872049450874,0.03762143477797508,0.04233004152774811,0.038974836468696594,0.028550172224640846,0.03377110883593559,0.029629578813910484,0.03519470617175102,-8.89188445096778e-10,0.0001524743711343035,-8.361340405826923e-06,-5.1751001592492685e-05,4.9919268349185586e-05,-8.480895303364377e-06,1.3359665445022983e-06,3.1721225241199136e-05,-1.3260672858450562e-05,-8.962075298768468e-06,-5.4995525715639815e-05,-4.198297574475873e-06,6.525858771055937e-05,3.806243694270961e-05,1.963491740752943e-05,5.693426646757871e-05,1.2429336493369192e-05,5.864601249072621e-09,0.03916790708899498,0.020821793004870415,0.014002383686602116,0.014675422571599483,0.014034067280590534,0.010238844901323318,0.009150983765721321,0.009853794239461422,0.006487831007689238,0.006645742803812027,0.007389155216515064,0.006914624013006687,0.005539121571928263,0.006055925507098436,0.005661919247359037,0.0055154901929199696,0.4404163956642151,0.4343207776546478,0.48076650500297546,0.5316190123558044,0.4657745659351349,0.4125242233276367,0.4090968370437622,0.4162499010562897,0.33540329337120056,0.36600446701049805,0.4179171323776245,0.4227662682533264,0.3137775659561157,0.29451724886894226,0.31043902039527893,0.3483780026435852,0.325883150100708,0.3455120921134949,0.3468949496746063,0.3475615382194519,0.2815735936164856,0.2893849313259125,0.2932518422603607,0.29227739572525024,16.590878722606966,15.951196220182212,17.87873076979085,16.365728579718578,17.994630486817396,18.163880321911424,45.80595766474254,4.285335450081469,5.219505520079382,5.261283719398838,4.316864939879792,3.3316473624403593,3.1661673725461497,4.117495741686735,2911.8472333532986,1532.7745543013991,0.12287954266151685,0.13705595309404128,MWalaa,Arabic
-1.0,0.32014256715774536,0.07424502819776535,0.02340301312506199,0.07950804382562637,-0.01728191412985325,-0.023232504725456238,0.014474441297352314,0.03771515563130379,0.017230644822120667,-0.005693442188203335,-0.030019333586096764,0.02452937141060829,0.02332247793674469,0.0379759781062603,0.009735865518450737,-0.03559371083974838,0.0,0.1521446406841278,0.11986044049263,0.08862004429101944,0.09831549972295761,0.05941569805145264,0.08099149167537689,0.05717426538467407,0.059957604855298996,0.0382731594145298,0.051625046879053116,0.05267954245209694,0.04011063277721405,0.041659582406282425,0.04538514465093613,0.0354495570063591,0.04565614461898804,-1.4931654801486616e-09,0.00033092379453592,3.4130513085983694e-05,-6.308638694463298e-05,0.00011561780411284417,-3.052277861570474e-07,-3.381061105756089e-06,-3.1964766094461083e-05,-3.670930163934827e-05,4.411437657836359e-06,-4.1563340346328914e-05,2.6096115107065998e-05,1.5455842003575526e-05,-5.7718539210327435e-06,6.498202856164426e-05,8.061072730924934e-05,7.932707376312464e-06,7.540115198878539e-09,0.025227079167962074,0.02193235419690609,0.017524201422929764,0.02011740580201149,0.010232205502688885,0.012028563767671585,0.00946786068379879,0.010448209941387177,0.00621234904974699,0.008518032729625702,0.007876946590840816,0.007050447165966034,0.008399022743105888,0.007694092579185963,0.005897645838558674,0.007165322545915842,0.4575745463371277,0.43277356028556824,0.41091230511665344,0.45123186707496643,0.47782963514328003,0.45070698857307434,0.4494815766811371,0.5098047256469727,0.5069369673728943,0.4594138562679291,0.41363126039505005,0.39547085762023926,0.3342927396297455,0.31960731744766235,0.315584659576416,0.3280336260795593,0.3469989001750946,0.3642679452896118,0.3642677664756775,0.35084086656570435,0.3442564010620117,0.320901483297348,0.31948786973953247,0.28400903940200806,17.421263563689205,15.319666152691907,17.93460041744432,17.495377166479045,18.85326599102662,18.81221998486795,45.18411906220043,4.4171061526443305,5.404407235930446,5.730001065404088,4.540270061620747,3.5172764615905425,2.7574784611390517,5.560510028736551,2375.430236364577,1193.0636540947894,0.08240437057783019,0.07739018919476229,MWalaa,Arabic
-1.0,0.2924926280975342,0.075022391974926,0.00647319620475173,0.056625865399837494,0.003817121498286724,0.001738703460432589,0.00843539647758007,0.011537105776369572,0.023385724052786827,-0.0009782391134649515,0.0003195956232957542,0.02463344670832157,0.017628414556384087,0.01593158394098282,0.024800855666399002,-0.03549458831548691,0.0,0.16489139199256897,0.08262600004673004,0.0655292272567749,0.0800822451710701,0.05609698221087456,0.05116193741559982,0.04009868949651718,0.04423072189092636,0.03210172802209854,0.03325435146689415,0.02599763683974743,0.03078697808086872,0.028432903811335564,0.02344350516796112,0.024653850123286247,0.043175678700208664,-1.5907088979361106e-09,0.0008045631111599505,0.0006268002325668931,-8.02475115051493e-05,9.710664744488895e-05,-0.00019020527543034405,9.394251537742093e-05,-2.7853822757606395e-05,-0.0002440791140543297,-9.093432890949771e-05,-2.2008249288774095e-05,-0.00015413310029543936,-0.00014063376875128597,-9.066300845006481e-05,2.4150866011041217e-05,0.00021446500613819808,0.00010094583558384329,7.772530175031989e-09,0.03245537355542183,0.015768516808748245,0.011498728767037392,0.01239476352930069,0.01118008978664875,0.009136909618973732,0.007499727886170149,0.007846231572329998,0.006226188503205776,0.005919110029935837,0.00509649096056819,0.004789701662957668,0.0046949489042162895,0.004474959801882505,0.004392427392303944,0.006108240224421024,0.6078001260757446,0.5630862712860107,0.5393880605697632,0.48649343848228455,0.4561169147491455,0.43668121099472046,0.4216367304325104,0.46899449825286865,0.4580405652523041,0.4644712805747986,0.48573994636535645,0.5213804244995117,0.3048570454120636,0.27328139543533325,0.2899515628814697,0.3086625337600708,0.3446935713291168,0.3426768183708191,0.31355658173561096,0.32649877667427063,0.29665353894233704,0.300561785697937,0.3022879362106323,0.28581544756889343,14.57796343735481,14.691568442223755,16.34524211587367,16.342185458718845,17.75361606714449,17.110697796794607,45.03684105797137,3.5249268542202907,4.5727946422345855,5.20376412079685,3.8642555651549095,3.60679203140207,2.759487477189769,4.629721300909054,2526.0511018684288,1226.1033523654185,0.09803166221733668,0.10040632160282167,MWalaa,Arabic
-1.0,0.3294222354888916,0.03519957512617111,0.042414966970682144,0.06858492642641068,0.007658367510885,-0.015486818738281727,-0.025320621207356453,0.0028177143540233374,-0.004965599626302719,-0.016556693241000175,-0.014993446879088879,0.05390239506959915,0.008137806318700314,-0.011414546519517899,0.05460650101304054,-0.04723250865936279,0.0,0.14169736206531525,0.08395204693078995,0.08104120939970016,0.0936233252286911,0.046146638691425323,0.05970366671681404,0.06677643954753876,0.04295725002884865,0.04188380390405655,0.04679664224386215,0.03864710405468941,0.045748189091682434,0.030798330903053284,0.03732124716043472,0.04707268998026848,0.05215137079358101,-1.163790730451808e-09,0.0003232371818739921,0.0004080232174601406,-4.60868795926217e-05,-0.00013698363909497857,-0.00013610077439807355,0.00013116977061145008,-3.055479101021774e-05,-1.9376384443603456e-05,-0.00014002654643263668,-0.0001960542140295729,7.043548976071179e-05,-9.688036516308784e-05,-6.725711864419281e-05,-7.109197758836672e-05,-0.00014426880807150155,3.0094963221927173e-05,6.685468623146562e-09,0.027130449190735817,0.01750369742512703,0.016723381355404854,0.020618027076125145,0.009718749672174454,0.010641277767717838,0.012372197583317757,0.007955634966492653,0.007612308952957392,0.007705824449658394,0.007433468475937843,0.008909379132091999,0.006182227283716202,0.006726670544594526,0.00909803993999958,0.009309420362114906,0.4575546085834503,0.4142209589481354,0.37327268719673157,0.3480926752090454,0.3283325135707855,0.330814003944397,0.3789904713630676,0.3745681345462799,0.3851505219936371,0.38712024688720703,0.3695710301399231,0.43658146262168884,0.3415699601173401,0.32199445366859436,0.31796011328697205,0.32569897174835205,0.3092413544654846,0.3133155107498169,0.32323411107063293,0.33074119687080383,0.3152099847793579,0.32242351770401,0.30135032534599304,0.34141024947166443,17.0118683096359,17.49291945850945,19.41497682917113,16.993859952057825,18.281781689242024,19.504389076630037,44.3965004239579,4.320251557594381,5.554308495602906,6.182267293116849,4.276554644810278,3.78798096850248,4.0571706426280905,4.349013363401811,2351.242321986192,847.1417228975288,0.07863123276654412,0.05330440982223774,MWalaa,English
-1.0,0.27828359603881836,0.04634843021631241,0.05905665457248688,0.0933951884508133,0.0017143634613603354,-0.01302437111735344,-0.0022982892114669085,-0.00814730767160654,0.006104587111622095,-0.016692843288183212,-0.017457811161875725,0.03987625986337662,0.010401931591331959,-0.006939945742487907,0.06038103997707367,-0.03757309913635254,0.0,0.17388354241847992,0.11633267998695374,0.09618772566318512,0.08425147831439972,0.06770604103803635,0.06873364001512527,0.05046742409467697,0.06186990067362785,0.04125690832734108,0.05129401385784149,0.04999851807951927,0.04536685347557068,0.035429611802101135,0.034810204058885574,0.049798715859651566,0.051828864961862564,-1.1595278071041548e-09,0.00010604441195027903,-5.57794692213065e-06,-0.0001776265853550285,0.00020303449127823114,-6.510483945021406e-05,-2.38367538258899e-05,6.482472963398322e-05,-0.0001461070351069793,5.994073944748379e-06,2.3849499939387897e-06,6.130680412752554e-05,-1.925029391713906e-05,1.9555662220227532e-05,0.0001397624146193266,5.9529702411964536e-05,4.388773959362879e-06,6.673583463623345e-09,0.03589862585067749,0.02281985804438591,0.01892307959496975,0.01663513295352459,0.014919914305210114,0.013029973022639751,0.010369382798671722,0.012098928913474083,0.0073232329450547695,0.011003170162439346,0.0092623895034194,0.00923506822437048,0.007249417249113321,0.0062376148998737335,0.009387064725160599,0.010210511274635792,0.47165387868881226,0.43640023469924927,0.4296545386314392,0.4565180540084839,0.4940296709537506,0.4547487497329712,0.4328625798225403,0.37296998500823975,0.37533286213874817,0.38021960854530334,0.34478214383125305,0.39748242497444153,0.3223106563091278,0.30483153462409973,0.33677756786346436,0.3382004201412201,0.3657272756099701,0.345925509929657,0.35275447368621826,0.3168533146381378,0.31673312187194824,0.3037111461162567,0.2711576819419861,0.2893800139427185,17.362522501390014,16.486364894918392,18.244777680917778,16.13563063900078,17.992393049382198,19.878862703439413,45.20022206682204,4.455841124515376,5.763729447943372,5.710346752694388,3.950166917619531,3.41595513076235,3.8014119929092107,4.594313917342443,2903.1856462238466,1285.4745245990619,0.11684767055860806,0.10809648787368109,MWalaa,English
-1.0,0.2437693476676941,0.0803103893995285,0.06342852115631104,0.09528659284114838,0.01961999386548996,0.005978326313197613,-0.018920600414276123,-0.00693671777844429,-0.0014823453966528177,-0.012889745645225048,-0.018006036058068275,0.05293795466423035,0.008809500373899937,-0.0036853800993412733,0.060412488877773285,-0.03129494562745094,0.0,0.2090551108121872,0.12170612812042236,0.07520893961191177,0.07997848093509674,0.061085231602191925,0.05987345054745674,0.05725814029574394,0.05288809537887573,0.039139751344919205,0.05167803540825844,0.04362165927886963,0.04736936092376709,0.028793221339583397,0.03409013897180557,0.052788618952035904,0.0450146459043026,-1.1680851841333606e-09,8.682062616571784e-05,-5.552755465032533e-05,-3.095993815804832e-05,0.00011031816393369809,-8.253236387645302e-07,-5.509085895027965e-06,-2.134058013325557e-05,2.335427097932552e-06,1.2735343261738308e-05,-2.5942385036614724e-05,-3.405323514016345e-05,6.764577392459614e-06,1.63229360623518e-05,5.654546112054959e-05,2.7825732104247436e-05,-8.101372077362612e-05,6.6974186196944174e-09,0.045066677033901215,0.026737689971923828,0.01621880568563938,0.01525628287345171,0.011804221197962761,0.011835205368697643,0.011500958353281021,0.009395991452038288,0.007153945975005627,0.009523849934339523,0.006792179774492979,0.009140852838754654,0.005716667510569096,0.006616479251533747,0.01010715402662754,0.008183768950402737,0.42285436391830444,0.4340626001358032,0.410680890083313,0.4577353298664093,0.4616800546646118,0.3686924874782562,0.3408544957637787,0.3717614412307739,0.4022354483604431,0.4261598289012909,0.4426429867744446,0.4166942238807678,0.29580363631248474,0.3129590153694153,0.28535982966423035,0.31367549300193787,0.33773505687713623,0.32384610176086426,0.34261220693588257,0.3314783573150635,0.32895785570144653,0.31446969509124756,0.3077428340911865,0.2966923415660858,16.307562613068075,15.580274772668018,18.83301092922839,15.769548984712483,17.84367907434087,19.59021663077489,43.71401063932329,3.9830716031159534,5.554373787665173,6.232730607160634,3.928463575980815,3.4962969334066907,3.8595454441192083,4.134717662078992,2998.0038237283297,1689.990609500148,0.13360708314114392,0.14862130767443174,MWalaa,English
-1.0,0.21485158801078796,0.07983345538377762,0.06578801572322845,0.10715167969465256,0.03362343832850456,0.009633946232497692,-0.0008747362880967557,-0.0013160250382497907,0.01710384525358677,-0.013248023577034473,-0.013565292581915855,0.04336358606815338,0.01203264482319355,-0.000494730076752603,0.046134475618600845,-0.017882168292999268,0.0,0.18383492529392242,0.10927936434745789,0.08370260149240494,0.08234596997499466,0.052332863211631775,0.04943687468767166,0.0509929358959198,0.04721705615520477,0.036935724318027496,0.04589799791574478,0.04247242584824562,0.04031975194811821,0.02784416638314724,0.025033041834831238,0.03799385577440262,0.03961856663227081,-8.509437599002467e-10,0.00013171136379241943,-6.23531304881908e-05,-7.31595209799707e-05,5.49641736142803e-05,4.953687312081456e-05,-7.703427399974316e-05,5.8723111578729004e-05,-1.2003246183667216e-06,3.53594878106378e-05,3.7264544516801834e-05,-1.4716834812134039e-05,-4.1434519516769797e-05,5.351457730284892e-05,5.9044352383352816e-05,1.9687322492245585e-05,2.0684574337792583e-06,5.739929864745363e-09,0.03800930082798004,0.022043118253350258,0.016404857859015465,0.014998686499893665,0.01030765287578106,0.009079523384571075,0.009608122520148754,0.00941521767526865,0.006708432454615831,0.008418639190495014,0.0073174722492694855,0.007043647579848766,0.005378553178161383,0.005112404935061932,0.007053776644170284,0.007578016724437475,0.4786336421966553,0.4515395164489746,0.4111619293689728,0.47115710377693176,0.5433223247528076,0.5067881345748901,0.4308493137359619,0.41211795806884766,0.47159823775291443,0.4988497793674469,0.4701622724533081,0.4536401033401489,0.31100207567214966,0.30574777722358704,0.2874454855918884,0.3076030910015106,0.33897826075553894,0.3502809703350067,0.3357152044773102,0.33270013332366943,0.35457026958465576,0.33853879570961,0.310883104801178,0.28740760684013367,16.932844915793478,14.774490172768017,17.713283059951678,15.36212455766574,17.586488441217277,18.719964848303714,44.222481092268076,4.407922161975524,5.318811999242085,6.150672657801384,3.5620209480927922,3.44317289040782,3.610762623849789,4.1442418724370995,2985.1368371135477,1558.5148270413931,0.12423738869287634,0.13519148861384608,MWalaa,English
-1.0,0.25630033016204834,0.06512819975614548,0.052877213805913925,0.08766508102416992,0.03086920827627182,-0.014342959970235825,-0.022673729807138443,0.005801623687148094,0.0009646833641454577,-0.009772293269634247,-0.022535907104611397,0.03166678547859192,0.00022410500969272107,0.004964443389326334,0.04653594642877579,-0.0498938262462616,0.0,0.22425445914268494,0.12862813472747803,0.07882615923881531,0.08392666280269623,0.06012327969074249,0.06785079836845398,0.07079427689313889,0.05748359113931656,0.04497893899679184,0.04769035056233406,0.046790748834609985,0.03996145725250244,0.03373541682958603,0.03605025261640549,0.04275187849998474,0.06990193575620651,-9.449285798268647e-10,3.969889439758845e-05,-2.7309735742164776e-05,-0.00014755447045899928,-0.0001122829198720865,-8.78281207405962e-05,4.9477337597636506e-05,3.667420241981745e-05,-9.667962785897544e-07,-6.832178041804582e-05,7.462270150426775e-05,-1.1785706419686903e-06,-1.7620064681977965e-05,-1.2761576726916246e-05,-7.569883746327832e-05,1.8601097053760896e-06,1.6470776245114394e-05,6.041264821732284e-09,0.047199539840221405,0.027573753148317337,0.015614906325936317,0.017077822238206863,0.012372986413538456,0.01320316269993782,0.012992762960493565,0.011105998419225216,0.0075847613625228405,0.009074182249605656,0.009232759475708008,0.008262929506599903,0.00671553798019886,0.006781448610126972,0.008141041733324528,0.014543731696903706,0.4043991267681122,0.45705902576446533,0.4139552712440491,0.4285288453102112,0.4837029278278351,0.45435941219329834,0.4059629440307617,0.4257638156414032,0.43885645270347595,0.41615596413612366,0.37021103501319885,0.3429560959339142,0.3331310451030731,0.3419249653816223,0.3120199143886566,0.3282429277896881,0.3575085401535034,0.3379697799682617,0.31372448801994324,0.3402424454689026,0.34670165181159973,0.3357711732387543,0.32264697551727295,0.31337568163871765,16.47708903665347,16.304977519115806,18.03017306484351,15.871198132498863,18.328590970115997,18.26112880854727,43.49915978772095,4.259987283670554,5.469183672762133,6.332372898763081,4.068900399677935,3.5700565978162113,3.0032223727189735,4.190656759924431,2853.3551507984675,1676.2404504702697,0.1326434235074627,0.16299939469790986,MWalaa,English
-1.0,0.20894980430603027,0.08630400151014328,0.06105264276266098,0.08913496136665344,0.03754351660609245,-0.043387386947870255,-0.003700729226693511,0.006125535815954208,-0.002393946750089526,-0.017588654533028603,-0.024966349825263023,0.012480523437261581,0.0036691755522042513,0.006575390230864286,0.041239067912101746,-0.04354552552103996,0.0,0.20775601267814636,0.13791830837726593,0.10124074667692184,0.08478226512670517,0.07012459635734558,0.08632314205169678,0.05552510917186737,0.05611681938171387,0.052956558763980865,0.06023037061095238,0.04648180678486824,0.04115826636552811,0.03692358359694481,0.038481634110212326,0.035062190145254135,0.05486046150326729,-1.1345916428595615e-09,-0.001039594877511263,-0.000289161573164165,0.0002557418483775109,0.00046375399688258767,0.00012120680912630633,-2.3335539935942506e-06,-0.00013114482862874866,0.000522137968800962,0.00017557704995851964,0.00019001445616595447,0.0005315973539836705,-7.966355769895017e-05,0.00025761788128875196,-0.00011852607713080943,-0.00031880399910733104,0.00045797822531312704,6.603576796493371e-09,0.04419403523206711,0.025459542870521545,0.02072511799633503,0.017087096348404884,0.014265975914895535,0.01702445186674595,0.01159349549561739,0.009638337418437004,0.010157592594623566,0.011708244681358337,0.007720921654254198,0.007429778575897217,0.00716196745634079,0.0074237678200006485,0.005797761958092451,0.01061971765011549,0.3669636845588684,0.2979292869567871,0.3027731776237488,0.37795209884643555,0.4161450266838074,0.41084280610084534,0.4647533595561981,0.4052150845527649,0.45280468463897705,0.37603560090065,0.37035101652145386,0.363863080739975,0.31412479281425476,0.2634645700454712,0.27427390217781067,0.31435492634773254,0.35370689630508423,0.29822322726249695,0.3580265939235687,0.32382169365882874,0.35976865887641907,0.3197648227214813,0.3329663872718811,0.31748276948928833,16.978429703114102,16.367402587818322,19.625492659980896,17.977377341050957,19.133361019830126,19.64163372596944,45.819955186919685,4.456171856150344,5.562515177142568,5.456104721679578,4.046148061784801,3.755121292375509,2.870641556133384,4.458223538140413,3345.3183964320056,1500.1433521982137,0.15938095038082437,0.13976845095282986,MWalaa,English
-1.0,0.24727733433246613,0.07728017121553421,0.0619535818696022,0.09715358912944794,0.020233409479260445,-0.004174173343926668,-0.0087894881144166,-0.018339235335588455,-0.011492042802274227,-0.02742401883006096,-0.021574517711997032,0.03608167916536331,0.0136041808873415,-0.0057112486101686954,0.05619592219591141,-0.03022254817187786,0.0,0.1882476657629013,0.11190032958984375,0.06917452812194824,0.07542985677719116,0.06330128014087677,0.056654397398233414,0.05273802578449249,0.04989267513155937,0.039435334503650665,0.04364786297082901,0.045520178973674774,0.039135806262493134,0.03307189419865608,0.03523122891783714,0.04452836140990257,0.041896700859069824,-1.181160724783581e-09,0.0010386406211182475,0.0001325373159488663,-0.00016659448738209903,9.176725143333897e-05,-0.00014137229300104082,-0.00021838376414962113,0.00017717403534334153,-0.0001974890474230051,0.0001612564956303686,3.4790630820680235e-07,8.926379814511165e-05,-0.00020175805548205972,-4.2921903514070436e-05,-0.00014012193423695862,-1.5291760746549699e-06,4.8799400246934965e-05,6.733653190593714e-09,0.03959588333964348,0.02295670285820961,0.013682050630450249,0.01438634842634201,0.01425945945084095,0.009456353262066841,0.010249519720673561,0.009917918592691422,0.007260427810251713,0.007869595661759377,0.007688586134463549,0.007860098034143448,0.006807977799326181,0.007576043251901865,0.00746725732460618,0.007377381436526775,0.4449467957019806,0.463468074798584,0.361320823431015,0.3744228482246399,0.37214407324790955,0.34990236163139343,0.29229575395584106,0.2997356057167053,0.3750316798686981,0.48191145062446594,0.4781447947025299,0.40171167254447937,0.3431749939918518,0.32881826162338257,0.29393360018730164,0.30641505122184753,0.32578927278518677,0.3361370265483856,0.29285818338394165,0.3106704652309418,0.33227819204330444,0.36325448751449585,0.3508797883987427,0.3019334673881531,16.409509509126462,16.42544195963872,20.87168341212521,16.977318226606176,18.311343544113058,19.669290295504457,43.95345827243001,4.562820005653391,5.686939739975612,6.727219821065617,4.522440758414293,4.01986183771551,3.36460579693789,4.589225021100022,2897.424662074542,1639.1411482871615,0.13447046991604478,0.14268586006135553,MWalaa,English
-1.0,0.23644080758094788,0.07742063701152802,0.06515257805585861,0.09391037374734879,0.01968442276120186,-0.001323502161540091,-0.010752283036708832,0.004337217193096876,0.002990423236042261,-0.013667353428900242,-0.022744137793779373,0.0364447683095932,0.016269922256469727,-0.010092048905789852,0.04566884785890579,-0.03118068538606167,0.0,0.19600653648376465,0.10513260960578918,0.07629832625389099,0.08705365657806396,0.04760560393333435,0.04642718285322189,0.056001901626586914,0.04512185975909233,0.03671472147107124,0.04631485417485237,0.04078536480665207,0.03775281086564064,0.02845187485218048,0.03479067236185074,0.04388285428285599,0.04772414267063141,-1.0694293228752372e-09,0.00030659351614303887,-0.0001868117687990889,-2.4527260393369943e-05,0.0003112585691269487,-0.00018509512301534414,-0.00013387268700171262,0.00012645726383198053,-1.9544181668607052e-06,-3.70884190488141e-05,4.734944468509639e-06,2.6017565687652677e-05,2.4278446289827116e-05,-3.0103372409939766e-05,8.260283721028827e-06,4.3400814320193604e-05,1.660003817960387e-06,6.416575715206818e-09,0.04132891818881035,0.022869504988193512,0.014933908358216286,0.01629430428147316,0.010176008567214012,0.009177961386740208,0.010941633023321629,0.008024737238883972,0.006897034589201212,0.008533251471817493,0.007290333043783903,0.0068021113984286785,0.0053498330526053905,0.006759937386959791,0.00851779617369175,0.00870643462985754,0.4889512062072754,0.5109532475471497,0.44154006242752075,0.4219457507133484,0.45835238695144653,0.4739365875720978,0.4206365942955017,0.3897276818752289,0.3631545901298523,0.40340059995651245,0.40334731340408325,0.3881094455718994,0.32658863067626953,0.3217730224132538,0.3138231933116913,0.3208181858062744,0.3335443139076233,0.329629510641098,0.32969930768013,0.34376439452171326,0.3138042986392975,0.3228519856929779,0.2980121374130249,0.2898227274417877,16.61153914446831,15.403681465587237,18.41265664616697,15.403392833780885,18.11376672820372,19.476314454172165,43.53277203693497,4.692472345535031,5.412992886498514,5.812122411253115,3.9394538530589243,3.311346595651822,3.2349641290851063,4.474869108524209,3023.8657515095615,1496.1801855724598,0.1317946975295608,0.13835530440517232,MWalaa,English
-1.0,0.2569531500339508,0.08750715851783752,0.08083328604698181,0.09232428669929504,0.020313061773777008,0.0033058077096939087,-0.003939817193895578,-0.0011849238071590662,-0.008754560723900795,-0.022719090804457664,-0.018539607524871826,0.023807724937796593,0.009759770706295967,-0.00991114228963852,0.03830680623650551,-0.04214448109269142,0.0,0.1739862859249115,0.11058951914310455,0.08274154365062714,0.08477209508419037,0.052663546055555344,0.05174795165657997,0.04846929386258125,0.048223935067653656,0.03983009606599808,0.047974325716495514,0.04250352829694748,0.032110631465911865,0.03192620724439621,0.030104607343673706,0.04090724512934685,0.04466571286320686,-9.62161350592794e-10,0.0007816129364073277,9.587468230165541e-05,-0.0002423400292173028,0.00018372960039414465,-0.00013686220336239785,-0.0002394656476099044,9.716471686260775e-05,-7.480853673769161e-05,-6.119825411587954e-05,0.00011861975508509204,-4.6210087020881474e-05,-8.011591125978157e-05,9.30208625504747e-05,3.49078509316314e-05,-9.499083535047248e-05,-5.429072643892141e-06,6.094744264828478e-09,0.03440968319773674,0.022324757650494576,0.015268813818693161,0.017383059486746788,0.011276459321379662,0.010886519216001034,0.008892042562365532,0.00926944613456726,0.0070781284011900425,0.00901048630475998,0.007970168255269527,0.0061743068508803844,0.006098255980759859,0.006371479481458664,0.0074579836800694466,0.00859779492020607,0.4460729956626892,0.3972777724266052,0.3230758309364319,0.37944069504737854,0.41118016839027405,0.3574597239494324,0.30955415964126587,0.30951201915740967,0.3574155271053314,0.419220894575119,0.4385595917701721,0.42486298084259033,0.32308265566825867,0.3120209276676178,0.2797023057937622,0.3346024751663208,0.3369296193122864,0.3068477213382721,0.2850111424922943,0.28739243745803833,0.3259626626968384,0.34042543172836304,0.3316713869571686,0.3118576109409332,14.948630085644412,15.932961639936407,18.608692738877668,15.621758051337247,17.841938193610204,19.34923373615916,44.040942581802696,4.31556819644835,4.927226468338628,5.795210991593213,4.19634545443796,3.079968626554321,3.282762765562369,4.225937486562355,2869.998021615391,1625.51995265476,0.13171275408434652,0.13357479612358333,MWalaa,English
-1.0,0.2012072205543518,0.09683961421251297,0.04978710785508156,0.08620956540107727,0.04356946051120758,0.005911087151616812,-0.019168734550476074,0.007510176859796047,0.00418245792388916,-0.019155172631144524,-0.009416407905519009,0.035299479961395264,0.007598502095788717,-0.0020823474042117596,0.038903914391994476,-0.03431612625718117,0.0,0.23910410702228546,0.1351705640554428,0.07171347737312317,0.0656435415148735,0.05653589218854904,0.04276411980390549,0.054326508194208145,0.04736686125397682,0.04078914597630501,0.052733100950717926,0.034384772181510925,0.04054468125104904,0.025635143741965294,0.0319957360625267,0.033917415887117386,0.05267585441470146,-1.138672933720386e-09,0.0005473316996358335,-7.80061018303968e-05,-8.438758231932297e-05,6.605288217542693e-05,-4.888173134531826e-05,-1.7959560864255764e-05,4.7145720600383356e-05,-6.615277379751205e-05,-7.196041406132281e-05,4.238134351908229e-06,-2.2691248886985704e-05,-4.335837365943007e-05,7.746788469376042e-06,-1.1913223715964705e-05,2.6509085728321224e-05,-5.6246215535793453e-05,6.615092029704783e-09,0.055101655423641205,0.030407454818487167,0.014263576827943325,0.013319325633347034,0.012977413833141327,0.008859865367412567,0.011300237849354744,0.009663186967372894,0.007494295947253704,0.009590068832039833,0.0069398642517626286,0.008199586533010006,0.0049400655552744865,0.006554696708917618,0.0065934304147958755,0.010915599763393402,0.36683139204978943,0.5429101586341858,0.48511120676994324,0.4334847927093506,0.49700745940208435,0.4911065399646759,0.4050416648387909,0.3330847918987274,0.32628104090690613,0.392295241355896,0.36722517013549805,0.29627713561058044,0.2827681303024292,0.33446595072746277,0.3014868199825287,0.3214224874973297,0.36229798197746277,0.3440929055213928,0.3186343014240265,0.3305172026157379,0.2968089282512665,0.32667049765586853,0.3079001307487488,0.2628040015697479,15.0821692105991,15.818942305610431,18.21657913817735,15.353670938871296,17.61432286440153,19.21654267204389,43.402339757497124,4.413070447375668,5.14512248070947,5.975023119839373,3.902517003766276,3.459859357262229,3.2373512754370948,4.223213718677513,3435.8161151288396,1967.1958381382804,0.1867746037544964,0.1754620489101838,MWalaa,English
-1.0,0.16751018166542053,0.10117310285568237,0.07156451046466827,0.10079523921012878,0.023167604580521584,-0.011026312597095966,-0.01014757715165615,0.013153886422514915,-0.004243883304297924,-0.017128076404333115,-0.02187550626695156,0.026087475940585136,0.011628281325101852,-0.007004799786955118,0.04087434709072113,-0.040798913687467575,0.0,0.2290307879447937,0.1314857453107834,0.07711663842201233,0.0641656368970871,0.06480681896209717,0.04496634006500244,0.052638400346040726,0.04679855331778526,0.0389007031917572,0.0391509085893631,0.039685819298028946,0.03513168916106224,0.03167704492807388,0.03451891615986824,0.03778738155961037,0.04815279692411423,-1.2413767791485952e-09,0.0001826993830036372,0.00014331715647131205,-6.523061892949045e-05,-2.922190788012813e-06,1.9898849132005125e-05,7.551640010206029e-05,9.118207526626065e-05,-5.1426915888441727e-05,-3.470969750196673e-05,4.513587919063866e-05,2.965645217045676e-05,-0.00010749715147539973,-1.4134740922600031e-05,-2.3794875232852064e-05,-2.2549182176589966e-05,6.315799691947177e-05,6.897743265454892e-09,0.05047815665602684,0.028741532936692238,0.014095211401581764,0.01268082857131958,0.013135543093085289,0.008057703264057636,0.010036119259893894,0.00981906894594431,0.007823674939572811,0.0068519520573318005,0.006875396240502596,0.006779748946428299,0.0066221472807228565,0.006789914332330227,0.0072340895421803,0.009596076793968678,0.4241006374359131,0.40892910957336426,0.36764106154441833,0.44602352380752563,0.4779694676399231,0.42662501335144043,0.3662937879562378,0.36897554993629456,0.41669031977653503,0.39311060309410095,0.30284664034843445,0.3249816298484802,0.3123745024204254,0.30732205510139465,0.28756090998649597,0.356285959482193,0.3576661944389343,0.34248706698417664,0.33504241704940796,0.33130723237991333,0.3248397409915924,0.31374162435531616,0.28020602464675903,0.28395718336105347,15.940185044851994,16.000274783897844,18.469403648905654,15.377012341387964,18.273873970675975,19.808016725671646,43.35729196768323,4.46817773915345,4.823183554497467,6.086438659515536,3.85284776814538,3.4172503726002343,3.6317522962300073,3.79838371909711,3585.6915940568088,1937.159119758728,0.1962048100490196,0.19309564610973098,MWalaa,English
-1.0,0.23448620736598969,0.07951479405164719,0.06492238491773605,0.1048181876540184,0.003922180738300085,-0.010072304867208004,-0.005816454533487558,-0.004163237288594246,-0.011562034487724304,-0.024122096598148346,-0.015326453372836113,0.03435299172997475,0.008533703163266182,-0.014298873953521252,0.046330634504556656,-0.03421948477625847,0.0,0.1923401951789856,0.12689034640789032,0.09804077446460724,0.07813710719347,0.06151866167783737,0.04990644007921219,0.047786321491003036,0.046028248965740204,0.046063974499702454,0.05160427838563919,0.04773112013936043,0.036890674382448196,0.03019074536859989,0.033061858266592026,0.04642660170793533,0.03981347754597664,-1.1552958589788886e-09,0.00018290903244633228,0.0001507613342255354,-8.240305760409683e-05,-0.00010757754353107885,-5.465622234623879e-05,2.166639023926109e-05,-5.908412276767194e-06,1.2051926205458585e-05,1.6262605640804395e-05,3.6083241866435856e-05,0.0002250106626888737,-4.3343283323338255e-05,-6.693914474453777e-05,-2.7572130420594476e-05,-4.953241295879707e-05,7.616270158905536e-05,6.6617609206787165e-09,0.04155544936656952,0.02870316617190838,0.019908040761947632,0.015144005417823792,0.013141727074980736,0.010079323314130306,0.008684277534484863,0.008401553146541119,0.00864417664706707,0.01021712925285101,0.007847794331610203,0.007317584939301014,0.006252128630876541,0.006996034644544125,0.009007694199681282,0.007990033365786076,0.433847576379776,0.45363396406173706,0.37165483832359314,0.37429362535476685,0.4529056251049042,0.4199458360671997,0.34216320514678955,0.35698023438453674,0.35784199833869934,0.3788919150829315,0.3607868552207947,0.3480486571788788,0.3376280665397644,0.3409897983074188,0.3086213767528534,0.3289365768432617,0.37235739827156067,0.3464888632297516,0.3042430579662323,0.3416357934474945,0.31502047181129456,0.32779577374458313,0.3107079267501831,0.2906167209148407,16.71323927278028,16.530750392761508,19.75331646847879,15.898845552955812,17.937456756719264,19.222544883890144,44.2221319610334,4.397636545233951,5.767644915656388,5.719830934325389,3.51222078842702,3.349193981554664,3.3917086519959043,4.37510277641472,3152.487026175088,1731.0893114971973,0.15474773323448904,0.1621342557205096,MWalaa,English
-1.0,0.2775669991970062,0.08226733654737473,0.030866017565131187,0.06620119512081146,-0.00817128550261259,-0.018125157803297043,-0.016011718660593033,0.010188810527324677,0.0063444217666983604,0.002587066264823079,-0.006163090001791716,0.03703167289495468,0.0057550761848688126,-0.01225192379206419,0.04543333500623703,-0.06315281242132187,0.0,0.17816001176834106,0.13166533410549164,0.08696364611387253,0.07561351358890533,0.05923238769173622,0.05378038063645363,0.05062652379274368,0.0489143431186676,0.03705195337533951,0.0522671602666378,0.04116757959127426,0.038550905883312225,0.027020763605833054,0.03603307902812958,0.04372398182749748,0.05353408306837082,-1.0516647552805125e-09,0.00029626410105265677,0.00023165687161963433,-0.00010748603381216526,-0.0001454829762224108,-8.763284859014675e-05,6.260717782424763e-05,3.9155918784672394e-05,5.2743453125003725e-05,-3.8148878957144916e-05,-6.836879038019106e-05,5.1845694542862475e-05,-5.792190131614916e-05,-3.73143375327345e-05,3.419695349293761e-05,-7.481924694729969e-05,-1.5782359241711674e-06,6.364527571633971e-09,0.035587627440690994,0.02771231159567833,0.016685254871845245,0.014619185589253902,0.010810102336108685,0.011349252425134182,0.009372538886964321,0.010088197886943817,0.0063412305898964405,0.009475983679294586,0.007249416317790747,0.007687625475227833,0.004538029432296753,0.006569615565240383,0.008963941596448421,0.01048897672444582,0.4766792356967926,0.4758094549179077,0.497606486082077,0.4949581027030945,0.43916741013526917,0.29535815119743347,0.2854313254356384,0.2815991938114166,0.31056690216064453,0.3391426205635071,0.33484822511672974,0.3743366301059723,0.3181866705417633,0.30234670639038086,0.3280942142009735,0.31829655170440674,0.35048332810401917,0.27464619278907776,0.2855185270309448,0.26102587580680847,0.2551187574863434,0.25636184215545654,0.2731003761291504,0.28582763671875,16.26390234920524,16.339959841859926,18.235472579602416,16.2837704109959,18.06598359470567,20.14959216714992,43.02311220564556,4.121203690080689,5.726573509071339,4.677706457241897,3.3143808448988628,3.579611300798443,3.9187843948708734,4.016227032540788,2992.4844447905593,1511.7441884219006,0.13165911804401995,0.13531727575478056,MWalaa,English
-1.0,0.3094013035297394,0.07204964011907578,0.04567296802997589,0.050368782132864,-0.009199085645377636,0.008054918609559536,-8.210769010474905e-05,-0.006611318793147802,0.007562483195215464,0.0034073125571012497,-0.009492864832282066,0.04429219663143158,0.012033890001475811,-0.017733149230480194,0.04129344969987869,-0.04059929773211479,0.0,0.163224458694458,0.10986676812171936,0.0865437462925911,0.08029543608427048,0.05088740214705467,0.053983964025974274,0.04595477133989334,0.058991629630327225,0.04387984424829483,0.045317769050598145,0.040466245263814926,0.03987366706132889,0.030677827075123787,0.039332065731287,0.041093382984399796,0.04479667544364929,-1.0145867479494086e-09,0.00011750334670068696,-3.532098344294354e-05,-0.00027780680102296174,2.982013756991364e-05,-0.00016883235366549343,-1.2259763025213033e-05,-1.8874350644182414e-05,-1.3261866115499288e-05,-1.1960140000155661e-05,2.8033979106112383e-05,1.055938355420949e-05,2.6752395569928922e-05,6.437838601414114e-05,-1.8213917428511195e-05,-3.0601506296079606e-05,-4.747075217892416e-05,6.254333051458616e-09,0.02811780758202076,0.020087195560336113,0.016611402854323387,0.016262169927358627,0.009942839853465557,0.01138483639806509,0.008176907896995544,0.011553757824003696,0.007614715024828911,0.008619303815066814,0.008086413145065308,0.008242146112024784,0.006016652099788189,0.008237100206315517,0.007799454033374786,0.008240973576903343,0.4219134747982025,0.4358258843421936,0.4259713888168335,0.4053244888782501,0.46424874663352966,0.456525593996048,0.38130590319633484,0.3619813621044159,0.3297513425350189,0.303636372089386,0.32234299182891846,0.3721771538257599,0.3047906160354614,0.3020515739917755,0.3286239802837372,0.3253561854362488,0.34398069977760315,0.33491191267967224,0.3030563294887543,0.3140426576137543,0.2968372404575348,0.2772670388221741,0.26989057660102844,0.2928276062011719,15.93806776752297,15.656754564970376,18.03659752276025,16.804433790398633,17.535459770992247,20.010588690705678,43.60100867066283,4.194413171892202,5.172383567980643,4.6467279428894015,3.397431827286069,3.082299833935475,3.4767471448754015,4.368629959321804,2433.199962022077,1210.8125621058734,0.09328988882211539,0.08589135983870502,MWalaa,English
-1.0,0.24536670744419098,0.11941129714250565,0.0466761589050293,0.061695050448179245,0.013680393807590008,-0.010984379798173904,-0.030355125665664673,0.005945446435362101,0.0016734555829316378,-0.0029779504984617233,-0.011424538679420948,0.027224304154515266,0.014331214129924774,-0.0005014617927372456,0.04227442666888237,-0.04198652133345604,0.0,0.19928722083568573,0.1335589736700058,0.09866289794445038,0.09007809311151505,0.0578167624771595,0.06013114005327225,0.054221704602241516,0.05038922280073166,0.03455877676606178,0.043784622102975845,0.04408026859164238,0.03574926033616066,0.03230622038245201,0.0406576469540596,0.042017605155706406,0.05226945877075195,-1.0344806122830619e-09,0.0007658172398805618,-0.0005694697611033916,-0.00044483819510787725,0.0001796672004275024,-0.00017864811525214463,-0.00024675054010003805,-0.0002074888616334647,0.0001387433148920536,9.624697122490034e-05,3.6244469811208546e-05,-0.00012553480337373912,-3.985945113527123e-06,-9.055923874257132e-05,-0.00012258703645784408,6.44200699753128e-05,6.214350378286326e-06,6.313722877848704e-09,0.04008730873465538,0.024304142221808434,0.0194474458694458,0.01677442528307438,0.011236963793635368,0.011930705979466438,0.011163881048560143,0.008492287248373032,0.006602590903639793,0.007765704765915871,0.007379285991191864,0.007279925514012575,0.005665653385221958,0.007788974791765213,0.007748784963041544,0.009592533111572266,0.39661315083503723,0.47412434220314026,0.47710731625556946,0.4339667856693268,0.3994189202785492,0.38290733098983765,0.41456037759780884,0.4079316556453705,0.39869821071624756,0.3871300518512726,0.3612743318080902,0.33068859577178955,0.31476205587387085,0.3470035195350647,0.32666462659835815,0.32019510865211487,0.3333439826965332,0.31262555718421936,0.329742431640625,0.31907767057418823,0.31050994992256165,0.2743559777736664,0.280559778213501,0.2797944247722626,15.719209773798024,15.819659443137128,18.1182953447751,16.49543828469241,18.24977673558062,18.93842153121016,43.12800162894413,4.128625850900743,5.407399533421898,5.483365641089144,3.9533391903021395,4.0744062499493126,3.468011011792027,4.188813182100791,3237.8826292804033,1732.240427586419,0.1575824014501634,0.15086214924592367,MWalaa,English
-1.0,0.29506760835647583,0.11111162602901459,0.0898355171084404,0.10426540672779083,0.01584002375602722,0.0017259871819987893,0.03090595081448555,0.020243767648935318,0.013298455625772476,-0.004025456961244345,-0.004864667076617479,0.045487597584724426,0.025862697511911392,-0.014655652455985546,0.05683601647615433,-0.03135118633508682,0.0,0.15385837852954865,0.10207145661115646,0.10864952951669693,0.08997521549463272,0.05761972442269325,0.052171338349580765,0.05150826647877693,0.03642323613166809,0.039542876183986664,0.03976037725806236,0.04344047233462334,0.04153832420706749,0.029710935428738594,0.035641904920339584,0.048460692167282104,0.03846361115574837,-1.126516324667648e-09,0.00042615464190021157,-6.565485819010064e-05,3.037237183889374e-05,0.00023739252355881035,-5.519683691090904e-05,-1.8835452237908612e-06,2.2860489480081014e-05,-4.175895810476504e-05,-4.311098746256903e-05,6.031616067048162e-06,6.687597488053143e-05,4.9691807362250984e-05,1.318997988164483e-06,-3.831736830761656e-05,4.407455890031997e-06,-2.5404915504623204e-05,6.580726630289746e-09,0.032969724386930466,0.02360120788216591,0.01983640529215336,0.017222346737980843,0.01157890073955059,0.010434509254992008,0.010144430212676525,0.006517701782286167,0.006974681746214628,0.00716977147385478,0.007331584580242634,0.008165741339325905,0.0059650433249771595,0.006406309083104134,0.00914786383509636,0.007679772097617388,0.492657870054245,0.5001093745231628,0.4451495110988617,0.4358971416950226,0.47691503167152405,0.4969358742237091,0.4745786488056183,0.437540739774704,0.40848010778427124,0.4260786473751068,0.39556947350502014,0.400228887796402,0.34577399492263794,0.32402533292770386,0.32605496048927307,0.32028886675834656,0.3248710334300995,0.3377179503440857,0.33757469058036804,0.3268347382545471,0.3126585781574249,0.3280465304851532,0.2949490249156952,0.30235007405281067,13.800144393644933,15.805047353811124,18.439627433959878,16.658699628830856,18.348651881065724,19.246492799403285,44.33163263908897,3.5693024296276343,5.0047211006803,4.937687289217154,3.7665558500291367,3.9580809351369566,3.7061800652006553,5.0117244572952195,2307.4052717156746,1294.3578723848482,0.07798424988879003,0.0837070928061483,MWalaa,English
-1.0,0.29506760835647583,0.11111162602901459,0.0898355171084404,0.10426540672779083,0.01584002375602722,0.0017259871819987893,0.03090595081448555,0.020243767648935318,0.013298455625772476,-0.004025456961244345,-0.004864667076617479,0.045487597584724426,0.025862697511911392,-0.014655652455985546,0.05683601647615433,-0.03135118633508682,0.0,0.15385837852954865,0.10207145661115646,0.10864952951669693,0.08997521549463272,0.05761972442269325,0.052171338349580765,0.05150826647877693,0.03642323613166809,0.039542876183986664,0.03976037725806236,0.04344047233462334,0.04153832420706749,0.029710935428738594,0.035641904920339584,0.048460692167282104,0.03846361115574837,-1.126516324667648e-09,0.00042615464190021157,-6.565485819010064e-05,3.037237183889374e-05,0.00023739252355881035,-5.519683691090904e-05,-1.8835452237908612e-06,2.2860489480081014e-05,-4.175895810476504e-05,-4.311098746256903e-05,6.031616067048162e-06,6.687597488053143e-05,4.9691807362250984e-05,1.318997988164483e-06,-3.831736830761656e-05,4.407455890031997e-06,-2.5404915504623204e-05,6.580726630289746e-09,0.032969724386930466,0.02360120788216591,0.01983640529215336,0.017222346737980843,0.01157890073955059,0.010434509254992008,0.010144430212676525,0.006517701782286167,0.006974681746214628,0.00716977147385478,0.007331584580242634,0.008165741339325905,0.0059650433249771595,0.006406309083104134,0.00914786383509636,0.007679772097617388,0.492657870054245,0.5001093745231628,0.4451495110988617,0.4358971416950226,0.47691503167152405,0.4969358742237091,0.4745786488056183,0.437540739774704,0.40848010778427124,0.4260786473751068,0.39556947350502014,0.400228887796402,0.34577399492263794,0.32402533292770386,0.32605496048927307,0.32028886675834656,0.3248710334300995,0.3377179503440857,0.33757469058036804,0.3268347382545471,0.3126585781574249,0.3280465304851532,0.2949490249156952,0.30235007405281067,13.800144393644933,15.805047353811124,18.439627433959878,16.658699628830856,18.348651881065724,19.246492799403285,44.33163263908897,3.5693024296276343,5.0047211006803,4.937687289217154,3.7665558500291367,3.9580809351369566,3.7061800652006553,5.0117244572952195,2307.4052717156746,1294.3578723848482,0.07798424988879003,0.0837070928061483,MWalaa,English
-1.0,0.2519967257976532,0.08608295023441315,0.056505490094423294,0.057528745383024216,-0.012182021513581276,-0.023881759494543076,-0.009191586636006832,0.0013222917914390564,0.0018265943508595228,-0.010968105867505074,-0.007707726676017046,0.034098926931619644,0.006376480218023062,-0.014447773806750774,0.03935316205024719,-0.04003783315420151,0.0,0.2105385810136795,0.1153126135468483,0.08318900316953659,0.09039545059204102,0.051829297095537186,0.055899593979120255,0.049880191683769226,0.05346941575407982,0.045174479484558105,0.04087676480412483,0.04353203624486923,0.03261081874370575,0.0336410291492939,0.033622659742832184,0.046885982155799866,0.04906545579433441,-1.126516324667648e-09,0.0004264242306817323,0.0001249240740435198,-0.00021347978326957673,-1.1705366205205792e-06,5.6348901125602424e-05,0.00015349836030509323,8.903229172574356e-05,-4.6897930587874725e-05,-1.4623407878389116e-05,2.839348599081859e-05,-1.8479593563824892e-05,-0.00012632552534341812,-2.462012525938917e-05,3.825682870228775e-05,-4.8036625230452046e-05,7.714691491855774e-06,6.580726630289746e-09,0.04488389194011688,0.02325834520161152,0.01774430461227894,0.014866611920297146,0.010989990085363388,0.009297185577452183,0.008955975994467735,0.009694068692624569,0.008313425816595554,0.007105482742190361,0.008055943995714188,0.006129863206297159,0.006140248384326696,0.00622596126049757,0.008899417705833912,0.009300620295107365,0.365771621465683,0.3861669898033142,0.3990687131881714,0.4081161320209503,0.38183489441871643,0.34381988644599915,0.33056461811065674,0.34996262192726135,0.37810218334198,0.40545299649238586,0.37326523661613464,0.33522117137908936,0.30241090059280396,0.32855936884880066,0.3445696532726288,0.3395672142505646,0.31484949588775635,0.3066439926624298,0.29945963621139526,0.29542049765586853,0.3095695674419403,0.32859253883361816,0.3068520724773407,0.28119248151779175,15.743183180390872,16.02226925190477,18.484071756236343,16.644665159728664,17.65007791722537,19.43618326166626,43.87640461763918,4.2340719805467835,5.636673015036435,4.660969443101268,3.5019967684662356,3.26147782649278,3.2693073482607806,4.140990768509738,2985.9383876732427,1704.8285420294756,0.15029505393683273,0.15881916937947319,MWalaa,English
-1.0,0.27978378534317017,0.0757075771689415,0.025562340393662453,0.06167617440223694,-0.014298963360488415,-0.007110151927918196,-0.01971004530787468,0.007870221510529518,0.0016564022516831756,0.0035782160703092813,0.003969760611653328,0.04424548149108887,0.017126981168985367,-0.01043590996414423,0.04408276081085205,-0.04807145521044731,0.0,0.2030385136604309,0.11816123872995377,0.07304216921329498,0.07922644913196564,0.05228154733777046,0.04734870046377182,0.051290713250637054,0.04121503233909607,0.043632812798023224,0.04669416695833206,0.03157418966293335,0.03866679593920708,0.03347790986299515,0.03325386345386505,0.038909487426280975,0.05320591479539871,-1.1767697927211884e-09,0.00018388919124845415,0.0001871431595645845,1.9420589524088427e-05,-6.200154166435823e-05,-0.00012133993732277304,0.00019114336464554071,-1.3820134881825652e-05,-8.102571155177429e-05,-1.986256211239379e-05,1.9120918295811862e-05,0.00011236005957471207,0.00011601659207371995,3.1128864065976813e-05,6.239327922230586e-05,-6.723216938553378e-05,5.1909413741668686e-05,6.721509127061154e-09,0.04363808408379555,0.02635078690946102,0.014392629265785217,0.015427468344569206,0.010027200914919376,0.010375144891440868,0.010368679650127888,0.008416005410254002,0.008751465938985348,0.008576689288020134,0.005173553712666035,0.007633046247065067,0.006855418439954519,0.007622153963893652,0.008195918053388596,0.010610264725983143,0.4888307452201843,0.4986456632614136,0.41107913851737976,0.4291478395462036,0.4838061034679413,0.3544088304042816,0.2610747814178467,0.266894668340683,0.25000113248825073,0.2841752767562866,0.3347288966178894,0.42032063007354736,0.3132579028606415,0.3341255784034729,0.3066384196281433,0.3250451982021332,0.3697901964187622,0.305601567029953,0.22086888551712036,0.24985332787036896,0.2234129011631012,0.25428804755210876,0.24482262134552002,0.30334052443504333,16.132702051781603,15.676373478563352,18.965498256703125,17.10991809015978,17.99430815661378,19.41230025984678,42.708222908790006,4.852761903131002,5.286048857788303,4.8970714466915695,4.6352655542096795,3.4632796659882272,3.141953056656575,4.123335444223588,3092.443294077223,1681.8974409646307,0.1563226068773234,0.15354751482455184,MWalaa,English
-1.0,0.2567552924156189,0.07627901434898376,0.027369309216737747,0.06978198885917664,-0.001601638039574027,-0.019623665139079094,-0.0016485123196616769,0.000971779809333384,-0.006946477107703686,-0.00822931807488203,-0.009795907884836197,0.035752974450588226,0.013155145570635796,-0.015977583825588226,0.040158774703741074,-0.037825170904397964,0.0,0.20122608542442322,0.11874213069677353,0.10202434659004211,0.06546873599290848,0.05405351147055626,0.044025667011737823,0.0514703132212162,0.0447380505502224,0.04317602515220642,0.04395569488406181,0.04208838567137718,0.0316915437579155,0.02827606536448002,0.03778626769781113,0.03630509600043297,0.043716296553611755,-1.0551702844807664e-09,0.00019625219283625484,0.00012827930913772434,-3.333101631142199e-05,3.086499418714084e-05,3.716168794198893e-05,0.00015865796012803912,5.360473005566746e-05,4.171988621237688e-05,1.853952724673036e-08,-0.00010177076910622418,2.8424088668543845e-05,-1.7866306734504178e-05,-1.884791345219128e-05,2.6539948521531187e-05,1.3560752449848223e-05,2.0811869035242125e-05,6.374835770373011e-09,0.040239881724119186,0.025299837812781334,0.01882036402821541,0.011784670874476433,0.011675168760120869,0.008467896841466427,0.00967411883175373,0.008900892920792103,0.007589669432491064,0.007940155453979969,0.0071096960455179214,0.006547475699335337,0.005292976275086403,0.007327435538172722,0.006942871492356062,0.009301766753196716,0.37350353598594666,0.45431995391845703,0.4295380115509033,0.4116518795490265,0.5024309158325195,0.4270223379135132,0.3067457973957062,0.3451441526412964,0.3089163601398468,0.3100602328777313,0.3124890923500061,0.33996522426605225,0.27387627959251404,0.3286331593990326,0.30052873492240906,0.2983352541923523,0.3557763397693634,0.32645076513290405,0.25987109541893005,0.32044824957847595,0.27678653597831726,0.27063414454460144,0.26754820346832275,0.2740951180458069,18.085717164112243,15.58089593664042,18.60372404741857,16.580656128977893,18.130753995860875,19.32539545130174,43.861242906677056,4.758023014061097,5.6545264954005825,4.498938195493053,3.8713789046644207,3.4145525926274853,3.6419863610638536,4.511745167648671,3081.583441182448,1721.903636251128,0.1517529296875,0.15380027406504387,MWalaa,English
-1.0,0.18526436388492584,0.09772104024887085,0.08275683224201202,0.10110119730234146,0.024944178760051727,-0.003846390638500452,0.005924249533563852,0.0007075268076732755,0.004947963636368513,-0.026411084458231926,-0.009113041684031487,0.035645704716444016,0.0009435785468667746,-0.0046523502096533775,0.04927036166191101,-0.0378694124519825,0.0,0.19470688700675964,0.1074933409690857,0.10149909555912018,0.08041010797023773,0.05976708605885506,0.05359868332743645,0.0452200248837471,0.05194879695773125,0.04118844121694565,0.04139908775687218,0.039993274956941605,0.035302236676216125,0.03320524841547012,0.031105030328035355,0.040633175522089005,0.039219457656145096,-8.696457998169649e-10,9.654851601226255e-05,8.286384399980307e-05,-0.00013400785974226892,-2.1307596398401074e-05,-3.2966934668365866e-05,4.787507714354433e-05,3.571413253666833e-05,2.3239384972839616e-05,-3.305732388980687e-05,1.069043719326146e-05,6.907946226419881e-05,-3.2174000807572156e-05,-9.956273061106913e-06,2.4640779884066433e-05,-2.67933719442226e-05,7.625832949997857e-06,5.801261249160916e-09,0.04243249073624611,0.022980671375989914,0.017648976296186447,0.014485090970993042,0.01311445888131857,0.009908454492688179,0.008219224400818348,0.008852887898683548,0.008098850026726723,0.006930699571967125,0.006778296548873186,0.007501931395381689,0.006481223274022341,0.006086340639740229,0.007929866202175617,0.007966246455907822,0.5224509239196777,0.5053115487098694,0.43595895171165466,0.39324280619621277,0.3824036121368408,0.3608396053314209,0.34401050209999084,0.3519704341888428,0.4082593321800232,0.42910969257354736,0.4084615707397461,0.45927172899246216,0.3345497250556946,0.32050731778144836,0.3096408545970917,0.3239491879940033,0.3415996730327606,0.32640340924263,0.32833003997802734,0.30724167823791504,0.32376834750175476,0.3218229413032532,0.3209150433540344,0.3390437364578247,16.779184022656462,16.48480653470447,18.47465415519937,15.422316229407308,18.28350014925465,19.10076191607627,44.12921298268146,4.100433185784969,5.554607774416818,5.908814903702908,4.037714322562317,3.7239555655617207,4.028404972526738,4.065173769811758,3219.5002072931684,1720.854200970845,0.15572952438186813,0.16137389564085627,MWalaa,English
-1.0,0.2673349380493164,0.06470635533332825,0.04806026443839073,0.08684533089399338,0.02140115201473236,-0.000994742033071816,-0.01880728080868721,-0.0036491204518824816,-0.007566850166767836,-0.019158391281962395,-0.007706369739025831,0.05114927887916565,0.002349013462662697,-0.006775556597858667,0.07397828251123428,-0.048437345772981644,0.0,0.21852727234363556,0.151129350066185,0.0826663225889206,0.10004866123199463,0.06293893605470657,0.054817985743284225,0.05534692108631134,0.05037236586213112,0.0385962575674057,0.05360453575849533,0.04919412359595299,0.046090587973594666,0.029697200283408165,0.037262942641973495,0.05051587149500847,0.0537482425570488,-9.86140391567858e-10,-0.00010465939703863114,0.0001959545334102586,5.911257972002204e-07,-0.00018302773241885006,0.00010116706835106015,6.418138946173713e-05,-7.549620931968093e-05,-3.0647766834590584e-05,-2.03723775484832e-05,7.028629624983296e-05,0.00012232019798830152,2.4001139991014497e-06,5.16156833327841e-05,4.8576002882327884e-05,-2.552827754698228e-05,-3.081421891693026e-05,6.168306310172511e-09,0.04511592909693718,0.030204636976122856,0.017476020380854607,0.017699869349598885,0.013154743239283562,0.010592947714030743,0.010800717398524284,0.009920799173414707,0.00723197590559721,0.010178018361330032,0.008203106001019478,0.008385123685002327,0.006062416825443506,0.007541037630289793,0.009430695325136185,0.010872811079025269,0.42205891013145447,0.4741579294204712,0.4232866168022156,0.39473411440849304,0.4273844063282013,0.3508146405220032,0.2907579839229584,0.29219818115234375,0.35058656334877014,0.38811129331588745,0.3506718873977661,0.34738439321517944,0.30420389771461487,0.3179698884487152,0.3259764611721039,0.3358214199542999,0.3935483992099762,0.3418080806732178,0.319364070892334,0.2938080132007599,0.3085590600967407,0.31773629784584045,0.29737094044685364,0.29344668984413147,16.27773699854735,17.285267345565327,20.17815642012786,17.04650773214208,18.668512221345566,20.560470513005015,44.60830487535877,4.57450123194897,6.008494742154226,6.277608868693775,4.549533887158319,3.406987199815611,3.734195202284548,4.34169474354196,2956.352333066597,1742.3204994003456,0.14339496933411214,0.16089815474871916,MWalaa,English
-1.0,0.28725582361221313,0.05580601841211319,0.03087312914431095,0.07343656569719315,0.017995674163103104,-0.007311502005904913,-0.005607884377241135,-0.010003507137298584,-0.018614178523421288,-0.020765500143170357,-0.017254995182156563,0.036277513951063156,0.011796345002949238,-0.0003037030983250588,0.04813751205801964,-0.04595676437020302,0.0,0.19804802536964417,0.11709536612033844,0.10295412689447403,0.07704302668571472,0.05785640329122543,0.057770926505327225,0.05952596291899681,0.04766353219747543,0.04904347285628319,0.05736076086759567,0.04347732663154602,0.04052688553929329,0.031021805480122566,0.033124394714832306,0.03840973228216171,0.0551847480237484,-1.4131744663359314e-09,1.4651699530077167e-05,0.00010116311750607565,0.0001935444597620517,0.00011573798110475764,-0.0001969903096323833,9.047476487467065e-05,-3.690202720463276e-05,-0.00013818660227116197,0.00012468949717003852,-6.269224832067266e-05,5.9699773373722564e-06,-5.987300755805336e-05,-9.815180237637833e-05,2.593901263026055e-05,-7.0003693508624565e-06,0.00013060963829047978,7.343070596022017e-09,0.0371788926422596,0.024661622941493988,0.02057643048465252,0.013075843453407288,0.010680456645786762,0.011794270016252995,0.010808827355504036,0.008465097285807133,0.008289352059364319,0.010874047875404358,0.007673674263060093,0.007976374588906765,0.0054765488021075726,0.0064363726414740086,0.00640683202072978,0.010002288967370987,0.4001951217651367,0.4427781403064728,0.3998454511165619,0.39261966943740845,0.44396454095840454,0.4839988052845001,0.450318306684494,0.43523600697517395,0.4026584327220917,0.42511314153671265,0.37911728024482727,0.3406967222690582,0.2959789037704468,0.31293731927871704,0.3029094636440277,0.3208240866661072,0.3591696619987488,0.3867626190185547,0.36105334758758545,0.3661702573299408,0.30955761671066284,0.3218696117401123,0.30017393827438354,0.27445337176322937,17.431978454194695,16.31737520685476,18.7670542308486,16.275275627892842,17.99822336544376,18.88271287736865,43.30076103123618,4.191709433674337,5.09653870117855,5.995516771267511,4.349920605652495,3.601934884361134,3.26153529609045,4.28485224211504,2572.272407978145,1429.1362445436644,0.0997314453125,0.11941129505026264,MWalaa,English
-1.0,0.2505647838115692,0.07049980759620667,0.03778938204050064,0.10247853398323059,0.024854188784956932,-0.0004149331944063306,-0.007627333514392376,-0.0055282218381762505,-0.011356865987181664,-0.02961922064423561,-0.01101396419107914,0.031903982162475586,0.001989028649404645,0.004099017940461636,0.04954937845468521,-0.0486106313765049,0.0,0.18736714124679565,0.11075381934642792,0.0801846906542778,0.08069873601198196,0.04844047129154205,0.05352034047245979,0.04475613683462143,0.05098087340593338,0.04324803873896599,0.04382011294364929,0.03901161253452301,0.03429983928799629,0.030906938016414642,0.03155018389225006,0.03791307285428047,0.04793522134423256,-1.0694293228752372e-09,-0.0005826309788972139,-4.111716043553315e-05,-1.016858277580468e-05,0.00021205389930400997,-2.645384029165143e-06,-0.00021282114903442562,-0.00014812972221989185,-4.943882959196344e-05,9.594242874300107e-05,-9.667279300629161e-06,-4.1843428334686905e-05,1.5685938706155866e-05,9.071354725165293e-05,0.00015467681805603206,3.7375561078079045e-05,-2.1412313799373806e-05,6.416575715206818e-09,0.03977597877383232,0.02501266822218895,0.01582849584519863,0.01612640544772148,0.009992408566176891,0.010764769278466702,0.009691317565739155,0.009552525356411934,0.007508948445320129,0.007789500057697296,0.006664814427495003,0.006635081488639116,0.006619428750127554,0.00612060260027647,0.007813910953700542,0.010160521604120731,0.4919447898864746,0.49906060099601746,0.44180023670196533,0.39167022705078125,0.37389278411865234,0.3714936077594757,0.32678529620170593,0.3320443034172058,0.324698269367218,0.3473548889160156,0.386870414018631,0.40367022156715393,0.33956220746040344,0.3353683054447174,0.3372350335121155,0.32109516859054565,0.30892524123191833,0.32821932435035706,0.28810369968414307,0.3267044126987457,0.31371963024139404,0.29819318652153015,0.32764002680778503,0.30936792492866516,16.334340574859777,16.371906517774065,19.241952467381246,16.679163750616024,18.777961086184042,18.88483231902215,44.30411507298018,4.130141780873093,5.242492005775967,5.8763138950959455,4.073165131584776,3.7625830611106275,2.928998459921195,4.4536845622801335,3074.0601353639663,1698.30730344002,0.14818676097972974,0.1473105013231017,MWalaa,English
-1.0,0.26963934302330017,0.06765393912792206,0.0409511961042881,0.10121559351682663,0.021431639790534973,-0.016526199877262115,-0.00263232528232038,-0.013281161896884441,-0.004005949944257736,-0.02379980869591236,-0.014307918958365917,0.03915976732969284,-0.0055979774333536625,0.011523782275617123,0.04944459721446037,-0.05973106622695923,0.0,0.21471001207828522,0.10047701746225357,0.1002347469329834,0.08536457270383835,0.05222611129283905,0.061524029821157455,0.06251975893974304,0.04825333133339882,0.0452609583735466,0.043208274990320206,0.04246288537979126,0.04205188527703285,0.03221576660871506,0.03876100480556488,0.0399114266037941,0.05498245730996132,-1.3080623251227053e-09,0.00018467058544047177,9.939394658431411e-05,1.8924905816675164e-05,-0.00020536543161142617,-9.93431021925062e-05,-9.71102635958232e-05,-1.806624095479492e-05,5.147874617250636e-05,0.00010202280100202188,-3.977178494096734e-06,-3.5181317798560485e-05,3.0162505936459638e-05,-0.00010888196266023442,8.746658568270504e-05,6.20732971583493e-05,5.7970981288235635e-05,7.074428598485838e-09,0.04606226086616516,0.02142016775906086,0.020272035151720047,0.017129477113485336,0.010159374214708805,0.012961526401340961,0.012193193659186363,0.00953588541597128,0.008958075195550919,0.007388456724584103,0.008647208102047443,0.00760912848636508,0.006217635702341795,0.008055802434682846,0.007850222289562225,0.010312806814908981,0.47159886360168457,0.4318554997444153,0.40647637844085693,0.44538450241088867,0.43344008922576904,0.4116976261138916,0.38571834564208984,0.3969275653362274,0.3301096558570862,0.31074002385139465,0.33506205677986145,0.38438498973846436,0.34815871715545654,0.31577268242836,0.3181701600551605,0.3609773814678192,0.3357689082622528,0.33279526233673096,0.3274834454059601,0.35861146450042725,0.3220650553703308,0.30934783816337585,0.31265097856521606,0.3079851567745209,16.334911564900807,16.597239248481674,19.308770563375102,16.194912010088835,18.571617603119524,19.24420726951147,45.313207285358416,4.241303738638926,5.739795244187227,6.4468893920016885,4.023217209699647,3.806336223562826,3.4574411467926396,4.780428403884134,2760.40035669635,1437.955138415781,0.11729847301136363,0.13355063178190327,MWalaa,English
-1.0,0.2362680286169052,0.10588476061820984,0.08790966868400574,0.1084459125995636,0.02918718010187149,-0.01519007608294487,-0.001827657106332481,0.005020533688366413,0.0030550130177289248,-0.01686229184269905,-0.008812312968075275,0.03172489255666733,0.0053771003149449825,0.026135414838790894,0.04885261505842209,-0.05275767296552658,0.0,0.20366239547729492,0.12808860838413239,0.08687171339988708,0.08746184408664703,0.06570379436016083,0.06347128748893738,0.06056791916489601,0.04833804816007614,0.035914137959480286,0.04772203043103218,0.04822903126478195,0.032364826649427414,0.03432120755314827,0.04225025326013565,0.03909941390156746,0.05243152752518654,-9.228894315427283e-10,0.00018197149620391428,0.00025327038019895554,-0.0001382424816256389,-0.00025231775362044573,7.54897846491076e-05,0.00010412266419734806,-5.168557254364714e-05,-2.9025919502601027e-05,-5.279096512822434e-05,0.0001002943972707726,5.911569678573869e-05,-9.544564090901986e-05,-1.736806552798953e-05,-5.555778989219107e-05,-2.3977108867256902e-05,5.750847776653245e-05,5.972100147744186e-09,0.04211065545678139,0.023923803120851517,0.018203971907496452,0.016659637913107872,0.013785278424620628,0.012272601015865803,0.011907418258488178,0.00960961077362299,0.007224163506180048,0.009249665774405003,0.009644148871302605,0.005635045934468508,0.006999887991696596,0.008843394927680492,0.007150656543672085,0.009885815903544426,0.3884265422821045,0.4289037883281708,0.4779886305332184,0.4241095781326294,0.3955017626285553,0.41323959827423096,0.4386175870895386,0.40740343928337097,0.427849143743515,0.45279401540756226,0.3811221420764923,0.3624584376811981,0.3187818229198456,0.32621651887893677,0.35333430767059326,0.32823261618614197,0.32172852754592896,0.3221357464790344,0.34467828273773193,0.32570862770080566,0.3225593566894531,0.3383951187133789,0.3116522431373596,0.30689841508865356,15.292609407220464,16.421523816225886,19.492023850460857,16.34599943665042,18.432047832553835,19.119143178385077,45.53808295464584,4.4832268501654,5.113869064312621,6.008850209833447,4.176762901136767,3.534680153989395,3.2862467878877126,4.208459391137378,2897.118303034476,1607.2987341868163,0.1260876002186589,0.13395863477780875,MWalaa,English
-1.0,0.19759385287761688,0.05735967680811882,0.056300029158592224,0.09169553220272064,0.02292194962501526,0.004439196549355984,0.009681470692157745,-0.017422795295715332,0.006748910527676344,-0.004885450471192598,-0.014338217675685883,0.01044932845979929,0.02243567630648613,-0.008685566484928131,0.03312923014163971,-0.008937681093811989,0.0,0.1499953269958496,0.07284291088581085,0.06501282006502151,0.06878288090229034,0.03959411755204201,0.05312078818678856,0.04163210839033127,0.05396311357617378,0.04518899694085121,0.04198313131928444,0.03961842134594917,0.02699657902121544,0.025132576003670692,0.024584513157606125,0.038101695477962494,0.03338024392724037,-1.4454387686768655e-09,0.00018109007214661688,0.00024702021619305015,0.00014805502723902464,0.00010130489681614563,8.034882921492681e-05,2.3224379219755065e-06,-6.084810956963338e-05,-7.528820424340665e-05,-2.213775042037014e-05,-0.00012900261208415031,3.4345015592407435e-05,8.34435413707979e-05,-5.7233573897974566e-05,-0.00011273452400928363,-2.3494316337746568e-05,-6.681746890535578e-05,7.423281545015925e-09,0.03401579335331917,0.01708298549056053,0.014326797798275948,0.01330816000699997,0.0076009854674339294,0.00996070820838213,0.007541311904788017,0.010567152872681618,0.008327466435730457,0.008073215372860432,0.006637231446802616,0.005657739005982876,0.0044851284474134445,0.004576788749545813,0.007675296626985073,0.006073677446693182,0.41565150022506714,0.41821619868278503,0.40026798844337463,0.40568527579307556,0.4207693636417389,0.4634149968624115,0.5537897348403931,0.5737178325653076,0.5535781979560852,0.5280575752258301,0.4707614481449127,0.40161460638046265,0.32949548959732056,0.3343725800514221,0.3033980429172516,0.3052752912044525,0.32558897137641907,0.3399219214916229,0.38062942028045654,0.37295466661453247,0.3602871596813202,0.35515260696411133,0.3418354094028473,0.31221508979797363,17.00653538751191,16.88324055787117,17.830509161590523,15.285940080655667,17.255413818586955,18.117099864471975,44.52805659019132,4.3383624051142045,5.991125527957405,6.872175026862347,4.257869274131492,3.297178733404018,3.2010391574122785,4.68234611866179,2610.3348644117573,1353.178895574789,0.0963095747716895,0.1337999340729633,MWalaa,French
-1.0,0.21327853202819824,0.048125337809324265,0.055156510323286057,0.10081519931554794,0.018929656594991684,-0.004408702719956636,3.3508425985928625e-05,0.0034219331573694944,0.014397759921848774,-0.009991559199988842,-0.0057241665199398994,0.022876575589179993,0.006521266885101795,-0.00972277857363224,0.040192410349845886,-0.02488342486321926,0.0,0.16125956177711487,0.09260881692171097,0.07667791098356247,0.06887593120336533,0.040985703468322754,0.0617578849196434,0.056091468781232834,0.040588945150375366,0.03182186931371689,0.04211326315999031,0.030171502381563187,0.027548570185899734,0.026852604001760483,0.025254007428884506,0.04516272991895676,0.0500139519572258,-1.978444297279225e-09,0.0006422611186280847,-0.00018137600272893906,-0.00015175295993685722,0.00016760775179136544,-3.30483126163017e-05,-1.3676704838871956e-05,7.42488045943901e-05,-0.0001584691635798663,1.747175156197045e-05,2.568191848695278e-05,-0.00015288175200112164,-0.0001245217863470316,-2.5108991394517943e-05,-0.0001744062901707366,-6.8827168433927e-05,-7.766111957607791e-05,8.623838532173522e-09,0.03102889284491539,0.02230985462665558,0.014515191316604614,0.01254554744809866,0.008072542026638985,0.012847740203142166,0.009523107670247555,0.006280930247157812,0.006229552906006575,0.007838224992156029,0.0051322621293365955,0.005012110807001591,0.006051414646208286,0.004599499516189098,0.008232681080698967,0.009748781099915504,0.4978910982608795,0.4840377867221832,0.480093777179718,0.5097762942314148,0.45628228783607483,0.5014678239822388,0.5076631307601929,0.49118858575820923,0.4613266885280609,0.4883967936038971,0.47063836455345154,0.4465641975402832,0.31639382243156433,0.30700141191482544,0.3060016930103302,0.3424787223339081,0.2988514304161072,0.33263829350471497,0.324303537607193,0.34012696146965027,0.3042197525501251,0.3430691361427307,0.3176385462284088,0.2918556332588196,16.493373219201032,15.556951391624896,16.245778695203864,14.723505919567923,17.67081656053137,18.154055261697273,43.5122733091098,4.562663546882771,5.354449736148529,5.332266497511248,3.4756908711898777,3.440148529075983,3.6011051740746804,4.5912403092467065,2709.583355264236,1386.079935092444,0.1106353759765625,0.13291653846227683,MWalaa,French
-1.0,0.22247850894927979,0.06181385740637779,0.08680848777294159,0.12781743705272675,0.030340269207954407,-0.0013533601304516196,0.01670941337943077,-0.00635951105505228,-0.00757766654714942,-0.013351052068173885,-0.008871463127434254,0.04302859306335449,-0.003092086873948574,-0.008635972626507282,0.05726109817624092,-0.012576880864799023,0.0,0.1052270233631134,0.05694546177983284,0.0958956927061081,0.07109440118074417,0.03743164613842964,0.04561036452651024,0.03470158576965332,0.04570888727903366,0.05086334049701691,0.043351877480745316,0.03819086402654648,0.04293752834200859,0.02613743767142296,0.024749886244535446,0.05246753618121147,0.026831364259123802,-2.344822780386835e-09,0.0005264966166578233,0.0006878662970848382,-0.00011326267849653959,-5.506464731297456e-05,0.00041025460814125836,0.00040287230513058603,-0.00015370419714599848,-3.5847446270054206e-05,0.00013129612489137799,0.00012871605576947331,-3.814084629993886e-05,-0.00017211769591085613,0.0001521443628007546,7.53186977817677e-05,-9.690738079370931e-05,0.00016114847676362842,9.342581819282714e-09,0.018696848303079605,0.012253617867827415,0.016879254952073097,0.009938712231814861,0.007185859605669975,0.007066255901008844,0.004945777822285891,0.006256693974137306,0.00656365230679512,0.005836146883666515,0.006461158394813538,0.006417831871658564,0.005330274347215891,0.005273953080177307,0.006966643501073122,0.004678339697420597,0.47269827127456665,0.4811992645263672,0.494485080242157,0.45360031723976135,0.416188508272171,0.4828068017959595,0.5261816382408142,0.4713487923145294,0.41156697273254395,0.4826216995716095,0.4913577735424042,0.41826772689819336,0.3611815571784973,0.3619787096977234,0.3725597560405731,0.3588528037071228,0.36070743203163147,0.3640705943107605,0.3656560182571411,0.36186257004737854,0.3261989951133728,0.34075409173965454,0.3432908058166504,0.3221142292022705,15.50355894223329,17.665123558153386,19.326680778552635,16.313477548374102,19.259488762858258,19.05332901625827,43.84643436883809,4.197057018717823,6.536107718969155,8.463385643675153,4.790280225782414,5.205773957311332,4.421149611396693,6.115167910643394,2101.9683104390742,1043.1104932471658,0.06414207175925926,0.07332582530224047,MWalaa,French
-1.0,0.20638959109783173,0.03309307247400284,0.09539513289928436,0.1288720816373825,0.012027169577777386,-0.040797844529151917,0.00010795358684845269,-0.003563767531886697,0.0006397779798135161,-0.027966715395450592,-0.033733367919921875,0.03261983394622803,0.025337807834148407,-0.027110284194350243,0.052640147507190704,-0.023247046396136284,0.0,0.14809398353099823,0.09167109429836273,0.08908237516880035,0.07948190718889236,0.037605464458465576,0.07170291244983673,0.049339570105075836,0.04605987295508385,0.04071566089987755,0.052541498094797134,0.04847223684191704,0.03592298552393913,0.025440333411097527,0.0333734005689621,0.04529104381799698,0.04656202346086502,-1.0378723436232917e-09,0.0003943788178730756,-0.000446044810814783,2.0266164938220754e-05,0.0002901588741224259,-0.00011985135643044487,-0.00014505372382700443,0.00010487120744073763,-0.00013472067075781524,-9.452392987441272e-06,-8.964529115473852e-05,-9.163004870060831e-05,3.88684929930605e-05,-4.524544783635065e-05,1.7175321772811003e-05,7.480177737306803e-05,8.706271182745695e-05,6.323786827522326e-09,0.03241938725113869,0.019829951226711273,0.01662381738424301,0.015538748353719711,0.007538106292486191,0.01325476635247469,0.008638450875878334,0.008494237437844276,0.007278257980942726,0.009859063662588596,0.009043966419994831,0.006478321738541126,0.00474750017747283,0.007187898736447096,0.008666036650538445,0.009242087602615356,0.4064086973667145,0.40239423513412476,0.40229666233062744,0.4026131331920624,0.37481245398521423,0.35297974944114685,0.3278447687625885,0.3602581322193146,0.418958455324173,0.47929176688194275,0.4471158981323242,0.4127616882324219,0.3260518014431,0.3001834452152252,0.3184058964252472,0.3265984058380127,0.3274279236793518,0.32658252120018005,0.3313365876674652,0.3413853347301483,0.34988006949424744,0.3478090465068817,0.32789868116378784,0.33983632922172546,17.014004421055596,17.263075090945225,19.662753118983524,15.36211551166273,18.904530800668,19.590979729129185,45.25061517869884,4.037576128229849,5.58257767644259,6.6250207757147095,3.892192953159487,3.7046499077825206,3.5886667231578584,5.053976771818051,2869.783024806457,1108.1611642462199,0.1108766649590164,0.09813783369345935,MWalaa,French
-1.0,0.22103296220302582,0.05158518627285957,0.09675542265176773,0.11043555289506912,0.008929167874157429,0.004607079084962606,-0.0021773444022983313,-0.0111169358715415,-0.0036900595296174288,-0.011410659179091454,-0.029515178874135017,0.038311030715703964,0.022083871066570282,-0.030828839167952538,0.046096790581941605,-0.021935421973466873,0.0,0.17022080719470978,0.07506925612688065,0.10901816189289093,0.10800854116678238,0.0502127930521965,0.056207410991191864,0.040265846997499466,0.06117897108197212,0.03800855576992035,0.04943835735321045,0.050039757043123245,0.04030800983309746,0.03322530910372734,0.04170193895697594,0.042036883533000946,0.04122534021735191,-1.942031202517569e-09,0.0005920419935137033,0.00046209359425120056,-0.0002703599166125059,-9.329326712759212e-05,-1.52850025187945e-05,0.00012173771392554045,-0.00015194914885796607,-0.00010570645827101544,-8.930543845053762e-05,0.0001625820732442662,8.264047210104764e-05,-0.00040930588147602975,0.0001544367551105097,0.00018231471767649055,-5.376795888878405e-05,0.0002154896064894274,8.548247443229684e-09,0.03599284589290619,0.015379132702946663,0.020641041919589043,0.016756849363446236,0.01072912011295557,0.01289683859795332,0.007479886058717966,0.010101153515279293,0.006987185683101416,0.010263346135616302,0.008589695207774639,0.006466242019087076,0.007001408375799656,0.007696098182350397,0.0073152268305420876,0.006373997777700424,0.4130648672580719,0.5136244297027588,0.5120214223861694,0.46914756298065186,0.42905572056770325,0.37689870595932007,0.36394593119621277,0.3799239993095398,0.4595659077167511,0.49634361267089844,0.41606223583221436,0.35889747738838196,0.2887171506881714,0.30648836493492126,0.3039001524448395,0.329521507024765,0.3608362078666687,0.3615129888057709,0.35728734731674194,0.33257725834846497,0.3332603871822357,0.3247109353542328,0.3035494089126587,0.2771872878074646,16.276308909513702,16.11902639009003,18.489377063653382,15.261680554426485,17.915496627349384,19.867663902542777,43.903657422523096,3.5332966038584956,5.546069481562192,6.479257503504767,3.8034052526828304,3.012645142727336,3.791332974258274,5.180221230131263,2817.7901378297224,1345.0552637801318,0.1143836273006135,0.1234951543655993,MWalaa,French
-1.0,0.18949969112873077,0.041821736842393875,0.0740443542599678,0.12196533381938934,0.024055780842900276,-0.00800133403390646,0.011334242299199104,0.006329395342618227,0.0064084199257195,-0.012759345583617687,-0.012877185828983784,0.011142278090119362,0.01784985326230526,-0.014590560458600521,0.032626695930957794,-0.007621096447110176,0.0,0.11853187531232834,0.08179794996976852,0.06436140835285187,0.0771646499633789,0.04052067920565605,0.05633627250790596,0.034522894769907,0.03675536438822746,0.03711000829935074,0.038849130272865295,0.03976138308644295,0.025044945999979973,0.022796262055635452,0.02715618908405304,0.03460988029837608,0.02062758430838585,-2.0555264157451347e-09,0.00018865126185119152,0.00014619412831962109,-3.251011321481201e-06,0.00010409080277895555,7.594371709274128e-05,4.702368642028887e-06,-4.78037545690313e-05,-0.00012488337233662605,-0.00012929948570672423,6.467472849180922e-05,2.943095751106739e-05,-7.04462654539384e-05,-0.00013901702186558396,3.206274050171487e-05,1.9753201740968507e-06,6.349339673761278e-05,8.781213090003348e-09,0.02535559982061386,0.014768836088478565,0.009226782247424126,0.012408275157213211,0.007079838775098324,0.010212626308202744,0.006712622009217739,0.007893226109445095,0.006856949999928474,0.005646929144859314,0.006155628710985184,0.004802543204277754,0.004449272993952036,0.0033578588627278805,0.007035250775516033,0.0035345403011888266,0.49934056401252747,0.5190464854240417,0.4500836431980133,0.4508858621120453,0.5190228223800659,0.5926316380500793,0.5454234480857849,0.5184074640274048,0.5374836325645447,0.5328270196914673,0.4457431137561798,0.4127342700958252,0.31992608308792114,0.3182222247123718,0.2736597955226898,0.2904402017593384,0.33156514167785645,0.3531948924064636,0.35353806614875793,0.3393457233905792,0.33250078558921814,0.355564683675766,0.31748518347740173,0.2919081151485443,16.96156160407455,16.0857566056729,16.197404837933455,14.717118904237815,17.717695874080768,17.316243892065636,43.94324360728011,4.323368608833456,5.65587744710496,6.4877944123158,3.3649106384080465,3.5130855104582723,3.272484095272325,4.623085038543164,2560.2946916426044,1321.9523237596343,0.09381658380681818,0.11863102233586864,MWalaa,French
-1.0,0.20876717567443848,0.02920723706483841,0.05811062827706337,0.12804050743579865,0.02357201650738716,-0.013262280263006687,0.0008336184546351433,-0.01007137168198824,0.00425079558044672,-0.010677063837647438,-0.024056755006313324,0.024587856605648994,0.012407570146024227,-0.020271368324756622,0.049892161041498184,-0.014736419543623924,0.0,0.18181964755058289,0.09939203411340714,0.08163677155971527,0.0961172804236412,0.03225872665643692,0.0554683692753315,0.04998795688152313,0.04461212083697319,0.048508744686841965,0.059565480798482895,0.049172546714544296,0.030583322048187256,0.030141567811369896,0.03329499810934067,0.04813181236386299,0.04395957291126251,-1.7586171408012774e-09,0.0003445180773269385,0.00015200483903754503,-0.00037479575257748365,-0.00020170144853182137,-0.00013637148367706686,0.00013457283785101026,2.1993120753904805e-05,-3.129521064693108e-05,-0.0001068700075848028,6.140788900665939e-05,4.523533061728813e-05,-0.00025060027837753296,-7.362018368439749e-05,1.397739310959878e-06,-0.00014320491754915565,-4.597438601194881e-05,8.154372288515788e-09,0.03720613196492195,0.019944114610552788,0.015447334386408329,0.013887068256735802,0.006327374372631311,0.009320960380136967,0.008722255006432533,0.007587113417685032,0.009619396179914474,0.008822515606880188,0.007201679982244968,0.00581867853179574,0.005316485650837421,0.006656764540821314,0.008007451891899109,0.007497939746826887,0.38840362429618835,0.3802395761013031,0.38808974623680115,0.4386346638202667,0.4995425045490265,0.5882427096366882,0.5347235202789307,0.5184720158576965,0.4969836473464966,0.5502960085868835,0.4538194537162781,0.3764152228832245,0.3267001807689667,0.30143433809280396,0.3118636906147003,0.3376385569572449,0.3278670608997345,0.3550732433795929,0.3421354293823242,0.3822898864746094,0.3576194941997528,0.377370685338974,0.3308565318584442,0.31021130084991455,17.008062920569202,16.584377434864447,17.895129299937096,15.406208685356443,18.531491489449216,18.65827500541401,44.0821721030181,4.61490247661863,6.601168369284447,7.454088875121128,3.75849298719633,4.144166957309328,4.638271867564991,4.607995773036612,2656.0377150124264,1267.068087932901,0.10206163194444444,0.11920122178633893,MWalaa,French
-1.0,0.26304104924201965,0.04782304912805557,0.08707812428474426,0.12320338934659958,0.018184330314397812,-0.0076695880852639675,-0.005170277785509825,-0.004133203532546759,-0.013056621886789799,-0.01912122219800949,-0.00966291967779398,0.02762288600206375,0.016309747472405434,-0.00014935221406631172,0.053188350051641464,-0.026161793619394302,0.0,0.13469918072223663,0.08767399936914444,0.10514996200799942,0.09406592696905136,0.04929060488939285,0.0670725405216217,0.054518766701221466,0.04398966208100319,0.0527912862598896,0.06209931522607803,0.04334818571805954,0.03884369879961014,0.028739864006638527,0.03840735927224159,0.0418814942240715,0.0580306351184845,-2.0555264157451347e-09,0.0002491234918124974,-0.00020076995133422315,0.00011535027442732826,0.0002155291149392724,-0.0002382560633122921,-0.00011209952208446339,-0.0001848928804975003,-0.00031106502865441144,-0.00010741003643488511,3.6980425647925586e-05,-0.00019157910719513893,8.014647391973995e-06,0.0001478932681493461,1.9129885913571343e-05,-1.503234489064198e-05,-0.00019799789879471064,8.781213090003348e-09,0.02713182009756565,0.018402094021439552,0.020952843129634857,0.016987524926662445,0.010128076188266277,0.009577358141541481,0.01129000261425972,0.006673330906778574,0.00909431092441082,0.010258201509714127,0.007471756543964148,0.0074178301729261875,0.004681205376982689,0.007841316983103752,0.007813885807991028,0.011921057477593422,0.40940943360328674,0.40266239643096924,0.4228314459323883,0.43937990069389343,0.5407480001449585,0.514039158821106,0.4015823006629944,0.3744546175003052,0.36407649517059326,0.4095368981361389,0.410409152507782,0.4063396751880646,0.3698228895664215,0.3411087393760681,0.3466278910636902,0.34075847268104553,0.3774871528148651,0.35955265164375305,0.35086682438850403,0.3511241376399994,0.3355073034763336,0.35958626866340637,0.3354641795158386,0.3548829257488251,15.654666736339083,18.206560434795865,20.88462453346828,16.942329767852744,18.827855831381502,18.415597804818496,44.99952950502295,3.7189738999933266,5.722542326779168,6.301126510737978,3.8556228370196983,3.7631314959898696,3.603316040986993,5.6361470598060235,2309.0954223785234,1069.2335207916854,0.07379705255681818,0.06594600709208319,MWalaa,French
-1.0,0.17436742782592773,0.07033897936344147,0.06498788297176361,0.07802947610616684,0.028435612097382545,-0.017606444656848907,-0.0069497753866016865,0.004240652546286583,-0.022043999284505844,-0.014589794911444187,-0.012537454254925251,0.0319644995033741,0.014481608755886555,-0.02854599803686142,0.04246935620903969,-0.03221694007515907,0.0,0.16313722729682922,0.11668001115322113,0.11611679941415787,0.07681169360876083,0.05166621506214142,0.07546785473823547,0.05342079699039459,0.04442436620593071,0.044595468789339066,0.05127212777733803,0.03940632566809654,0.03521193563938141,0.03812503069639206,0.03796907141804695,0.039891567081213,0.044866692274808884,-2.2450430403608834e-09,0.002630849601700902,-0.0014560692943632603,0.0003704438859131187,0.00025373054086230695,-0.000648902147077024,4.1070736187975854e-05,3.355186709086411e-05,-0.0001618293608771637,6.7064738686895e-06,-0.0001292619708692655,1.2896584848931525e-05,1.7685326383798383e-05,2.9584101866930723e-05,3.369393016328104e-05,0.00014393310993909836,1.0449399269418791e-05,9.153887425839002e-09,0.03628414869308472,0.0242985337972641,0.024200258776545525,0.013667674735188484,0.011346401646733284,0.013946141116321087,0.011823036707937717,0.008592848666012287,0.007462694309651852,0.01048276387155056,0.007610566448420286,0.0069411019794642925,0.008553660474717617,0.006255511660128832,0.007172413635998964,0.008990638889372349,0.44819337129592896,0.4222422242164612,0.4080047309398651,0.45301058888435364,0.4844537377357483,0.4297599494457245,0.36996564269065857,0.4186351001262665,0.4988417327404022,0.45511898398399353,0.3584950566291809,0.39300841093063354,0.3311837911605835,0.32554447650909424,0.34304338693618774,0.36421719193458557,0.3714822232723236,0.36761730909347534,0.3531114161014557,0.3621653914451599,0.35366928577423096,0.3249093294143677,0.29978370666503906,0.3424389958381653,16.90418335891012,17.47169556169283,19.240514851795776,16.435919865573972,18.453228661271112,19.334636567962512,43.872581757812156,3.9899988315277275,6.4459996518273766,7.1165777607651,4.592279423360537,4.045948539067286,4.043658055685568,5.207050295304484,3359.115374412348,1353.9093433742933,0.1427755152925532,0.13088518952663583,MWalaa,French
-1.0,0.1800297349691391,0.057035937905311584,0.10757473111152649,0.13458213210105896,0.02381931059062481,-0.024830196052789688,-0.03312201425433159,-0.008115321397781372,0.004515268374234438,-0.017933165654540062,-0.02218049392104149,0.03201388940215111,0.012305613607168198,-0.0054354192689061165,0.053375452756881714,-0.029680488631129265,0.0,0.17655912041664124,0.11224561184644699,0.08822208642959595,0.0801888033747673,0.051215317100286484,0.07220378518104553,0.05960388854146004,0.05589838698506355,0.04173196107149124,0.06288866698741913,0.044791437685489655,0.030330218374729156,0.03226272761821747,0.036154139786958694,0.051628630608320236,0.05472119152545929,-2.042265023760592e-09,0.00026112276827916503,-0.0004084878310095519,-0.0006802779971621931,-1.0233733291897806e-06,8.745735249249265e-05,-9.382300049765036e-05,9.933733963407576e-05,0.00027982413303107023,1.85853768925881e-05,0.00014424313849303871,7.096870376699371e-06,-7.628972525708377e-05,-4.1281673475168645e-05,-0.0002158150018658489,7.870105764595792e-05,-0.00016853227862156928,8.754388325371565e-09,0.034711942076683044,0.023833096027374268,0.0180863868445158,0.01441480964422226,0.009978911839425564,0.014066308736801147,0.010661408305168152,0.0093532744795084,0.006798741407692432,0.012319798581302166,0.007114396430552006,0.005592786706984043,0.005603746976703405,0.007331757340580225,0.010269643738865852,0.012580418959259987,0.3359434902667999,0.37687039375305176,0.3461931645870209,0.4130796790122986,0.3992414176464081,0.3629240095615387,0.3780156970024109,0.3822628855705261,0.40167251229286194,0.47681406140327454,0.5113799571990967,0.37561169266700745,0.2862883508205414,0.3260171711444855,0.3072456419467926,0.35782867670059204,0.34782499074935913,0.3409692943096161,0.3626982569694519,0.3911304473876953,0.3590497374534607,0.356490820646286,0.3561112582683563,0.293617308139801,17.228965727330188,18.35867176099755,21.18320137831427,17.027626666971297,18.712059870672967,19.36582863803359,43.779809019834154,4.840757260227933,5.517867257993075,7.856677236005987,4.714012416532303,4.413304718188147,3.886402086976552,5.871760972915208,3120.659044599982,1617.0447260011613,0.1416078629032258,0.1612952331902925,MWalaa,French
-1.0,0.2490202784538269,0.0710698738694191,0.040312327444553375,0.06990660727024078,0.013713165186345577,-0.029361603781580925,-0.00968667957931757,0.022165799513459206,-0.018738873302936554,-0.02012583240866661,0.0040334174409508705,0.02728223241865635,0.010848048143088818,-0.017679551616311073,0.04622962698340416,-0.04331529140472412,0.0,0.19565366208553314,0.10434606671333313,0.09250959008932114,0.12562577426433563,0.04874416068196297,0.050976693630218506,0.049414779990911484,0.0407305583357811,0.0605737678706646,0.04349466785788536,0.05132191628217697,0.03022540546953678,0.030350815504789352,0.03368929401040077,0.0453704372048378,0.06105126813054085,-2.0034878200902995e-09,0.0007938205963000655,-0.0009187384275719523,-0.00014191291120368987,0.00024942035088315606,-0.00028444911004044116,-0.00025557231856510043,-1.733239332679659e-05,9.0101282694377e-05,-0.0002455112407915294,3.282061516074464e-05,-3.204051608918235e-05,-2.0637779016396962e-05,-7.240121340146288e-05,2.136736839020159e-05,0.00010028344695456326,-0.0001248300395673141,8.675356433229808e-09,0.04139331355690956,0.024665528908371925,0.014118761755526066,0.020221421495079994,0.010232752189040184,0.010173828341066837,0.007619969546794891,0.00798344798386097,0.012190279550850391,0.006733160000294447,0.009585383348166943,0.006076664198189974,0.0067514413967728615,0.007421321701258421,0.008133308961987495,0.012761242687702179,0.4071207642555237,0.4547753632068634,0.4561035633087158,0.39105385541915894,0.45742204785346985,0.44839221239089966,0.4289242625236511,0.4168643355369568,0.3543252944946289,0.3707525432109833,0.38111943006515503,0.37273404002189636,0.3036902844905853,0.3225371539592743,0.34426888823509216,0.30758213996887207,0.37550851702690125,0.37830406427383423,0.35065311193466187,0.358193039894104,0.2994955778121948,0.27947425842285156,0.2745407521724701,0.28035402297973633,17.26315103099565,16.070306312138094,19.481215865535233,17.635038018452537,19.285490781271456,18.780933374450882,44.23498143480621,4.994371973100807,5.480516607364222,6.138916513082226,5.154418617678233,4.642369815442178,3.422900937033295,5.24628041322005,2809.0295541139058,1784.4616178819476,0.1409896657436709,0.15250212865497648,MWalaa,French
-1.0,0.25794270634651184,0.032229505479335785,0.0813688412308693,0.10187559574842453,0.030133968219161034,-0.009721536189317703,-0.020089255645871162,-0.014450342394411564,-0.011268037371337414,-0.007319378666579723,-0.012431295588612556,0.028211193159222603,0.0073616961017251015,-0.025224605575203896,0.06172875687479973,-0.034526288509368896,0.0,0.13670480251312256,0.08573120087385178,0.05481581762433052,0.09804908186197281,0.039801377803087234,0.05369051918387413,0.06372696161270142,0.044336434453725815,0.045311033725738525,0.04134330898523331,0.047262974083423615,0.03684670478105545,0.02909846417605877,0.04302443936467171,0.06628626585006714,0.045354362577199936,-2.0291734958988172e-09,-5.220779257797403e-06,0.0004248375480528921,0.00010647548333508894,3.074002233915962e-05,0.00013371746172197163,-5.225522181717679e-05,0.00013482102076523006,-8.929945761337876e-05,0.0001287657069042325,-0.00010917894542217255,-0.00019065372180193663,-0.00013917565229348838,5.244377825874835e-05,0.00010946299880743027,-0.00014486264262814075,-0.0001931540755322203,8.72780514526994e-09,0.029026810079813004,0.01851547881960869,0.011272598057985306,0.017634859308600426,0.007815639488399029,0.010548776015639305,0.011103879660367966,0.007423500530421734,0.007034920621663332,0.008446915075182915,0.008023462258279324,0.0073976037092506886,0.005746161565184593,0.008622798137366772,0.011452557519078255,0.007667887024581432,0.3481983244419098,0.37802785634994507,0.32718130946159363,0.330892413854599,0.3838231861591339,0.40390846133232117,0.3974485695362091,0.40230897068977356,0.37935346364974976,0.3736015856266022,0.32071465253829956,0.32320234179496765,0.32721659541130066,0.34816867113113403,0.2950803339481354,0.3256816864013672,0.3300642967224121,0.33881765604019165,0.35576921701431274,0.3600793778896332,0.3377474248409271,0.37216174602508545,0.3461398780345917,0.34036746621131897,17.730178628540468,19.283270607435586,20.213870395004715,18.33147311554859,19.254650013920944,20.785361844286943,44.600352093149965,4.490880188532975,6.278827628254142,7.076230776862651,5.936073885432477,4.627184442772727,4.772595444941077,6.337479258720197,2346.9234087591176,1184.132148322159,0.08387482471955128,0.11337138499995518,MWalaa,French
-1.0,0.23832884430885315,0.03510165214538574,0.06602922081947327,0.11046891659498215,-0.0019207900622859597,-0.03372131288051605,-0.012301701121032238,0.003688820404931903,0.005178813356906176,-0.017963483929634094,-0.015668904408812523,0.021520433947443962,0.0037395611871033907,-0.02032962627708912,0.037676453590393066,-0.0492531917989254,0.0,0.18558309972286224,0.11710202693939209,0.08993293344974518,0.07844214141368866,0.04552094638347626,0.07835021615028381,0.05719912052154541,0.04728259891271591,0.04039245843887329,0.06908215582370758,0.04292288050055504,0.03530941531062126,0.03160487487912178,0.031486138701438904,0.04870444908738136,0.07238174229860306,-2.042265023760592e-09,0.001262991689145565,-0.0007090304861776531,-0.0006180609343573451,-0.00037493763375096023,-0.0007815265562385321,-0.0007506661349907517,-0.000277405051747337,0.00029887419077567756,0.0005460938555188477,0.00046818371629342437,0.00028793144156225026,0.00010186525469180197,-0.0001494761963840574,-0.00014571611245628446,-0.000108378502773121,-0.00023156488896347582,8.754388325371565e-09,0.03634994849562645,0.024149611592292786,0.01582956686615944,0.012864144518971443,0.008556452579796314,0.014816752634942532,0.01080536562949419,0.010107706300914288,0.007869106717407703,0.011452553793787956,0.009151766076683998,0.007690884172916412,0.006217884365469217,0.005628031212836504,0.008426647633314133,0.014635210856795311,0.334538996219635,0.3189863860607147,0.33609339594841003,0.312802255153656,0.2672773003578186,0.26134786009788513,0.4158487617969513,0.3386229872703552,0.3286738395690918,0.37316131591796875,0.38449400663375854,0.3662329316139221,0.3343047499656677,0.32301267981529236,0.32776355743408203,0.31456246972084045,0.28567010164260864,0.2672679126262665,0.3931717872619629,0.33116579055786133,0.30995723605155945,0.3069194257259369,0.3203672170639038,0.33648818731307983,16.547142914024654,16.3046989100049,19.777187371758693,16.766500385331582,18.551371854375734,18.832285521986982,44.3221611792376,4.748528462851213,4.805561429770745,5.912204556946964,4.837757309968715,3.5865441330383923,3.4078410676157858,5.618008986905501,2582.6285794998776,1463.3406209675836,0.11242124495967742,0.1302927940257397,MWalaa,French
-1.0,0.23299987614154816,0.03174149617552757,0.0853932723402977,0.11767645925283432,0.01582776941359043,-0.010208986699581146,0.005614984314888716,0.0034821112640202045,0.01834889128804207,-0.008208132348954678,-0.007166462484747171,0.04214194044470787,0.013637792319059372,-0.004715243354439735,0.04580254480242729,-0.021495958790183067,0.0,0.1268957257270813,0.08394981920719147,0.07485254108905792,0.07352159917354584,0.046986229717731476,0.0427694134414196,0.040333718061447144,0.03194412216544151,0.026494015008211136,0.03490719199180603,0.0359654426574707,0.04071519151329994,0.02138962224125862,0.03656185045838356,0.0377594530582428,0.03405006229877472,-2.082573002937238e-09,0.0005570760695263743,0.0001630421611480415,-0.00014623889001086354,-5.289628097671084e-05,0.0001500623329775408,0.00015816162340342999,0.00013034488074481487,-7.70718979765661e-05,-1.993774094444234e-05,0.00016552780289202929,0.0001188340611406602,9.062362551048864e-06,6.867785850772634e-05,4.531623199000023e-05,-5.229454836808145e-05,9.263743413612247e-05,8.835608689139463e-09,0.025952642783522606,0.017964867874979973,0.013749130070209503,0.012601223774254322,0.00993482768535614,0.008222267962992191,0.007988311350345612,0.006518244277685881,0.005319987423717976,0.005154069513082504,0.006779680494219065,0.007913379929959774,0.0041262442246079445,0.005758772604167461,0.007521469611674547,0.006786560174077749,0.4177195727825165,0.4101924002170563,0.4347481429576874,0.48193228244781494,0.511752724647522,0.5087679028511047,0.4917648136615753,0.5036500096321106,0.49544867873191833,0.49211859703063965,0.4868759214878082,0.41665536165237427,0.28762027621269226,0.25688832998275757,0.28299176692962646,0.3426695168018341,0.41162827610969543,0.40684983134269714,0.35324209928512573,0.32475051283836365,0.2941671907901764,0.26950979232788086,0.3068822920322418,0.28035658597946167,20.23690292882735,16.109130626843474,18.108658144168174,15.397926306820164,18.476163403342287,19.72502114581688,43.209206009661486,5.060721553224904,5.760197102431855,6.718868462066115,4.086839588511367,4.035716102408212,4.2513425095389294,5.193759196823561,1969.626794708401,1435.6610897889882,0.07735402960526316,0.12623096151454072,MWalaa,French
-1.0,0.20524972677230835,0.06699403375387192,0.050989143550395966,0.0858275294303894,0.012543274089694023,-0.001980541506782174,0.011299901641905308,0.005347561556845903,-0.01090156938880682,-0.007894975133240223,-0.011478577740490437,0.022173447534441948,0.014083892107009888,-0.015410685911774635,0.03704146668314934,-0.027276288717985153,0.0,0.17058877646923065,0.091811403632164,0.0754513293504715,0.07161545008420944,0.05141532048583031,0.042513638734817505,0.038455478847026825,0.031057527288794518,0.06481005251407623,0.04556310549378395,0.034996189177036285,0.029286174103617668,0.037956275045871735,0.036847520619630814,0.03959391638636589,0.044428158551454544,-2.1831108032444035e-09,0.00035253146779723465,0.00040271293255500495,3.949929305235855e-05,-0.000327164278132841,-1.2115208846807946e-05,0.00045424062409438193,-0.00021629431284964085,-0.0003045570629183203,0.00016215950017794967,0.00018890883075073361,-0.00010165313869947568,-0.0002735847083386034,9.96688031591475e-05,-3.2286673103953945e-06,-0.00029241875745356083,0.00013910360576119274,9.034228476423323e-09,0.03534850850701332,0.018854279071092606,0.013225657865405083,0.010923782363533974,0.011279148980975151,0.007825413718819618,0.007481028325855732,0.006892935372889042,0.01203577034175396,0.007714439649134874,0.006779210176318884,0.00582491047680378,0.008162898942828178,0.007324224337935448,0.007506562862545252,0.009138666093349457,0.3820238709449768,0.4463258981704712,0.428252249956131,0.45660096406936646,0.5135480761528015,0.5057114362716675,0.5116070508956909,0.5149192810058594,0.4166756868362427,0.4375405013561249,0.44709667563438416,0.37646639347076416,0.28843259811401367,0.31185635924339294,0.3005981743335724,0.3069785535335541,0.3118090033531189,0.34329086542129517,0.3806634545326233,0.4075778126716614,0.3090781569480896,0.3281369209289551,0.3178607225418091,0.2910235822200775,17.607554066783383,16.12724795655453,17.87689080987449,15.999867495924445,17.948502800558078,18.976115985492076,43.87434682190006,4.386867713692497,5.232929291039682,6.153245824509388,4.244350359819599,3.73361413567339,4.27685286582947,5.905753110721162,2778.798129657953,1863.8270660736441,0.13913321659482758,0.17783869650127243,MWalaa,French
-1.0,0.27608299255371094,0.01846272125840187,0.038322560489177704,0.06538684666156769,0.012193235568702221,0.002610152354463935,-0.014948285184800625,-0.006436455994844437,-0.011782041750848293,0.00933846365660429,-0.015957770869135857,0.026389725506305695,0.02011525258421898,-0.023118391633033752,0.058466944843530655,-0.050430361181497574,0.0,0.12878699600696564,0.09242714941501617,0.07656527310609818,0.09874490648508072,0.037186648696660995,0.04407259076833725,0.051941100507974625,0.07065772265195847,0.04651370272040367,0.05922364443540573,0.04497574642300606,0.035226307809352875,0.037602368742227554,0.049439381808042526,0.053020354360342026,0.0642230287194252,-2.153408784622002e-09,0.00020611705258488655,8.121370046865195e-05,-8.647528738947585e-05,-5.5282394896494225e-05,-1.604077078809496e-05,0.00017447424761485308,1.556588540552184e-05,-3.451526936260052e-05,-8.278351742774248e-05,0.00011990837811026722,1.4676528735435568e-05,2.474355642334558e-05,8.89391012606211e-05,9.517912985756993e-05,6.960970949876355e-06,-7.38920716685243e-05,8.97612473238496e-09,0.0233294814825058,0.02177244983613491,0.014829413034021854,0.018179042264819145,0.007408428005874157,0.008328904397785664,0.009367762133479118,0.011204374022781849,0.009019053541123867,0.011674960143864155,0.007488816045224667,0.006607294548302889,0.007740686181932688,0.010010886006057262,0.00987902469933033,0.012083157896995544,0.5298215746879578,0.48785847425460815,0.41082799434661865,0.38921573758125305,0.39258524775505066,0.36810120940208435,0.3515745997428894,0.40122950077056885,0.3748350739479065,0.4086419939994812,0.4586225748062134,0.5050423741340637,0.3535248637199402,0.3465452492237091,0.3074072599411011,0.31037452816963196,0.3067406415939331,0.3144669532775879,0.31778058409690857,0.39756864309310913,0.3619575798511505,0.3674847185611725,0.34174978733062744,0.3202957212924957,18.189174196882956,18.17661420500564,20.43498373196886,17.701425115202778,18.071196020606596,19.78801008622984,44.65529217148405,5.0478476550401705,5.421838843872124,6.9816721755325455,5.332162127436584,3.271044811110301,3.2167537863463393,5.774916865641922,2445.8168226953076,878.8752509993186,0.08274872448979592,0.05582371829055844,MWalaa,French
-1.0,0.2289247214794159,0.01663212478160858,0.097891665995121,0.11480525881052017,0.0016590297454968095,-0.009336438961327076,-0.017861509695649147,0.0024783571716398,-9.281035454478115e-05,-0.02815905027091503,-0.01345670036971569,0.03564130514860153,0.011277983896434307,-0.021168222650885582,0.04171546921133995,-0.02402462437748909,0.0,0.11077018827199936,0.07673346251249313,0.08518290519714355,0.060331862419843674,0.047732800245285034,0.0435163751244545,0.05743034556508064,0.02959686517715454,0.040583595633506775,0.048712197691202164,0.034318458288908005,0.04265790060162544,0.022996332496404648,0.02652185782790184,0.04361388832330704,0.03358439356088638,-1.966155682708859e-09,0.00020972694619558752,0.00027275303727947176,-0.00010520321666263044,-7.578638178529218e-05,0.00015904667088761926,6.695699994452298e-05,-4.912334406981245e-05,-5.766160393250175e-05,7.280860245373333e-06,8.465469727525488e-05,3.1005187338450924e-05,-0.0001603741111466661,-9.540936844132375e-06,9.334367496194318e-05,-4.31748412665911e-05,-3.214805110474117e-05,8.598418865801705e-09,0.020404992625117302,0.014328832738101482,0.015302651561796665,0.009937173686921597,0.009736885316669941,0.0070983595214784145,0.008360079489648342,0.006215993780642748,0.006894117686897516,0.009216170758008957,0.0061349207535386086,0.0071268691681325436,0.00436816131696105,0.004654795862734318,0.00782712921500206,0.005636774469166994,0.45562687516212463,0.4160090386867523,0.3672398328781128,0.37604042887687683,0.364019513130188,0.37100347876548767,0.3823418915271759,0.3999650478363037,0.3782700300216675,0.43968603014945984,0.44210776686668396,0.43565112352371216,0.31236955523490906,0.3136976361274719,0.3008914589881897,0.31651970744132996,0.29945987462997437,0.33698222041130066,0.3667948842048645,0.4020851254463196,0.3282487392425537,0.35631030797958374,0.32962289452552795,0.2890671193599701,18.027763336015354,18.117871678917293,20.165267092835837,15.752663045977178,19.1818585418671,19.748930353498395,44.919640673447034,4.549047857702346,5.796356034336335,7.2902351736845885,4.134661400217045,4.257500676893634,4.506211366257746,6.050725198168555,2396.5787432759084,968.6134627814572,0.08258018730590062,0.05997510301088225,MWalaa,French
-1.0,0.2082841843366623,0.06382280588150024,0.07989221066236496,0.11481273919343948,0.006615059450268745,0.014321223832666874,0.010053439065814018,-0.023791680112481117,-0.009859886020421982,-0.034312665462493896,-0.0352131649851799,0.026003217324614525,0.025445397943258286,-0.02069038338959217,0.05298789590597153,-0.006875613704323769,0.0,0.17542321979999542,0.10767176002264023,0.09009934961795807,0.1182992085814476,0.051246535032987595,0.05024562031030655,0.04141360521316528,0.048413388431072235,0.05417034402489662,0.041789837181568146,0.04421437159180641,0.03618113696575165,0.054162368178367615,0.034826334565877914,0.049277834594249725,0.025979653000831604,-2.4925281838505953e-09,0.0007227591704577208,-6.261102680582553e-05,0.0001677659311098978,0.0007482989458367229,-0.00034659774973988533,-0.00013384201156441122,1.7505202777101658e-05,-0.0003395180683583021,0.00019326568872202188,-8.134698146022856e-05,-0.00041278015123680234,0.00022339180577546358,-4.344521585153416e-05,4.049287235829979e-05,8.540495036868379e-05,-0.00024676506291143596,9.613212448300601e-09,0.03922282159328461,0.02406640164554119,0.020774874836206436,0.023776894435286522,0.011693147011101246,0.009947304613888264,0.008160832338035107,0.009013363160192966,0.011239908635616302,0.008068266324698925,0.009445475414395332,0.0073967864736914635,0.009484353475272655,0.007455067243427038,0.010033081285655499,0.005544613115489483,0.3968055248260498,0.4043283760547638,0.4481784999370575,0.46624502539634705,0.37654340267181396,0.27429136633872986,0.2892143428325653,0.34075987339019775,0.32219812273979187,0.3343524634838104,0.3523761034011841,0.35362786054611206,0.331356942653656,0.30392351746559143,0.35312825441360474,0.35394373536109924,0.3486314117908478,0.2963685691356659,0.3039275109767914,0.3386450409889221,0.2989498972892761,0.2879941165447235,0.30545035004615784,0.2982162535190582,16.962635744387317,17.640391231696892,19.68071752413784,16.36168348317612,18.580768179078838,19.87446825857565,45.35552646032221,4.120524392504958,5.63989251398565,6.064316803550085,4.5852768819897385,3.8679145527306944,4.257071187101445,5.780638001969973,3201.549930931527,1471.7671457359525,0.14465043676181102,0.14714868330629388,MWalaa,French
-1.0,0.24494150280952454,0.016451504081487656,0.058932963758707047,0.10217353701591492,0.0075415754690766335,0.01077408716082573,0.007066129241138697,-0.016027625650167465,-0.007582155056297779,-0.005181490443646908,-0.021223507821559906,0.017920957878232002,0.04334395006299019,-0.026501696556806564,0.04280815273523331,-0.008527742698788643,0.0,0.1694648712873459,0.10380703210830688,0.07165428251028061,0.08868478983640671,0.03918209671974182,0.03951966390013695,0.033396653831005096,0.05205053836107254,0.04417164996266365,0.041193071752786636,0.04626327380537987,0.032788388431072235,0.03402366489171982,0.03726062923669815,0.0400368832051754,0.03749402239918709,-1.9540189466482616e-09,0.000514719111379236,7.400054892059416e-05,2.4170351025532e-05,9.197559847962111e-05,0.00016587477875873446,5.36939078301657e-05,-0.00014805370301473886,-0.00012442757724784315,0.00011996409739367664,-5.705180228687823e-05,-0.0001650329795666039,0.00018661048670765013,-9.748514275997877e-05,-0.00010268337064189836,0.0001987543801078573,5.391120430431329e-05,8.573223908570071e-09,0.03837350010871887,0.022493034601211548,0.014033271931111813,0.015838883817195892,0.00700003607198596,0.007203716319054365,0.0059638116508722305,0.008366800844669342,0.008285080082714558,0.006489861756563187,0.0061566089279949665,0.006289319135248661,0.006883951835334301,0.0063089169561862946,0.008151288144290447,0.006224262993782759,0.4752979576587677,0.36295437812805176,0.3990839123725891,0.4633651077747345,0.5551420450210571,0.5031570792198181,0.4013936221599579,0.38572826981544495,0.37755343317985535,0.3629041612148285,0.35120946168899536,0.4109499752521515,0.3692006468772888,0.27266642451286316,0.3071560561656952,0.3284320533275604,0.37149477005004883,0.37502366304397583,0.3629573583602905,0.3396700918674469,0.3159862458705902,0.2954835295677185,0.29126811027526855,0.2758274972438812,18.541781658460838,17.354996885358403,19.637280645774904,18.071624038191345,18.30571062481596,19.467241452675285,45.452354862509885,4.226021243255538,6.31774429577074,6.659656405659728,5.083318573013337,3.4991410577581448,3.7813984389207547,4.892164414873553,2719.605478143526,1466.0291279081503,0.12058437017746913,0.1397120491063761,MWalaa,French
-1.0,0.16165129840373993,0.04205349460244179,0.11428359895944595,0.12254798412322998,-0.012491265311837196,-0.0022033562418073416,0.011722812429070473,-0.00975172407925129,-0.006378163117915392,-0.03326181322336197,-0.014166977256536484,0.043103139847517014,0.011678699404001236,-0.012896271422505379,0.041399020701646805,-0.01834525726735592,0.0,0.15050263702869415,0.11011017858982086,0.10878907889127731,0.09109548479318619,0.07104594260454178,0.054063934832811356,0.0396399162709713,0.04408042132854462,0.04549098387360573,0.05502443015575409,0.04181347414851189,0.03565546125173569,0.030469773337244987,0.03188875690102577,0.03859403356909752,0.031002655625343323,-1.6927865775784312e-09,0.00016464137297589332,7.724355236859992e-05,8.357993647223338e-05,4.0277838706970215e-05,-8.695664064362063e-07,7.282862497959286e-05,-0.00011483059643069282,-7.282701699296013e-05,0.000117694609798491,-5.4385174735216424e-05,-5.6951910664793104e-05,2.995270915562287e-05,-0.00012319795496296138,-6.783026765333489e-05,5.330249041435309e-05,-4.6932054829085246e-05,8.007256191433498e-09,0.03292277082800865,0.024369217455387115,0.018560094758868217,0.015760663896799088,0.013350258581340313,0.00903031975030899,0.007302765268832445,0.007838930003345013,0.007254973519593477,0.009930668398737907,0.007454274222254753,0.006253343541175127,0.005911413114517927,0.007004704792052507,0.0071988231502473354,0.006624272093176842,0.44263678789138794,0.4166613221168518,0.4327937960624695,0.4908677637577057,0.49271678924560547,0.4146365523338318,0.3291826546192169,0.34648504853248596,0.4153921902179718,0.4456962049007416,0.3945165276527405,0.374322772026062,0.29219743609428406,0.3035224974155426,0.3155231177806854,0.34158855676651,0.3629346787929535,0.3662030100822449,0.3416389226913452,0.3542384207248688,0.35099974274635315,0.3390645384788513,0.30276647210121155,0.2516697645187378,17.16864370678487,17.805332103159206,19.89076261463041,15.655933956749772,17.847304319698708,20.548242727912946,44.71936783821671,4.7545379105505745,5.795736671771238,7.693083329656031,4.028505096396092,3.729575839751792,3.3933389886706817,4.992609653635477,3079.3935970309813,1431.0844342301161,0.134530623328877,0.13404941081335917,MWalaa,French
-1.0,0.2016933262348175,0.029285838827490807,0.0902508944272995,0.1181824579834938,-0.010732201859354973,-0.004255623556673527,-0.0026921117678284645,-0.024853814393281937,-0.0070527298375964165,-0.02627735771238804,-0.025828709825873375,0.03255244717001915,0.01762000471353531,-0.025255117565393448,0.05361957475543022,-0.021582359448075294,0.0,0.19450919330120087,0.10584457218647003,0.1048649474978447,0.09916681796312332,0.06641208380460739,0.056408412754535675,0.04396260902285576,0.05808628350496292,0.04576848819851875,0.054121825844049454,0.0483623631298542,0.035617146641016006,0.037617042660713196,0.043020691722631454,0.04969222471117973,0.04332501068711281,-7.85486564680582e-10,-1.7148389815702103e-05,0.00013561267405748367,-0.0003450658987276256,-0.00019147507555317134,0.000369595451047644,0.00022932852152734995,0.0001652427890803665,2.021388354478404e-05,9.903850877890363e-05,0.00021876016398891807,3.062974428758025e-06,-0.0002024052810156718,2.2110771169536747e-05,1.5746922144899145e-05,-0.00015610127593390644,0.00010200808173976839,5.519404933096439e-09,0.03764567896723747,0.023544592782855034,0.01892179064452648,0.019146140664815903,0.013458597473800182,0.010076322592794895,0.008324495516717434,0.010929010808467865,0.009083126671612263,0.009622535668313503,0.009158252738416195,0.00713220564648509,0.006424973718822002,0.007865230552852154,0.010432261042296886,0.009066659025847912,0.4151074290275574,0.3967348635196686,0.41231098771095276,0.49357903003692627,0.4575579762458801,0.37642791867256165,0.34206873178482056,0.3591890037059784,0.40406128764152527,0.42814400792121887,0.40936335921287537,0.38576751947402954,0.32099005579948425,0.30206283926963806,0.3155392110347748,0.3637610971927643,0.3565276265144348,0.3424655795097351,0.3344725966453552,0.312104195356369,0.3221755623817444,0.32611313462257385,0.30466100573539734,0.30141571164131165,17.861334278744813,17.04291203146215,19.259716089074793,15.999073104304365,18.049284814314685,20.368883184314093,44.891026349149946,4.7292000863111,6.578868026734159,6.326323572799004,4.179656236732969,3.700809829633168,4.183210028149275,4.383670454337343,2992.7993975290174,1467.015410625753,0.13837502907878413,0.14233808116714333,MWalaa,French
-1.0,0.2518864870071411,0.01242868136614561,0.06417102366685867,0.10810932517051697,0.0029371436685323715,-0.013719450682401657,0.007897969335317612,-0.029421847313642502,-0.0053879390470683575,-0.00926488172262907,-0.03814151510596275,0.029026919975876808,0.014650379307568073,-0.023946307599544525,0.05148482322692871,-0.03338112682104111,0.0,0.13555854558944702,0.09538766741752625,0.11095971614122391,0.09938265383243561,0.05112072452902794,0.05727720633149147,0.051825057715177536,0.054569311439991,0.0473281592130661,0.05255958065390587,0.05282317101955414,0.045040909200906754,0.034975696355104446,0.038654010742902756,0.04940929263830185,0.049081046134233475,-6.792941764643956e-10,-0.00013270392082631588,5.329184568836354e-05,-1.9270399207016453e-05,8.791653272055555e-06,1.2473999049689155e-05,2.0967085220036097e-05,6.008282434777357e-05,-4.0471682041243184e-06,-3.0931507353670895e-05,-9.785154361452442e-06,1.9251276171416976e-05,-2.0060178940184414e-05,1.010439245874295e-05,-3.878306870319648e-06,-8.980267921288032e-06,-4.0497998270438984e-05,5.139793035624507e-09,0.02551473118364811,0.018197469413280487,0.02078401669859886,0.01728725992143154,0.010951760224997997,0.010471059009432793,0.009652333334088326,0.008976561948657036,0.009042322635650635,0.01060512475669384,0.008953292854130268,0.00861419178545475,0.006348984781652689,0.007364480756223202,0.009473313577473164,0.00971043761819601,0.35785800218582153,0.35794878005981445,0.34762564301490784,0.3695281744003296,0.4490796625614166,0.4845768213272095,0.46362438797950745,0.4391230344772339,0.39454296231269836,0.3827023208141327,0.3380902111530304,0.33015719056129456,0.3173692524433136,0.31290334463119507,0.31990987062454224,0.3220732510089874,0.35952943563461304,0.3630233705043793,0.36428260803222656,0.3612951338291168,0.33839043974876404,0.35694414377212524,0.3191875219345093,0.3055647909641266,17.95040187411302,18.20375507014578,19.546343128129827,16.605869443203307,18.244043761196547,19.31467391586266,45.10767923616936,4.988628617524979,6.2769555426950046,7.365868332256516,4.817748332073202,3.821601039599161,4.0312620313720675,4.690977918491149,2568.513223525953,919.6039117953604,0.08737929184549356,0.07500020329120884,MWalaa,French
-1.0,0.2764314115047455,0.013484620489180088,0.06251275539398193,0.12728367745876312,0.0010610043536871672,-0.029212547466158867,-0.0051392787136137486,-0.017814744263887405,-0.014283196069300175,-0.01550159603357315,-0.03552386537194252,0.03966839984059334,0.011121677234768867,-0.022928858175873756,0.0670379251241684,-0.030784232541918755,0.0,0.14858180284500122,0.10974989086389542,0.09759198129177094,0.11338241398334503,0.0571107342839241,0.06949251145124435,0.05646998807787895,0.05851084366440773,0.04466862231492996,0.05856799706816673,0.06204592436552048,0.03967631980776787,0.0343511663377285,0.04017242416739464,0.055679138749837875,0.06241278722882271,-7.378813116076799e-10,7.4560652137734e-05,0.00010776233102660626,-0.00010083759116241708,-5.019697709940374e-05,-2.9345028451643884e-05,5.086165765533224e-05,-2.0869405489065684e-05,-2.3343902284977958e-05,6.290686542342883e-06,2.5603078483982245e-06,8.99712358659599e-06,-1.4033194929652382e-05,2.8179720175103284e-05,3.708626309162355e-06,-8.538420661352575e-05,-2.1958545403322205e-05,5.352818632786693e-09,0.028265366330742836,0.02375587448477745,0.018695136532187462,0.01756708137691021,0.010851815342903137,0.011987839825451374,0.009980957955121994,0.010231049731373787,0.0080496184527874,0.011909127235412598,0.00990260485559702,0.008372301235795021,0.0068800742737948895,0.00801479909569025,0.011433987878262997,0.01189582422375679,0.3650568425655365,0.37678566575050354,0.3654142916202545,0.3979324400424957,0.4239506125450134,0.4268222749233246,0.38490909337997437,0.4035245478153229,0.439228355884552,0.4312712550163269,0.3671954572200775,0.3409871757030487,0.3099971413612366,0.3227709233760834,0.31335631012916565,0.32696038484573364,0.34550386667251587,0.3527959883213043,0.3430250585079193,0.3597639799118042,0.37143462896347046,0.38449883460998535,0.33883577585220337,0.3063507676124573,17.99918919934571,18.118520574774262,19.602970255115984,16.55561076192367,18.779582976198867,20.19265514273863,45.0566457126654,4.713573536970186,6.6698150244985355,6.7249595775976125,4.899824848293958,4.1514146834476895,4.648935991077283,4.636620421309588,2552.93118414096,965.7835352612962,0.08681731679778555,0.0755175713769469,MWalaa,French
-1.0,0.2293645292520523,0.03086881898343563,0.08162945508956909,0.13085274398326874,0.0019312030635774136,-0.017932163551449776,-0.0016518021002411842,-0.030654655769467354,-0.007913123816251755,-0.029016949236392975,-0.039656881242990494,0.035201266407966614,0.009001826867461205,-0.03135044872760773,0.05281705781817436,-0.021452881395816803,0.0,0.16029956936836243,0.092281773686409,0.09525594860315323,0.08661387860774994,0.05971599742770195,0.05422373488545418,0.04448183253407478,0.0547616183757782,0.040852710604667664,0.056942105293273926,0.051422636955976486,0.04026060178875923,0.027597270905971527,0.03573279827833176,0.0481521375477314,0.04281921684741974,-8.116694538706781e-10,4.455172165762633e-05,0.00022069731494411826,-0.0001076453409041278,-0.0001442650827812031,-7.118909707060084e-05,0.00012698175851255655,3.712626130436547e-05,0.00010952004959108308,-2.810395380947739e-05,6.115805445006117e-05,4.165520294918679e-05,-0.0001154223718913272,-8.827033161651343e-05,7.239618571475148e-05,-8.756680472288281e-05,4.780812014359981e-05,5.6087468003340746e-09,0.031004777178168297,0.01921929232776165,0.019058942794799805,0.016546126455068588,0.012270419858396053,0.01117121335119009,0.007134165149182081,0.010578189976513386,0.007905231788754463,0.010454708710312843,0.0096493661403656,0.008589701727032661,0.005873862653970718,0.006854869890958071,0.009828564710915089,0.007536898832768202,0.38935163617134094,0.37108245491981506,0.4312449097633362,0.4236729145050049,0.3936660885810852,0.3789614140987396,0.4333079755306244,0.4185088276863098,0.4246738851070404,0.39030423760414124,0.3619633913040161,0.39633870124816895,0.32021769881248474,0.3018558919429779,0.3417357802391052,0.3360612690448761,0.3179609179496765,0.3158191442489624,0.34490349888801575,0.32793155312538147,0.36906376481056213,0.3304620385169983,0.31992360949516296,0.3446010649204254,17.124354091913734,17.318282552999733,19.354627163909623,15.298766465624617,18.46155880608294,20.118597676189285,45.424888401648936,4.954237714534371,6.186607158088447,6.06569301346169,3.6963089182901134,3.171777344703359,4.452269009671174,4.187562861305924,2757.736110429549,1243.7287070651494,0.1138847155448718,0.11274204326272463,MWalaa,French
-1.0,0.24848385155200958,0.0713040679693222,0.0645962804555893,0.05740528181195259,0.019811367616057396,0.013437668792903423,-0.015774283558130264,0.025115855038166046,-0.0027432520873844624,-0.023625623434782028,0.019733453169465065,0.013179674744606018,0.005279999691992998,-0.002264464972540736,0.032576192170381546,-0.04318291321396828,0.0,0.18141479790210724,0.10383912175893784,0.07215620577335358,0.05222664773464203,0.041076719760894775,0.041466083377599716,0.07174581289291382,0.046837449073791504,0.03778334707021713,0.03846156597137451,0.04736011475324631,0.03196602687239647,0.03009231761097908,0.029530778527259827,0.03713482618331909,0.047983478754758835,-9.09629538359269e-10,0.00033619508030824363,0.00012771437468472868,0.00010395563731435686,6.464812759077176e-05,3.451933298492804e-05,1.2753681403410155e-05,-9.701255294203293e-06,-3.883077806676738e-05,-3.0129740480333567e-05,-5.753471123171039e-05,-8.769960550125688e-05,-6.348735769279301e-05,-3.4123717341572046e-05,-4.554083716357127e-05,-4.7684872697573155e-05,-7.950782310217619e-05,5.93005955451531e-09,0.03978074714541435,0.024547066539525986,0.013076403178274632,0.01126004382967949,0.009175869636237621,0.00786503404378891,0.013863992877304554,0.0087674455717206,0.007226115558296442,0.007603516336530447,0.0092466464266181,0.006039850879460573,0.005968507379293442,0.005607348866760731,0.006611077580600977,0.00926764402538538,0.4846610724925995,0.475553959608078,0.48149368166923523,0.42387503385543823,0.40982872247695923,0.3677583336830139,0.30543839931488037,0.2818295359611511,0.31916579604148865,0.4557557702064514,0.4878208637237549,0.4715040922164917,0.3159344494342804,0.2883659303188324,0.3107995390892029,0.3007637858390808,0.32501113414764404,0.34129002690315247,0.3066710829734802,0.2895718812942505,0.29179543256759644,0.34926891326904297,0.3299676477909088,0.3176676034927368,16.031970369758884,15.000791871063234,17.521098362083315,16.05093158308557,18.599785993911443,18.867364978565572,44.44901045955463,3.957673934853417,4.7713979854227615,6.008170300553862,4.5640248354054425,3.860850248641425,3.8302790385444068,4.295412551890183,2778.884791972709,1521.3506478470242,0.12924299568965517,0.14229582216681116,MWalaa,German
-1.0,0.27232688665390015,0.040016673505306244,0.10879091173410416,0.10645858943462372,0.0010844770586118102,0.0037972358986735344,0.0021850750781595707,0.025251122191548347,-0.013863276690244675,-0.012778844684362411,0.021098202094435692,0.04352797195315361,-0.001660026959143579,-0.0035451361909508705,0.051887836307287216,-0.05609145015478134,0.0,0.15221412479877472,0.08172062039375305,0.09010962396860123,0.08725116401910782,0.04812438040971756,0.04870862141251564,0.048268917948007584,0.032175008207559586,0.04454311728477478,0.05410514399409294,0.03603831306099892,0.0391625240445137,0.028616905212402344,0.03299131989479065,0.03859295696020126,0.05821061506867409,-6.972490917966923e-10,0.00018111933604814112,0.00014391345030162483,-9.7448119049659e-06,-2.433122972433921e-05,1.034196338878246e-05,3.398495027795434e-05,7.620983978995355e-06,-2.4135413696058095e-05,-6.51546724839136e-06,-3.236169504816644e-06,-1.1399716640880797e-05,-5.668824815074913e-05,-8.746875209908467e-06,-2.966865213238634e-05,-1.653262552281376e-05,-1.0124961590918247e-05,5.206075126551468e-09,0.028492596000432968,0.016054783016443253,0.016721170395612717,0.016133932396769524,0.009236949495971203,0.008554010652005672,0.009334980510175228,0.006208386272192001,0.0072566750459373,0.010248076170682907,0.006667037028819323,0.007252275012433529,0.004987182095646858,0.006234786938875914,0.007275877986103296,0.009701537899672985,0.4655073583126068,0.4836176037788391,0.4636118412017822,0.46195730566978455,0.414266973733902,0.37274956703186035,0.3341599106788635,0.29219287633895874,0.3032330274581909,0.3674503564834595,0.42134761810302734,0.4635985195636749,0.31079819798469543,0.315378338098526,0.30386948585510254,0.34238725900650024,0.32028529047966003,0.3360517919063568,0.31898805499076843,0.3063315153121948,0.3188009262084961,0.33192235231399536,0.32267749309539795,0.33882972598075867,14.895979055849223,16.58642016922758,19.401241628234022,16.01626121615255,19.07135221408902,19.90204958548043,45.14101160944592,4.013564713679652,5.345031308056518,6.12912303315415,4.408314621324304,3.976372203354988,4.399542794970456,3.699371590482878,2393.745455275573,1178.6640162584717,0.09444585455671806,0.08695287172872553,MWalaa,German
-1.0,0.19790707528591156,0.034009721130132675,0.07477761805057526,0.08801758289337158,0.022662712261080742,-0.010509311221539974,-0.007221515756100416,0.02224203199148178,-0.015435192734003067,-0.024975454434752464,0.021519294008612633,0.037273816764354706,-0.006378918886184692,0.0027821992989629507,0.062157295644283295,-0.046448998153209686,0.0,0.23409180343151093,0.11661665141582489,0.09291527420282364,0.09565707296133041,0.0461735725402832,0.05760463699698448,0.06833235919475555,0.04128804802894592,0.05501686409115791,0.05362706631422043,0.0413614846765995,0.03461599349975586,0.0320703350007534,0.035085346549749374,0.04705922305583954,0.056644849479198456,-7.796824852412954e-10,-5.64585161555442e-06,5.254909774521366e-05,-1.992204488487914e-06,3.549511529854499e-05,5.5797314416849986e-05,1.4743267456651665e-05,5.197086284169927e-05,6.349982868414372e-05,3.302215554867871e-05,-1.2257159141881857e-05,2.5969118723878637e-05,-1.6658053937135264e-05,-5.457033694256097e-05,-1.0923413356067613e-05,-1.8274788089911453e-05,-9.214170859195292e-05,5.4993871678732376e-09,0.05113343894481659,0.024844389408826828,0.01669769175350666,0.017386915162205696,0.009396092966198921,0.010204857215285301,0.011823682114481926,0.007564011961221695,0.011072237975895405,0.010078705847263336,0.007803712971508503,0.006497046910226345,0.006241589318960905,0.006616430357098579,0.008829028345644474,0.010572639293968678,0.45023736357688904,0.46291598677635193,0.4236357808113098,0.3900040090084076,0.42839840054512024,0.3808751106262207,0.3416212797164917,0.3406783938407898,0.40897342562675476,0.49743521213531494,0.5120278596878052,0.4636327028274536,0.31438180804252625,0.30775007605552673,0.30562928318977356,0.2973177433013916,0.33847513794898987,0.3189963400363922,0.2866496741771698,0.301211953163147,0.3492569923400879,0.3487360179424286,0.34232330322265625,0.31319403648376465,16.41612681913074,16.731068584976125,18.788315915043153,15.646345715386197,19.8120484905454,19.207975091322517,44.349403478582765,4.452760321196235,5.824168500617517,6.10124276751569,3.999780006681343,4.137851272141014,3.4988241370063897,3.9044387725859053,3101.3035250068247,1705.0475024679538,0.16092234644396552,0.16931106074358274,MWalaa,German
-1.0,0.22737270593643188,0.07623624056577682,0.06930842250585556,0.06698032468557358,0.026374993845820427,0.011508938856422901,0.00439964234828949,0.02350706048309803,-0.013243294321000576,-0.015459365211427212,0.003555556060746312,0.028206385672092438,0.0013551355805248022,0.00802517682313919,0.04423818364739418,-0.039991121739149094,0.0,0.18188081681728363,0.10459978133440018,0.07065517455339432,0.061423160135746,0.04674816504120827,0.05022086203098297,0.06162678077816963,0.048478852957487106,0.04664008691906929,0.04698917642235756,0.03694061189889908,0.02964424341917038,0.02587566338479519,0.03373149409890175,0.03636031225323677,0.05640757083892822,-8.720415500818035e-10,0.00013705833407584578,0.00014286604709923267,-1.3185177522245795e-05,-7.779462976031937e-06,7.862437632866204e-05,-3.834415474557318e-05,-1.442278426111443e-05,-3.3000473194988444e-05,-3.850131543003954e-05,5.704369687009603e-05,4.3581105273915455e-05,-1.286633141717175e-05,1.1452711987658404e-05,-3.933336847694591e-05,8.225510828197002e-05,2.543348091421649e-05,5.809066117024031e-09,0.039298202842473984,0.021142328158020973,0.014627901837229729,0.011600841768085957,0.00890658050775528,0.008942143060266972,0.011605524457991123,0.008740659803152084,0.008130134083330631,0.008743725717067719,0.006618567742407322,0.005743130575865507,0.005158507730811834,0.006023045629262924,0.006446826737374067,0.010075635276734829,0.3755401074886322,0.41169247031211853,0.4975615441799164,0.51380854845047,0.47143444418907166,0.41716963052749634,0.390957236289978,0.4154822826385498,0.4321833848953247,0.47696077823638916,0.434344083070755,0.37882164120674133,0.3098893165588379,0.30764031410217285,0.3341761827468872,0.33504992723464966,0.32940226793289185,0.3412151038646698,0.3161238729953766,0.32522931694984436,0.3354276120662689,0.3338996469974518,0.32318276166915894,0.31029391288757324,15.306433255761451,15.574682979851792,18.338887635943905,16.35254338160751,18.394910863308915,18.829321260173963,44.37685233263709,3.9872178040489725,5.374776260027826,6.346150727471251,4.614060825508116,3.6462589480966887,3.1461816597860626,3.8051335931109724,2930.9006224353143,1463.8238261276445,0.12786781163911845,0.128024125178758,MWalaa,German
-1.0,0.2446458488702774,0.020325465127825737,0.08945249766111374,0.10232511162757874,0.005760566797107458,-0.029061848297715187,-0.015624619089066982,0.03758470341563225,-0.02190268598496914,-0.041595879942178726,0.0062001850455999374,0.03668160364031792,-0.00728328712284565,-0.001805398496799171,0.05487211048603058,-0.06800150871276855,0.0,0.1841823309659958,0.10087642818689346,0.09665863960981369,0.07828139513731003,0.05440403148531914,0.06569679081439972,0.06981512904167175,0.05815320461988449,0.05234120041131973,0.06671865284442902,0.0475885272026062,0.039872925728559494,0.040928687900304794,0.03819496929645538,0.050313953310251236,0.07261516153812408,-8.054734657036988e-10,5.607195271295495e-05,0.00015274531324394047,-7.262115104822442e-05,-2.7307107302476652e-05,8.646135393064469e-05,0.0001409596297889948,-3.819568519247696e-05,-8.716773299966007e-05,3.040367801077082e-06,5.7875673519447446e-05,-1.6644284187350422e-05,-8.260903996415436e-05,3.896536509273574e-05,-5.600860276899766e-06,-4.253373481333256e-05,9.145105286734179e-05,5.587745821600265e-09,0.03915289044380188,0.021090254187583923,0.01688150130212307,0.01526637189090252,0.011132286861538887,0.011635176837444305,0.011827013455331326,0.01026622112840414,0.009607342071831226,0.01282986905425787,0.008430837653577328,0.00826801173388958,0.007434304337948561,0.0071512022987008095,0.010068644769489765,0.01283041387796402,0.443381130695343,0.4196210205554962,0.3946201205253601,0.38776862621307373,0.3895740509033203,0.36908113956451416,0.3140471875667572,0.3143587112426758,0.35633978247642517,0.36506080627441406,0.3639892637729645,0.4026271402835846,0.3586239516735077,0.3451487421989441,0.33399254083633423,0.318813681602478,0.316351979970932,0.32163411378860474,0.3030925989151001,0.3101876378059387,0.34087276458740234,0.33395111560821533,0.3152720332145691,0.3378859758377075,17.3913113111843,18.274882244102752,19.757288820721726,16.545573788050934,20.42284231203319,20.11450414375264,44.74069159504137,4.547444624834751,5.826607585647549,6.463613228038005,4.405275050733149,4.39711661308129,3.813082450824463,3.654407130536354,2783.5990816573226,1206.7054171238447,0.11532880089058524,0.10635665528161334,MWalaa,German
-1.0,0.23327137529850006,0.050591517239809036,0.08657408505678177,0.1003725603222847,0.03821168467402458,-0.004970677196979523,-0.018042337149381638,0.026553016155958176,-0.023765867576003075,-0.01083650253713131,0.017879540100693703,0.03439119830727577,0.0019383220933377743,0.002839602530002594,0.07089674472808838,-0.04598481208086014,0.0,0.1634797304868698,0.11109548062086105,0.08426470309495926,0.06250409781932831,0.046354029327631,0.05817141383886337,0.06087743118405342,0.05734219402074814,0.05192548781633377,0.05365452915430069,0.04172804579138756,0.03574475273489952,0.03337229788303375,0.033159736543893814,0.049810461699962616,0.05493982881307602,-9.680460877348196e-10,0.0001817040320020169,7.528962305514142e-05,-8.964201697381213e-05,1.4372420992003754e-05,5.247305671218783e-05,-4.6562516217818484e-05,8.816115951049142e-06,-4.1758190491236746e-05,-5.209836672293022e-05,-5.121818503539544e-06,1.4557323993358295e-05,-6.993705756030977e-05,-1.7678237782092765e-05,-3.8720030715921894e-05,-3.317101072752848e-05,1.1933670975849964e-05,6.112887085407692e-09,0.03369465097784996,0.023210957646369934,0.018617479130625725,0.012639840133488178,0.00862812902778387,0.010354331694543362,0.012104605324566364,0.009994888678193092,0.009136585518717766,0.010354007594287395,0.008283083327114582,0.006233415100723505,0.0066997576504945755,0.006935031618922949,0.009195834398269653,0.010231247171759605,0.37687137722969055,0.4038545489311218,0.397832989692688,0.44256147742271423,0.4607797861099243,0.4004596471786499,0.3957427144050598,0.3583413362503052,0.34909752011299133,0.35066431760787964,0.36708787083625793,0.34490352869033813,0.3328785300254822,0.3136718273162842,0.2830934226512909,0.3294179439544678,0.36077067255973816,0.32676616311073303,0.3605663478374481,0.3335481584072113,0.3210824131965637,0.30943194031715393,0.3361971080303192,0.3109968900680542,19.107441292360186,17.950351543939078,20.073448929101307,16.724963162363828,20.063573739846575,19.367965699320546,45.03175462038732,4.274536542064511,5.674013364470857,5.934773464167149,3.950414291498497,3.993102203268852,3.487032495846079,4.376153209190507,2813.1803978472194,1356.534771873783,0.11002305523700306,0.10755618033501702,MWalaa,German
-1.0,0.19961819052696228,0.09980025887489319,0.04284282773733139,0.04662664979696274,0.01497992780059576,0.021057624369859695,0.004033092875033617,0.026931028813123703,0.00456198351457715,-0.02249578945338726,-0.008815190754830837,0.02624366618692875,0.0033130289521068335,-0.005084126256406307,0.03422939032316208,-0.022741084918379784,0.0,0.20580048859119415,0.10344158858060837,0.08254824578762054,0.08057704567909241,0.061703406274318695,0.050622858107089996,0.05080591142177582,0.0405573695898056,0.05050186812877655,0.0450814887881279,0.03764905035495758,0.034450192004442215,0.031961582601070404,0.028428759425878525,0.03618296980857849,0.04160628840327263,-8.768727965957623e-10,-1.5052732123876922e-05,2.3662012608838268e-05,-0.00011339392221998423,7.139320950955153e-05,0.00010984477557940409,1.7769944804513216e-07,5.632827742374502e-05,0.00012515968410298228,3.1216652132570744e-05,5.134882030688459e-06,6.557515007443726e-05,2.6144945877604187e-05,-1.6572996173636056e-05,-1.438418166799238e-05,-8.46792318043299e-06,-6.479412695625797e-05,5.824771776019588e-09,0.041992176324129105,0.019966457039117813,0.014371288940310478,0.014289243146777153,0.01209784671664238,0.009652630425989628,0.009740345180034637,0.0075693209655582905,0.008893631398677826,0.007570430636405945,0.006596708204597235,0.006907905917614698,0.005532149691134691,0.00555406603962183,0.007008170243352652,0.007739581633359194,0.4486471116542816,0.44581136107444763,0.48813745379447937,0.4857974052429199,0.528282880783081,0.4651392996311188,0.41098323464393616,0.423784464597702,0.4857550263404846,0.5282778143882751,0.5064792633056641,0.4720762372016907,0.3263300955295563,0.30695757269859314,0.32209184765815735,0.31635165214538574,0.3472171723842621,0.34460973739624023,0.3342154324054718,0.33348533511161804,0.3485398590564728,0.3432409167289734,0.347064346075058,0.3380339741706848,17.751427216094378,15.430927996443643,16.330804899982795,15.786132659559403,17.19100864430049,17.48631294209725,44.519161135668995,3.9706631689968255,5.258515114026952,5.4536250395420245,4.264260381638582,3.337702074380724,2.9436941470418265,4.366137868704115,3059.0346398348165,1690.5719139892751,0.1433545057132964,0.16251987106577268,MWalaa,German
-1.0,0.27279841899871826,0.04207303375005722,0.06309504806995392,0.07999560236930847,0.02287851646542549,0.010212724097073078,-0.016408270224928856,0.0035617442335933447,0.0031444740016013384,0.009940367192029953,-0.006757505238056183,0.02462700381875038,0.027130190283060074,-0.01641102135181427,0.028242383152246475,-0.009003786370158195,0.0,0.1573464572429657,0.07979252934455872,0.07715418934822083,0.06205253675580025,0.041600920259952545,0.036788105964660645,0.05990295112133026,0.036515384912490845,0.03930235281586647,0.04140496626496315,0.033633239567279816,0.028218405321240425,0.028417104855179787,0.035161782056093216,0.029228845611214638,0.034924425184726715,-8.013951169338895e-10,0.00015164987416937947,-4.3527405068743974e-05,-2.791127008094918e-05,3.3803000405896455e-05,2.9117434223735472e-06,5.102745126350783e-05,4.569598604575731e-05,-3.846772960969247e-05,-1.18825446406845e-05,-1.995750244532246e-05,8.236871508415788e-06,4.121216989005916e-05,8.108929250738584e-06,-2.136230432370212e-05,-2.2333422293741023e-06,-7.002484494478267e-07,5.573874695130598e-09,0.032089509069919586,0.016072921454906464,0.013343687169253826,0.01081541832536459,0.008234173059463501,0.006724189035594463,0.010690282098948956,0.006249924190342426,0.007812176365405321,0.008008362725377083,0.005446982104331255,0.005904072429984808,0.005519334692507982,0.007325043436139822,0.006103943567723036,0.006386612541973591,0.3985480070114136,0.40215322375297546,0.36842241883277893,0.38735800981521606,0.40745818614959717,0.41758978366851807,0.376250684261322,0.4271518886089325,0.48743149638175964,0.44883131980895996,0.3987167179584503,0.3763201832771301,0.33109819889068604,0.3347596526145935,0.30805352330207825,0.33178243041038513,0.33696839213371277,0.35544002056121826,0.32392510771751404,0.3413359224796295,0.37766486406326294,0.38111889362335205,0.35557058453559875,0.32676446437835693,16.503843403063318,16.49404557100396,18.753428271222617,16.294720644537904,18.48941160294583,18.307796911341875,43.99557355381878,3.8901172841347504,5.824362790045354,6.155573093194143,4.486258105287312,3.8447512545676337,3.3147341546499502,3.8120374502604375,2213.5090664606455,1182.3634284019909,0.07965412381329114,0.08914654448851546,MWalaa,German
-1.0,0.22303764522075653,0.03458377718925476,0.08313862979412079,0.11162438988685608,0.024935532361268997,-0.011508002877235413,-0.030188679695129395,0.01891329698264599,0.013953424990177155,-0.020995337516069412,-0.02906077168881893,0.039393920451402664,0.02920575998723507,-0.028212081640958786,0.05437813699245453,-0.029077500104904175,0.0,0.1876949667930603,0.11079803854227066,0.09463854134082794,0.06308344751596451,0.05305574834346771,0.05917451158165932,0.07217681407928467,0.05979141592979431,0.03846777603030205,0.058970097452402115,0.03819573298096657,0.049938127398490906,0.037307754158973694,0.047888319939374924,0.04815424233675003,0.053792186081409454,-7.796824852412954e-10,2.8882910555694252e-05,0.00018341053510084748,-0.00017251192184630781,-2.232619772257749e-05,5.392781531554647e-05,3.469967487035319e-05,-4.041266583953984e-05,-3.235304029658437e-05,1.8377884316578275e-06,2.3386244720313698e-05,1.7932148693944328e-05,-8.68810893734917e-05,5.33066013304051e-05,5.295099253999069e-05,-5.948594116489403e-05,-7.24928395356983e-05,5.4993871678732376e-09,0.04168003797531128,0.025017082691192627,0.01831447146832943,0.01351445633918047,0.010634991340339184,0.00971776619553566,0.013787754811346531,0.00978675577789545,0.007477536331862211,0.012307941913604736,0.006718106102198362,0.010399764403700829,0.0070645855739712715,0.009690724313259125,0.009990300983190536,0.01064656674861908,0.38221606612205505,0.4011741280555725,0.3986088037490845,0.39621666073799133,0.38235199451446533,0.32719743251800537,0.3203582763671875,0.36464574933052063,0.3778657913208008,0.3900867998600006,0.3645414113998413,0.3436754047870636,0.32273048162460327,0.3201647102832794,0.3086458742618561,0.33801528811454773,0.34801051020622253,0.3353576958179474,0.317728191614151,0.33294543623924255,0.34899598360061646,0.344223290681839,0.31852397322654724,0.2975325584411621,17.80299516630295,18.32583531182459,20.620734055322018,16.78876831286686,19.728756943011472,20.566863829886955,44.213913654487634,4.282574978527002,5.860819280029766,6.87922611222061,4.075808284936962,3.7924921325109313,3.586822231987608,4.056693560015324,3062.1239086952623,1298.6439995027529,0.13497007774014777,0.1231359944721704,MWalaa,German
-1.0,0.21061505377292633,0.05952610820531845,0.05825115367770195,0.06332371383905411,0.01987231709063053,0.014777257107198238,-0.009111148305237293,-0.0005287594394758344,0.004920701030641794,-0.016816483810544014,-0.027735412120819092,0.033168356865644455,0.016331592574715614,-0.02087797224521637,0.032804638147354126,-0.015562303364276886,0.0,0.211564302444458,0.10099474340677261,0.10211940854787827,0.0924324244260788,0.04995765909552574,0.0597589947283268,0.057311415672302246,0.04527647793292999,0.04375244304537773,0.05398815497756004,0.051709722727537155,0.03914511576294899,0.035437069833278656,0.04328371584415436,0.03920861706137657,0.04654833674430847,-7.210730901263673e-10,0.00010463318903930485,-2.7869278710568324e-05,-0.00010737265984062105,5.6968547141877934e-05,1.677286854828708e-05,3.584077057894319e-05,6.812943320255727e-05,1.3286769899423234e-05,-1.695448736427352e-05,3.237633791286498e-05,3.584614387364127e-05,-3.324673116367194e-06,2.2105023163021542e-05,4.907086622552015e-05,4.6307555749081075e-05,-7.763436769891996e-06,5.292647209387269e-09,0.044085580855607986,0.020686687901616096,0.016971183940768242,0.01653977856040001,0.009977989830076694,0.011533147655427456,0.011167201213538647,0.008769714273512363,0.008460991084575653,0.009216967038810253,0.007830735296010971,0.007946867495775223,0.006897957995533943,0.008315234445035458,0.007388555444777012,0.008044012822210789,0.42985284328460693,0.41881492733955383,0.4122413098812103,0.4462117552757263,0.44225454330444336,0.38425782322883606,0.35868507623672485,0.4256579279899597,0.5108988285064697,0.4785120487213135,0.4187709391117096,0.4051761031150818,0.3310874402523041,0.30665209889411926,0.2942512035369873,0.3144254982471466,0.33317047357559204,0.32972726225852966,0.3165036141872406,0.3317646384239197,0.39015185832977295,0.36739587783813477,0.3418958783149719,0.30781662464141846,17.496298979643953,16.19843821747138,18.497479759455413,15.986673007747227,18.097853108683893,19.63534410938214,45.212354438687235,4.554027647404093,5.713740652399805,6.370748125692129,4.018951253902087,3.783934456680069,3.2887037070818317,4.344504382848067,3128.3068495701245,1410.4897222473462,0.1419652708570615,0.13937973090410055,MWalaa,German
-1.0,0.18793077766895294,0.07731959223747253,0.042098406702280045,0.08172834664583206,0.03242478147149086,0.0017051745671778917,-0.027215231209993362,0.016831105574965477,0.008526395075023174,-0.017154283821582794,-0.020759141072630882,0.038106516003608704,0.01631348580121994,-0.02209760807454586,0.04164191707968712,-0.02495209500193596,0.0,0.23283754289150238,0.1371338665485382,0.07768376171588898,0.07891323417425156,0.05373139679431915,0.062026962637901306,0.0716606006026268,0.04483162984251976,0.0410146601498127,0.05136828124523163,0.03748616576194763,0.03751799091696739,0.035921063274145126,0.03701983019709587,0.0418776236474514,0.04601474106311798,-8.308427279501984e-10,-7.599318632856011e-05,-5.0068440032191575e-05,0.00011898700176971033,5.0657886276894715e-06,-7.578760687465547e-06,-5.498186055774568e-06,-5.5117252486525103e-05,1.948835233633872e-06,1.454158791602822e-05,2.121927718690131e-05,-8.309782970172819e-06,5.939696711720899e-05,1.173903547169175e-05,-7.2615880526427645e-06,-3.7168081234995043e-06,-3.05950379697606e-05,5.673202796430132e-09,0.055186573415994644,0.03287357836961746,0.016681868582963943,0.015331314876675606,0.012467371299862862,0.011464699171483517,0.014164253138005733,0.009669669903814793,0.007438197731971741,0.010028640739619732,0.006702153943479061,0.007445823401212692,0.0072250389494001865,0.007564576808363199,0.008356224745512009,0.009572365321218967,0.47373977303504944,0.4465184509754181,0.44268807768821716,0.5571373701095581,0.5809724926948547,0.3995684087276459,0.286504328250885,0.3006950318813324,0.39079681038856506,0.41541483998298645,0.41546645760536194,0.46957817673683167,0.3154785931110382,0.30682626366615295,0.2813743054866791,0.34385913610458374,0.3340095281600952,0.3104247450828552,0.2836439311504364,0.2695642411708832,0.3300572335720062,0.3389582931995392,0.3320377469062805,0.3172295093536377,17.26895495246057,16.0994408637157,17.918529581183762,15.26530360220381,18.292664801826515,19.642821492588116,44.536832665466704,4.640672130360854,5.730068549914199,5.738367878756919,3.9837244710762696,3.496095763407866,3.6956746712901842,3.6671690527236116,3572.7248643843873,1822.7856357813741,0.19049632956036747,0.1845002004270264,MWalaa,German
-1.0,0.25859349966049194,0.0017013077158480883,0.07931111752986908,0.08895689249038696,0.0018799178069457412,0.015440425835549831,-0.016297567635774612,-0.0009072442771866918,0.001283411169424653,-0.012605600990355015,-0.02635090984404087,0.0455663800239563,0.017434630542993546,-0.024789143353700638,0.04680261388421059,-0.021366048604249954,0.0,0.21542534232139587,0.10993663221597672,0.1002836748957634,0.09133663028478622,0.058540474623441696,0.06677761673927307,0.06496575474739075,0.059582434594631195,0.046259231865406036,0.06303717941045761,0.04491604119539261,0.047019023448228836,0.04452507197856903,0.04120250418782234,0.03677063435316086,0.05622786283493042,-8.648936566935106e-10,0.00013487036630976945,0.00018419265688862652,7.252055365825072e-05,0.00023908508592285216,4.042220825795084e-05,-5.4955147788859904e-05,-6.995806324994192e-05,-4.1304490878246725e-05,4.801772956852801e-05,-0.00017570836644154042,-0.00010264325828757137,6.302967108240409e-07,-8.18241824163124e-05,6.3474062699242495e-06,1.55474990606308e-05,-2.0593415683833882e-05,5.785744328079545e-09,0.04253849387168884,0.02085806615650654,0.018214887008070946,0.01853793114423752,0.011272884905338287,0.013070309534668922,0.011491343379020691,0.01145905815064907,0.008569451980292797,0.012071560136973858,0.008643804118037224,0.00925174169242382,0.008639568462967873,0.007876264862716198,0.007199407555162907,0.011049472726881504,0.3558877408504486,0.3772105276584625,0.3941519856452942,0.4505113363265991,0.47838130593299866,0.42499420046806335,0.3857885003089905,0.3591817319393158,0.32508590817451477,0.4026031792163849,0.39890751242637634,0.36915308237075806,0.3117424547672272,0.31488287448883057,0.31172609329223633,0.33200863003730774,0.35587406158447266,0.37044137716293335,0.35747653245925903,0.3414424657821655,0.3159324824810028,0.3517206311225891,0.31014716625213623,0.30515024065971375,18.554952405829653,17.753285150856335,20.085823547213334,17.075530941389115,18.608288710095202,20.02190794273646,45.28189111415284,4.424851301612389,6.032993810327103,6.314381600632973,4.492471743131521,3.602822721568472,3.415098815507065,3.8920756812254447,2767.196301187889,1197.4030716181674,0.1075379418545082,0.10071543143419234,MWalaa,German
-1.0,0.2540759742259979,0.022994985803961754,0.06772194802761078,0.09036960452795029,0.013237194158136845,0.0010223624994978309,-0.0398259162902832,0.026391003280878067,0.006353882607072592,-0.016667958348989487,-0.005845212377607822,0.045657623559236526,0.009334584698081017,-0.026540620252490044,0.05813027173280716,-0.03970101475715637,0.0,0.2178112119436264,0.12237323075532913,0.09766527265310287,0.085211381316185,0.060317717492580414,0.06084725260734558,0.08047723025083542,0.05882932245731354,0.045693978667259216,0.05874637886881828,0.040034156292676926,0.05003964155912399,0.037245020270347595,0.045056261122226715,0.05380901321768761,0.05895242467522621,-9.80034275954722e-10,0.00012256726040504873,0.0001271935470867902,-1.4661035493190866e-05,-5.1807369345624465e-06,-8.990142669063061e-05,9.91193883237429e-05,-4.3645224650390446e-05,3.594005420382018e-06,-4.1562878323020414e-05,-3.8344020140357316e-05,3.029371509910561e-05,-0.00010889660188695416,1.3409891835181043e-05,-1.0149708941753488e-05,-7.963005191413686e-05,7.849126996006817e-05,6.149666553767474e-09,0.04637032002210617,0.026385731995105743,0.018555622547864914,0.01480855792760849,0.012817787006497383,0.010827782563865185,0.01537872850894928,0.009849467314779758,0.009932131506502628,0.011439311318099499,0.007375443819910288,0.009845005348324776,0.006487961392849684,0.009435301646590233,0.011624817736446857,0.011638130061328411,0.48386135697364807,0.44069552421569824,0.4025302231311798,0.40413686633110046,0.35506948828697205,0.2868443429470062,0.3356225788593292,0.38431480526924133,0.461936891078949,0.45875483751296997,0.40584084391593933,0.43376424908638,0.3261420428752899,0.2959727644920349,0.29789406061172485,0.330883264541626,0.330005019903183,0.2685796320438385,0.3067995607852936,0.3200121521949768,0.3673619031906128,0.3552444577217102,0.30931392312049866,0.313058078289032,16.96732993645594,16.326431870460535,17.769426637456448,15.55705888549337,18.938394494528925,19.49532444245443,44.42994011412402,4.3623959700855295,5.398054564116158,5.46822995349526,3.904241840813863,3.7479238835644146,3.694134153652669,4.104100856471431,2937.005508234937,1312.00109266966,0.12766513883513933,0.11647073745231383,MWalaa,German
-1.0,0.2240040898323059,0.02566332370042801,0.08383973687887192,0.09782060235738754,0.024202333763241768,-0.01708528958261013,-0.041869912296533585,0.024391159415245056,0.007852706126868725,-0.02013946697115898,-0.02089054137468338,0.04231620952486992,0.010192783549427986,-0.02476339042186737,0.05326389521360397,-0.0446169450879097,0.0,0.2305816411972046,0.12270306795835495,0.10407807677984238,0.07022964209318161,0.049361299723386765,0.05714140832424164,0.08455433696508408,0.05918286368250847,0.04629095643758774,0.05902049317955971,0.040174875408411026,0.04373401030898094,0.04083970934152603,0.04198102653026581,0.05691545829176903,0.06455966085195541,-8.5554346940242e-10,6.0403872339520603e-05,0.00017235927225556225,-6.0217735153855756e-05,5.970975962554803e-06,6.218188354978338e-05,5.589421562035568e-05,-1.0452016795170493e-05,-2.4068597213044995e-06,-2.6769607757159974e-06,6.193805893417448e-05,2.818401662807446e-05,-5.6327135098399594e-05,1.4765059859200846e-05,2.1112533431733027e-05,-3.684873809106648e-05,1.778743535396643e-05,5.755079968139398e-09,0.05117211863398552,0.02777571976184845,0.019946973770856857,0.012434650212526321,0.009481317363679409,0.011563263833522797,0.01661909744143486,0.011924054473638535,0.009976143948733807,0.01112251728773117,0.006578655913472176,0.009559759870171547,0.008073603734374046,0.00814424455165863,0.011141352355480194,0.012739553116261959,0.36403486132621765,0.3873482048511505,0.3783418834209442,0.40246713161468506,0.43076905608177185,0.4131636619567871,0.3357868790626526,0.35738053917884827,0.3953729569911957,0.43278786540031433,0.4015815556049347,0.3549477159976959,0.29933252930641174,0.303757905960083,0.31704050302505493,0.314029335975647,0.3307175934314728,0.3632907569408417,0.3221624493598938,0.3264371454715729,0.353167325258255,0.3516606092453003,0.3234008252620697,0.29424020648002625,17.973592952764424,17.630949785863606,19.10761075716868,15.66557955244962,19.255274577491868,19.797843673054004,44.82521723025609,4.557404261828009,5.657293794202476,5.787915415198066,3.5066132975917523,3.4078525115505482,3.4850034408396136,3.7699099097606763,3050.347544613868,1464.5620846671934,0.14390308277027028,0.13588565202036915,MWalaa,German
-1.0,0.23329412937164307,0.03180282562971115,0.07633551955223083,0.09504737704992294,0.019918307662010193,0.0075223976746201515,-0.038434889167547226,0.02294757589697838,0.012819617055356503,-0.016779912635684013,-0.012110517360270023,0.033173441886901855,0.0035308166407048702,-0.01905296929180622,0.05571017786860466,-0.029861701652407646,0.0,0.20683833956718445,0.12176709622144699,0.0919872298836708,0.06188720837235451,0.04840083792805672,0.06281274557113647,0.07501443475484848,0.062319666147232056,0.043298136442899704,0.06172339990735054,0.04073159769177437,0.042916953563690186,0.0340241976082325,0.03917735815048218,0.059014856815338135,0.0620429664850235,-1.008124472789973e-09,0.00022077812172938138,0.000294837896944955,4.587732837535441e-05,-2.5839064619503915e-05,0.00014599533460568637,0.00011264676140854135,8.473492925986648e-06,-8.133755727612879e-06,2.6192919904133305e-05,0.00010001616465160623,6.36575132375583e-05,-0.00014237956202123314,-6.256141932681203e-05,3.6638568417401984e-05,-1.500156031397637e-05,-5.817627879878273e-06,6.234905480795305e-09,0.0457979291677475,0.026877375319600105,0.01640959642827511,0.012299171648919582,0.010216227732598782,0.01152100507169962,0.015622343868017197,0.012135215103626251,0.009024364873766899,0.01151170302182436,0.007567636668682098,0.008949948474764824,0.006391124799847603,0.0076149823144078255,0.013541745021939278,0.01313956081867218,0.4390254318714142,0.44177961349487305,0.40913698077201843,0.4453776776790619,0.4428260028362274,0.386187344789505,0.35904136300086975,0.35593023896217346,0.38915061950683594,0.4463185966014862,0.4371163845062256,0.39128583669662476,0.3593378961086273,0.323144793510437,0.29102644324302673,0.33531734347343445,0.3433046042919159,0.33473140001296997,0.32777169346809387,0.3118717074394226,0.32831844687461853,0.34445902705192566,0.34524375200271606,0.3264992833137512,17.188345852026334,16.84991574102225,19.35687516384398,16.198875552991165,19.207025252688926,19.562866154679067,44.906978907601975,4.228783641879946,5.717323188721792,6.75331706305394,4.5514802030718515,3.567657456974291,3.655853230510792,4.407185484254387,3056.4906594747717,1504.6704590923302,0.1396904234673567,0.13272453896514197,MWalaa,German
-1.0,0.23039394617080688,0.0470564104616642,0.061774805188179016,0.09792076796293259,0.04055283963680267,-0.0049473075196146965,-0.03849731385707855,0.025272365659475327,0.008673923090100288,-0.0198421198874712,-0.012684586457908154,0.03842487931251526,-0.0027703179512172937,-0.016177136451005936,0.04669312387704849,-0.04018041118979454,0.0,0.17394328117370605,0.12014780938625336,0.0824262723326683,0.0698041319847107,0.04179568961262703,0.06068135052919388,0.07200909405946732,0.05455166473984718,0.03779143840074539,0.04649142920970917,0.043971672654151917,0.03970000892877579,0.023030076175928116,0.03657061606645584,0.04754234477877617,0.06002463027834892,-1.1900416208021625e-09,5.2646446420112625e-05,-0.000503803021274507,0.00040124476072378457,7.40977848181501e-05,-0.00019527837866917253,-0.00010498075425857678,0.00019942077051382512,1.8739023289526813e-05,-9.478191350353882e-05,-1.794809941202402e-05,-0.00014948411262594163,9.241097723133862e-05,2.1122745238244534e-05,-4.830411489820108e-05,2.6432362574269064e-05,-3.267813372076489e-05,6.758138049178797e-09,0.037008970975875854,0.024960484355688095,0.015386749990284443,0.01400151289999485,0.008106762543320656,0.010907573625445366,0.013539357110857964,0.011126002296805382,0.007447595242410898,0.008565950207412243,0.008443952538073063,0.007967974059283733,0.004393357317894697,0.007285100873559713,0.008880209177732468,0.012302192859351635,0.4342819154262543,0.36778247356414795,0.42529869079589844,0.4611942172050476,0.3931960165500641,0.3320019543170929,0.376252681016922,0.40386876463890076,0.4125138223171234,0.42132487893104553,0.4539448618888855,0.5166962146759033,0.30038145184516907,0.2710897624492645,0.32975488901138306,0.3515799641609192,0.34311363101005554,0.30454879999160767,0.30369991064071655,0.3174900710582733,0.31082814931869507,0.2981337606906891,0.2969125509262085,0.3346085250377655,17.01922973790759,16.515925878654052,19.463132350095005,15.897021158432377,19.31467146324071,19.241116139860104,44.676604715123396,4.3451520454132115,5.125560363008325,5.837566952732808,4.106990253968348,4.122269987989967,3.668531152244524,4.255318311061963,3043.135962689852,1405.1331284337368,0.1354007577537594,0.13337883021366098,MWalaa,German
-1.0,0.2331240475177765,0.059574030339717865,0.03129957988858223,0.074917733669281,0.03568539023399353,-0.021573226898908615,-0.019576093181967735,0.02432086132466793,-0.000704746344126761,-0.02113167941570282,-0.0026174720842391253,0.034064918756484985,0.007545210886746645,-0.0226743184030056,0.04627982899546623,-0.04752520099282265,0.0,0.23343311250209808,0.14636243879795074,0.10992741584777832,0.10115395486354828,0.06332963705062866,0.07379793375730515,0.07034965604543686,0.05153219401836395,0.048112817108631134,0.055712971836328506,0.044828809797763824,0.04455164447426796,0.030008628964424133,0.0441213995218277,0.04727583006024361,0.060422901064157486,-8.768727965957623e-10,-0.00018204431398771703,-0.0002908686874434352,-9.048451465787366e-05,0.000373969494830817,0.0002912189229391515,-0.00017784672672860324,-0.00015375911607407033,0.00010619695240166038,-7.781774183968082e-05,-7.51210463931784e-05,0.00014913322229404002,-7.293427916010842e-05,-6.662128726020455e-05,2.5123186787823215e-05,4.833734237763565e-06,6.630368443438783e-05,5.824771776019588e-09,0.04961434751749039,0.030802663415670395,0.02411821484565735,0.020586732774972916,0.014152701012790203,0.014616217464208603,0.01266359630972147,0.009782561101019382,0.009560370817780495,0.011792642995715141,0.00867942813783884,0.007228715345263481,0.0059718843549489975,0.008289114572107792,0.009132975712418556,0.012022582814097404,0.5107181072235107,0.5219323635101318,0.4556088149547577,0.4611569941043854,0.4858088493347168,0.4141885042190552,0.3684605658054352,0.37209436297416687,0.4127695560455322,0.4624544680118561,0.45225295424461365,0.44562405347824097,0.34378740191459656,0.3176442086696625,0.296612411737442,0.31518280506134033,0.36000826954841614,0.3422873020172119,0.31915608048439026,0.3007887303829193,0.306967556476593,0.3176191747188568,0.3196144104003906,0.2971267104148865,17.108071780698104,15.894716331307771,17.49999160617555,15.528196754288128,18.91199233787829,19.089614575061027,43.99328121733329,4.547661660164358,5.582605598271877,5.63815441764038,4.198986608875643,3.5150840698913712,3.1506341812990937,4.076331344913956,3258.8408743887585,1671.5638840752688,0.15543980479570638,0.15577935236171436,MWalaa,German
-1.0,0.19855625927448273,0.05497860163450241,0.03731342405080795,0.08038242906332016,0.03243415802717209,-0.002661834703758359,-0.014927924610674381,0.02144826017320156,-0.003010986838489771,-0.013365310616791248,-0.002054981654509902,0.027320537716150284,0.017621532082557678,-0.03129563108086586,0.051411405205726624,-0.030686447396874428,0.0,0.2539239823818207,0.1274251788854599,0.13370057940483093,0.094070203602314,0.05761029198765755,0.070273756980896,0.059233322739601135,0.04370728135108948,0.05022444576025009,0.06505626440048218,0.04593095928430557,0.03310950845479965,0.035536833107471466,0.05526677891612053,0.05693119391798973,0.06401190161705017,-9.175393778093621e-10,-3.4799653803929687e-05,2.856782521121204e-05,-7.476057362509891e-05,-4.784276825375855e-05,-9.391424100613222e-06,-6.639806088060141e-06,-3.901489617419429e-05,1.7597982150618918e-05,1.7873651813715696e-05,4.712900408776477e-05,6.983935600146651e-05,1.3118442439008504e-05,-1.6261032214970328e-05,1.2675100151682273e-05,-4.386950422485825e-06,5.545091880776454e-06,5.95517635204601e-09,0.051972296088933945,0.02706623077392578,0.02480267733335495,0.018054289743304253,0.012023805640637875,0.013907404616475105,0.011747099459171295,0.00916806049644947,0.010095929726958275,0.01174907200038433,0.008348907344043255,0.006391814909875393,0.007378589827567339,0.0105028310790658,0.01020303089171648,0.012407783418893814,0.40325653553009033,0.4031778573989868,0.43318066000938416,0.48643308877944946,0.4805327355861664,0.3556700646877289,0.34304624795913696,0.3868633210659027,0.42717427015304565,0.4405454397201538,0.38610491156578064,0.37038689851760864,0.33435335755348206,0.3124922215938568,0.3203567862510681,0.32449764013290405,0.34767478704452515,0.3142339885234833,0.33150020241737366,0.33745914697647095,0.3566111922264099,0.3521459400653839,0.317049503326416,0.3040919005870819,16.99525161108202,17.46550270632555,18.638626931100553,16.15904110278704,18.101915504052112,18.083417530078826,45.102669709734236,5.032461716836865,5.7903142892070765,6.495728174255223,3.992458943408751,3.406697488220398,2.828635920434406,3.659773735715258,3352.162917828018,1689.262766522275,0.1623259171195652,0.16896245311216895,MWalaa,German
-1.0,0.2876156270503998,0.02905241586267948,0.06099063158035278,0.10169608891010284,0.0227198526263237,-0.014165823347866535,-0.04241197928786278,0.035123638808727264,0.005341460928320885,-0.02438180148601532,0.0025676004588603973,0.059002138674259186,-0.0009041176526807249,-0.02071106620132923,0.054664600640535355,-0.05103475973010063,0.0,0.18344350159168243,0.10749415308237076,0.07640669494867325,0.08746374398469925,0.05621828883886337,0.0560007281601429,0.07216982543468475,0.0443863570690155,0.03997379541397095,0.05727740004658699,0.03754166513681412,0.046926356852054596,0.036874182522296906,0.04096660017967224,0.05268349125981331,0.06134984269738197,-1.0803791195002077e-09,8.320493361679837e-05,-1.0290142199664842e-05,-4.0452025132253766e-05,-1.924767275340855e-05,-4.869173062616028e-05,-5.4610860388493165e-05,-2.0121220586588606e-05,5.678295929101296e-05,5.939566108281724e-05,7.057983020786196e-05,5.9005775256082416e-05,1.7864140318124555e-05,4.77651265100576e-05,4.139156226301566e-05,1.1928951607842464e-05,1.935508225869853e-05,6.448424016980425e-09,0.04037294164299965,0.025175943970680237,0.0147241884842515,0.01558609027415514,0.011011858470737934,0.01067146472632885,0.014858373440802097,0.008121614344418049,0.006762355100363493,0.010759036056697369,0.00629506167024374,0.009245113469660282,0.007011600770056248,0.007767550181597471,0.01168315764516592,0.013082635588943958,0.44667479395866394,0.43698665499687195,0.41729751229286194,0.37157654762268066,0.4355647563934326,0.4756442606449127,0.3301030993461609,0.2801526188850403,0.31200337409973145,0.41291138529777527,0.4578922986984253,0.45839887857437134,0.29595354199409485,0.29658475518226624,0.3223869800567627,0.3090484142303467,0.3429834246635437,0.37394779920578003,0.293377548456192,0.2940044701099396,0.285599946975708,0.3278263807296753,0.32499930262565613,0.3285021483898163,17.5261718138756,16.590781101761632,18.68858543907075,16.20389783857913,20.3322792986878,20.110991004664317,43.87497540819983,4.272082732550612,4.9561726825481545,5.733982382064938,4.516306016196218,4.314323320792344,3.9526341665849927,4.006315646378659,2668.836399655639,1366.4430861382853,0.11480442086177474,0.10642623338742305,MWalaa,German
-1.0,0.2860036790370941,0.029203973710536957,0.04777350649237633,0.06034008786082268,0.009652153588831425,0.021518226712942123,-0.018202567473053932,0.011391999199986458,0.005247439257800579,-0.026119394227862358,-0.006209920160472393,0.032290417701005936,0.009712585248053074,-0.0333455465734005,0.05249397084116936,-0.029315529391169548,0.0,0.18755465745925903,0.0962570309638977,0.09979964792728424,0.10027901828289032,0.047188498079776764,0.05764161795377731,0.0588112510740757,0.038290638476610184,0.040939804166555405,0.05225806683301926,0.05019946023821831,0.036353759467601776,0.030677348375320435,0.05093555152416229,0.04976961016654968,0.05394933000206947,-9.28302268388137e-10,0.0002914088254328817,0.00017495885549578816,4.435778464539908e-05,-7.197691593319178e-05,-0.00012746169522870332,-1.802227779990062e-05,-8.824469659884926e-06,-5.089187834528275e-05,7.0769592639408074e-06,-5.988615157548338e-05,-0.00011626399646047503,4.0729362808633596e-05,7.320878125938179e-07,-7.911615284683648e-06,0.00013763466267846525,1.4984854715294205e-05,5.989168716524773e-09,0.037229131907224655,0.02027256041765213,0.017934836447238922,0.01847587712109089,0.010066449642181396,0.010607227683067322,0.009778722189366817,0.008111551403999329,0.007539297919720411,0.009473136626183987,0.008853300474584103,0.006723593454807997,0.006115640047937632,0.009205730631947517,0.009966723620891571,0.009601661004126072,0.45205697417259216,0.5115765929222107,0.47209596633911133,0.44572508335113525,0.4124545156955719,0.34414705634117126,0.3224737346172333,0.3455566465854645,0.390742689371109,0.4341602623462677,0.43357110023498535,0.41005852818489075,0.3238048851490021,0.3294028639793396,0.3055730164051056,0.33271509408950806,0.3510490655899048,0.33105573058128357,0.3323424160480499,0.3256666958332062,0.35058993101119995,0.3688962459564209,0.3281095325946808,0.3045364320278168,17.21296863814112,16.482905840710874,18.468195967862407,15.979187467370963,18.36335147670634,19.877412832179964,45.308199864798624,4.559906656903926,5.646750130139961,6.193273927551951,4.406032767769695,3.3400192879123645,4.229212690336706,4.339754383156892,2610.794559180403,1198.40073807775,0.10482868630865103,0.1061257568560832,MWalaa,German
-1.0,0.24190467596054077,0.038541264832019806,0.06031109765172005,0.09361206740140915,0.030861079692840576,-0.03412800654768944,-0.050554417073726654,0.03995239734649658,-0.005130633246153593,-0.03386295586824417,0.0025311384815722704,0.040181756019592285,0.00157271814532578,-0.016195086762309074,0.05486508458852768,-0.06257178634405136,0.0,0.21126140654087067,0.1383911371231079,0.09693077951669693,0.08215270191431046,0.05776060372591019,0.07337121665477753,0.07669045776128769,0.054473020136356354,0.04463242366909981,0.05518849939107895,0.03829279914498329,0.043796803802251816,0.03723853453993797,0.038395047187805176,0.05064905062317848,0.061798326671123505,-8.967452891361916e-10,8.375581819564104e-05,-1.6346340999007225e-05,-0.00019115906616207212,0.00013007847883272916,-5.1787741540465504e-05,-7.199226092780009e-05,5.14779458171688e-05,2.2925300072529353e-05,2.26970441872254e-05,-1.0919427495537093e-06,8.427942520938814e-05,1.2609854820766486e-05,-2.5723420549184084e-05,0.0001498991623520851,-1.0787839528347831e-05,-3.272933099651709e-05,5.888892928851419e-09,0.04579778388142586,0.033270213752985,0.021283598616719246,0.015758953988552094,0.01217689085751772,0.014236780814826488,0.016102951020002365,0.011090985499322414,0.008405689150094986,0.0108681321144104,0.007696039974689484,0.008715251460671425,0.007372910622507334,0.00719543406739831,0.010951018892228603,0.01315399818122387,0.47817862033843994,0.4443914294242859,0.44038939476013184,0.44007545709609985,0.3453250825405121,0.26329636573791504,0.22281700372695923,0.2723880708217621,0.3581627309322357,0.4146445095539093,0.43591204285621643,0.4362550973892212,0.32079795002937317,0.31377094984054565,0.32751911878585815,0.34274110198020935,0.31294485926628113,0.2892676591873169,0.2583312690258026,0.2809429466724396,0.3204130530357361,0.3109871745109558,0.33093348145484924,0.2996348440647125,17.0217676188476,17.736554573370658,19.983501977224016,16.228008476599747,20.178565029623197,20.085664394211538,43.56134286021994,4.242317646391287,5.801626997152352,6.283387604329986,4.03176731824727,3.973149628340187,3.903374361572054,3.6232106065502823,3112.565816184124,1498.5753073024484,0.14410659746813032,0.13644006068947678,MWalaa,German
-1.0,0.17407695949077606,0.07924234122037888,0.08715841919183731,0.11279575526714325,0.01676069013774395,-0.012259455397725105,-0.022716959938406944,0.025724466890096664,0.01042315922677517,-0.04067675396800041,-0.02520696632564068,0.04271933436393738,0.009871026501059532,-0.028698915615677834,0.03672665357589722,-0.0212568212300539,0.0,0.24837704002857208,0.1336921602487564,0.10552654415369034,0.08201894164085388,0.05661240592598915,0.06509062647819519,0.08288242667913437,0.044746700674295425,0.048388656228780746,0.06126722693443298,0.03992456570267677,0.043392401188611984,0.03558792918920517,0.04133141413331032,0.047345515340566635,0.046616051346063614,-9.36541622031939e-10,-0.0003273604379501194,0.00015695013280492276,-0.0005500944680534303,-0.00025329721393063664,0.00012601458001881838,0.0001852827554102987,2.0341678464319557e-05,0.00015599510516040027,0.00024239513732027262,0.0003939435991924256,0.00020586619211826473,-4.499131136981305e-06,0.00020311790285632014,0.0001015668676700443,-9.860058344202116e-05,-5.912921915296465e-05,6.0150480152287855e-09,0.05302083119750023,0.027140773832798004,0.019865907728672028,0.015461768954992294,0.012174337171018124,0.013666653074324131,0.01625070348381996,0.009467468596994877,0.010041235014796257,0.011559494771063328,0.006928491406142712,0.009020964615046978,0.007090054452419281,0.0075872233137488365,0.00975026749074459,0.009071176871657372,0.37915530800819397,0.32360026240348816,0.30728110671043396,0.3910289406776428,0.4218491315841675,0.3699195086956024,0.3268246054649353,0.3656851649284363,0.47319599986076355,0.4560166299343109,0.41707172989845276,0.41898372769355774,0.3095821440219879,0.276784747838974,0.258352667093277,0.33154118061065674,0.3326443135738373,0.3489774167537689,0.30980703234672546,0.2923719584941864,0.35940760374069214,0.3306582272052765,0.32792165875434875,0.33199673891067505,17.56917777261079,17.309377608182192,18.368028433683225,15.587998230978432,19.363751350073514,19.848906065125114,45.15002982627615,4.661842603670358,5.432260273907927,5.883736330845649,3.8002188882322345,3.819980295103534,3.4939782673923476,3.9614973173716574,3543.3868671231626,1814.711586403784,0.1799417529585799,0.16355099184141508,MWalaa,German
-1.0,0.23457291722297668,0.028079446405172348,0.05880971997976303,0.07930796593427658,0.021015949547290802,-0.016300920397043228,-0.035976022481918335,0.038124628365039825,-0.0009067796054296196,-0.046271782368421555,-0.018588189035654068,0.03498385101556778,0.00815690029412508,-0.0276948232203722,0.04007994756102562,-0.04400013014674187,0.0,0.20313343405723572,0.13512806594371796,0.11158427596092224,0.07454119622707367,0.05322824791073799,0.08275879174470901,0.0713329091668129,0.06814948469400406,0.04488001763820648,0.05580802634358406,0.040065422654151917,0.04442058876156807,0.043342042714357376,0.04374144598841667,0.04358433932065964,0.061036281287670135,-9.148874990927425e-10,0.00032942730467766523,3.432618177612312e-05,5.6867309467634186e-05,0.00014130545605439693,-9.24148116610013e-06,4.447835817700252e-05,-7.108017598511651e-05,-8.252519182860851e-05,-1.0082304470415693e-05,-7.793277472956106e-05,-7.658526010345668e-05,-7.458390609826893e-05,-3.0697887268615887e-05,-7.013959111645818e-05,-3.7714258382948174e-07,-5.409439108916558e-05,5.946768411035919e-09,0.039369940757751465,0.02609463781118393,0.021586373448371887,0.015199209563434124,0.01162793766707182,0.015036750584840775,0.013336940668523312,0.012625833973288536,0.00871848501265049,0.011266197077929974,0.007255141157656908,0.00888176541775465,0.008402016945183277,0.008804595097899437,0.008973549120128155,0.011840617284178734,0.37311840057373047,0.3964608311653137,0.41302940249443054,0.45406582951545715,0.457417756319046,0.37687307596206665,0.30781254172325134,0.3081910312175751,0.302898108959198,0.3347843885421753,0.3415200412273407,0.3456971347332001,0.29884105920791626,0.29658272862434387,0.3191736936569214,0.3392679989337921,0.3378579914569855,0.33970552682876587,0.3115784823894501,0.3239869475364685,0.2982669770717621,0.30730658769607544,0.3111177980899811,0.29370570182800293,18.118255534545256,17.99863344547625,19.71833914415767,16.904024771599776,19.579914555584295,19.429576190365704,45.000187080389196,4.3793742827307724,6.21246351979903,5.906378008893104,4.042168073956975,4.043106837402625,3.442728755121015,4.048539787680683,3238.4815347040517,1449.0994619855317,0.15444505283598267,0.13334864843070918,MWalaa,German
-1.0,0.20931173861026764,0.041030943393707275,0.06339503824710846,0.09396427869796753,0.016969090327620506,-0.024544214829802513,-0.029790256172418594,0.024242570623755455,-0.004659032914787531,-0.02987184002995491,-0.011235627345740795,0.033283673226833344,0.015294383279979229,-0.023631414398550987,0.050533048808574677,-0.03794211149215698,0.0,0.18398891389369965,0.11838587373495102,0.10557743161916733,0.07932168990373611,0.05535980314016342,0.06380022317171097,0.08599060028791428,0.061070967465639114,0.0484752357006073,0.056580800563097,0.04265045374631882,0.04213706776499748,0.04114283621311188,0.04235308617353439,0.04730946570634842,0.059576790779829025,-7.993714024046028e-10,0.00010520098294364288,0.00010517048940528184,-8.424243424087763e-05,-3.417360130697489e-05,1.2220570170029532e-05,5.247762965154834e-05,5.0217269745189697e-05,1.2713879186776467e-05,-2.641877108544577e-05,4.1620180127210915e-05,1.4715879842697177e-05,-6.975721044000238e-05,-1.988399526453577e-05,-1.7666778148850426e-05,-3.0224966394598596e-05,-5.90788695262745e-05,5.566977989701627e-09,0.04061160236597061,0.023968735709786415,0.020107451826334,0.015248307026922703,0.010108807124197483,0.010287563316524029,0.014480522833764553,0.01123376190662384,0.007502658758312464,0.010405709967017174,0.007197441533207893,0.008000420406460762,0.00795427430421114,0.008167530409991741,0.009070639498531818,0.010787409730255604,0.3852209150791168,0.41918841004371643,0.4152117967605591,0.4565989077091217,0.4178185760974884,0.36656153202056885,0.3826705813407898,0.4121316075325012,0.4258003234863281,0.43259379267692566,0.4210644066333771,0.3962693214416504,0.2953810691833496,0.29819434881210327,0.31715986132621765,0.33989372849464417,0.3408950865268707,0.3372547924518585,0.3496919870376587,0.3427296280860901,0.3484557867050171,0.3430541157722473,0.33096417784690857,0.30354413390159607,18.021803229117985,17.127348930561798,18.833841332903386,15.718820786915273,19.472958677222465,19.388961050386143,44.67789521370591,4.356034879793492,6.025943474825483,6.273165254837754,4.2045212196719115,3.9718080464260512,3.8765090714427406,3.9842139172415663,3166.831847989876,1386.6367926102673,0.1349209872159091,0.12447589254514893,MWalaa,German
-1.0,0.23517417907714844,0.05389946326613426,0.06912988424301147,0.0681954026222229,0.015676310285925865,0.01072528213262558,-0.008449019864201546,0.021192459389567375,0.00258205970749259,-0.020571354776620865,-0.0051681846380233765,0.040672920644283295,0.01213625818490982,-0.02783738635480404,0.04895427078008652,-0.02656175196170807,0.0,0.20361030101776123,0.11658929288387299,0.08796234428882599,0.078160360455513,0.05548369884490967,0.06786463409662247,0.058962371200323105,0.04614095017313957,0.04704565927386284,0.049182116985321045,0.03350764513015747,0.04144973307847977,0.035076674073934555,0.04557821899652481,0.044088803231716156,0.05489065870642662,-9.421162738831868e-10,6.861727160867304e-05,8.756677743804175e-06,3.609036866691895e-05,-1.1122663636342622e-05,2.3991478883544914e-06,7.39467068342492e-05,-3.809973713941872e-05,-6.018191561452113e-05,-9.049462050825241e-07,-1.2936070561408997e-06,9.959131602954585e-06,1.622676609258633e-05,-3.399427077965811e-05,-6.107569060986862e-05,4.015684316982515e-05,-2.8798944185837172e-05,6.032487842588807e-09,0.045582011342048645,0.02529282309114933,0.014931581914424896,0.014254518784582615,0.010914506390690804,0.01151241548359394,0.011041858233511448,0.009505003690719604,0.00816537905484438,0.008032633922994137,0.006715393625199795,0.008074268698692322,0.006812977604568005,0.008970536291599274,0.009228533133864403,0.011253966018557549,0.43946775794029236,0.45909813046455383,0.4433603286743164,0.4696637690067291,0.4344991445541382,0.4008631408214569,0.3963667154312134,0.4133647382259369,0.4039963185787201,0.4139047861099243,0.39063745737075806,0.39068567752838135,0.3279486894607544,0.3111713230609894,0.2971051335334778,0.35119378566741943,0.34117743372917175,0.34932130575180054,0.3392711579799652,0.35171476006507874,0.34884583950042725,0.3537020683288574,0.3284667730331421,0.31404632329940796,17.68952106932633,16.689003780372747,18.001394071226134,15.653027252655718,18.321581303445285,19.312577661818125,45.49080371139287,4.199807748093241,6.064741794770925,6.194252718244483,4.4018798588317285,3.469997196011466,3.401688158375628,4.791216473321563,3002.492172457919,1491.9121717522125,0.13170950753348215,0.13559359165976093,MWalaa,German
-1.0,0.2629362642765045,0.05302363261580467,0.056323494762182236,0.07830183207988739,0.021420596167445183,0.022336380556225777,-0.03217405080795288,0.02920747920870781,0.008692004717886448,-0.02473744936287403,0.009404033422470093,0.045321106910705566,0.0016931535210460424,-0.021630361676216125,0.06748791038990021,-0.03856189548969269,0.0,0.22497989237308502,0.12274859100580215,0.1043485626578331,0.07194340229034424,0.05698070675134659,0.060171857476234436,0.06603845953941345,0.06352019309997559,0.04830947145819664,0.05281662195920944,0.04089564457535744,0.04409335181117058,0.03361035883426666,0.04355614259839058,0.06129281595349312,0.06235359609127045,-1.0344806122830619e-09,-0.00023499537201132625,9.055795817403123e-05,0.00013247443712316453,3.66480671800673e-05,7.680776616325602e-05,-8.170753426384181e-05,-4.665453889174387e-05,6.898916035424918e-05,6.248777935979888e-05,0.00011479832755867392,0.00011417915084166452,-1.9287088434793986e-05,8.002001413842663e-05,1.670728852332104e-05,-2.481376941432245e-05,6.849477358628064e-05,6.313722877848704e-09,0.05017048493027687,0.026766078546643257,0.018350431695580482,0.012386680580675602,0.012299747206270695,0.011375121772289276,0.012448583729565144,0.013094873167574406,0.009470537304878235,0.009898912161588669,0.007407318335026503,0.008603253401815891,0.006637349724769592,0.008243964053690434,0.011819924227893353,0.012263527140021324,0.5259106755256653,0.5275753140449524,0.3945625126361847,0.3641716241836548,0.3743899166584015,0.33244144916534424,0.2732451260089874,0.30636316537857056,0.4334632456302643,0.48578792810440063,0.46521350741386414,0.4665525257587433,0.31096112728118896,0.31113123893737793,0.2570725083351135,0.28813058137893677,0.29868635535240173,0.2824382483959198,0.25928235054016113,0.24952466785907745,0.32001787424087524,0.3463934063911438,0.34385377168655396,0.3240302801132202,17.631144439934612,16.095190431307223,18.272918489048184,16.012794155512356,18.77825203735891,19.6918775595554,44.897967732711315,4.763958358991064,5.230886339231721,5.840545223748462,4.068889270410796,3.7323216577317573,3.6970577259689845,4.322560620131699,2958.255280187524,1542.3244585696164,0.13555070465686275,0.1385018098635799,MWalaa,German
-1.0,0.22182364761829376,0.046878524124622345,0.07339666783809662,0.08414606004953384,0.014901011250913143,-0.0018734780605882406,-0.02214077115058899,0.025925813242793083,0.005233066156506538,-0.0350581519305706,-0.0008534224471077323,0.03312627971172333,0.0007281551952473819,-0.01749354414641857,0.049059029668569565,-0.037864457815885544,0.0,0.2384311854839325,0.11025617271661758,0.1081908717751503,0.08032263815402985,0.05907284468412399,0.064595066010952,0.06688686460256577,0.06667736172676086,0.0495978519320488,0.057565294206142426,0.04368762671947479,0.03979377821087837,0.03839794173836708,0.04235641658306122,0.04335891082882881,0.06840461492538452,-7.430776549632867e-10,-0.0007928331615403295,-2.9156290111131966e-05,8.426332351518795e-05,0.00041406668606214225,0.00037745400913991034,-5.906832666369155e-05,-3.3952259400393814e-05,6.202422810019925e-05,0.00020271367975510657,0.00015486437769141048,0.00011493755300762132,-0.0002667290100362152,-2.326113281014841e-05,-7.486565664294176e-06,-0.00017095956718549132,0.000253642734605819,5.371274092169642e-09,0.04592348635196686,0.02200452983379364,0.02038845792412758,0.014564868994057178,0.011784600093960762,0.01126735657453537,0.011407478712499142,0.011992199346423149,0.009502522647380829,0.01108423713594675,0.007271860726177692,0.008371603675186634,0.00713611813262105,0.007892677560448647,0.008862383663654327,0.011628977954387665,0.3567477762699127,0.37521272897720337,0.35319286584854126,0.3928377628326416,0.43339598178863525,0.40664902329444885,0.3568449914455414,0.3900146484375,0.4404488503932953,0.4698527157306671,0.40326812863349915,0.34053871035575867,0.2826738953590393,0.3102923035621643,0.29220283031463623,0.32117703557014465,0.3427834212779999,0.37626519799232483,0.3487202227115631,0.338372141122818,0.35869476199150085,0.3615925908088684,0.2943304181098938,0.26342326402664185,18.29859190763281,17.223771629282695,18.3722380749614,15.732036174050661,19.392303505503516,19.594188415298184,44.49124947831496,4.652718263968298,5.703446959684882,6.0862225167994985,4.504682053337692,3.735254602656952,3.6018189002537437,3.792102510645248,3014.5435648025627,1560.1167331425152,0.14057915199530516,0.15400588698323478,MWalaa,German
